Created by PLY version 3.11 (http://www.dabeaz.com/ply)

Unused terminals:

    ARRAY
    HASH
    Uminus

Grammar

Rule 0     S' -> program
Rule 1     program -> statements
Rule 2     statement -> expression optional_semicolon
Rule 3     statement -> assign_stmt
Rule 4     statement -> statement_index_assign
Rule 5     statement -> disp_stmt
Rule 6     statement -> entry_stmt
Rule 7     statement -> If_Else_stmt
Rule 8     statement -> while_stmt
Rule 9     statement -> block
Rule 10    statement -> function_stmt
Rule 11    statement -> for_stmt
Rule 12    statement -> continue_stmt
Rule 13    statement -> break_stmt
Rule 14    statement -> return_stmt
Rule 15    statement -> call_stmt
Rule 16    statement -> try_ok_stmt
Rule 17    statement -> throw_stmt
Rule 18    statement -> assert_stmt
Rule 19    statement -> assert_eq_stmt
Rule 20    statement -> attempt_stmt
Rule 21    statements -> statement
Rule 22    statements -> statements statement
Rule 23    statement -> empty
Rule 24    disp_stmt -> DISP LPAREN expression RPAREN optional_semicolon
Rule 25    entry_stmt -> ENTRY LPAREN expression RPAREN optional_semicolon
Rule 26    entry_stmt -> ENTRY optional_semicolon
Rule 27    expression -> variable
Rule 28    expression -> bin_ops
Rule 29    expression -> LPAREN expression RPAREN
Rule 30    variable -> INT
Rule 31    variable -> STR
Rule 32    variable -> BOOL
Rule 33    variable -> ID
Rule 34    variable -> FLOAT
Rule 35    block -> LBRACE statements RBRACE
Rule 36    If_Else_stmt -> IF expression block
Rule 37    If_Else_stmt -> IF expression block ELSE block
Rule 38    while_stmt -> WHILE expression block
Rule 39    for_stmt -> FOR LPAREN statement expression SEMICOLON statement RPAREN block
Rule 40    for_stmt -> FOR expression block
Rule 41    continue_stmt -> CONT optional_semicolon
Rule 42    break_stmt -> BREAK optional_semicolon
Rule 43    return_stmt -> RETURN expression optional_semicolon
Rule 44    return_stmt -> RETURN optional_semicolon
Rule 45    expression -> NOT expression
Rule 46    expression -> SUB expression
Rule 47    param -> ID COLON type ASSIGN expression
Rule 48    param -> ID COLON type
Rule 49    param -> ID ASSIGN expression
Rule 50    param -> ID
Rule 51    params -> param
Rule 52    params -> params COMMA param
Rule 53    param_list -> LBRACKET params RBRACKET
Rule 54    param_list -> LBRACKET empty RBRACKET
Rule 55    function_stmt -> FUNCTION ID COLON type param_list COLON block
Rule 56    function_stmt -> FUNCTION ID param_list COLON block
Rule 57    args -> expression
Rule 58    args -> args COMMA expression
Rule 59    arg_list -> args
Rule 60    arg_list -> empty
Rule 61    call_stmt -> ID LPAREN arg_list RPAREN
Rule 62    expression -> call_stmt
Rule 63    bin_ops -> expression ADD expression
Rule 64    bin_ops -> expression SUB expression
Rule 65    bin_ops -> expression MUL expression
Rule 66    bin_ops -> expression DIV expression
Rule 67    bin_ops -> expression MOD expression
Rule 68    bin_ops -> expression POW expression
Rule 69    bin_ops -> expression GT expression
Rule 70    bin_ops -> expression LT expression
Rule 71    bin_ops -> expression GE expression
Rule 72    bin_ops -> expression LE expression
Rule 73    bin_ops -> expression EQ expression
Rule 74    bin_ops -> expression NE expression
Rule 75    bin_ops -> expression AND expression
Rule 76    bin_ops -> expression OR expression
Rule 77    type -> INT_TYPE
Rule 78    type -> STR_TYPE
Rule 79    type -> BOOL_TYPE
Rule 80    type -> FLOAT_TYPE
Rule 81    type -> VOID_TYPE
Rule 82    type -> type_array
Rule 83    type -> type_hash
Rule 84    type_array -> type ARRAY_TYPE LBRACKET INT RBRACKET
Rule 85    type_array -> type ARRAY_TYPE
Rule 86    type_hash -> HASH_TYPE LBRACKET type COMMA type RBRACKET
Rule 87    type_hash -> HASH_TYPE
Rule 88    assign_stmt -> LET ID COLON type ASSIGN expression optional_semicolon
Rule 89    assign_stmt -> LET ID ASSIGN expression optional_semicolon
Rule 90    assign_stmt -> ID ASSIGN expression optional_semicolon
Rule 91    expression -> LBRACKET args RBRACKET
Rule 92    expression -> LBRACKET empty RBRACKET
Rule 93    expression -> expression LBRACKET expression RBRACKET
Rule 94    statement_index_assign -> expression LBRACKET expression RBRACKET ASSIGN expression optional_semicolon
Rule 95    expression -> expression DOT ID LPAREN arg_list RPAREN
Rule 96    expression -> LBRACE hash_elements RBRACE
Rule 97    expression -> LBRACE empty RBRACE
Rule 98    hash_element -> expression COLON expression
Rule 99    hash_elements -> hash_element
Rule 100   hash_elements -> hash_elements COMMA hash_element
Rule 101   throw_stmt -> THROW expression optional_semicolon
Rule 102   try_ok_stmt -> TRY COLON block OK_CHECK LBRACKET ID COMMA ID RBRACKET COLON block
Rule 103   try_ok_stmt -> TRY COLON block OK_CHECK LBRACKET ID RBRACKET COLON block
Rule 104   try_ok_stmt -> TRY COLON block OK_CHECK COLON block
Rule 105   try_ok_stmt -> TRY COLON statements OK_CHECK LBRACKET ID COMMA ID RBRACKET COLON statements
Rule 106   try_ok_stmt -> TRY COLON statements OK_CHECK LBRACKET ID RBRACKET COLON statements
Rule 107   try_ok_stmt -> TRY COLON statements OK_CHECK COLON statements
Rule 108   assert_stmt -> ASSERT expression COMMA expression optional_semicolon
Rule 109   assert_stmt -> ASSERT expression optional_semicolon
Rule 110   assert_eq_stmt -> ASSERT_EQ expression COMMA expression optional_semicolon
Rule 111   attempt_stmt -> ATTEMPT LPAREN expression RPAREN COLON block FALLBACK COLON block
Rule 112   attempt_stmt -> ATTEMPT LPAREN expression RPAREN COLON block
Rule 113   attempt_stmt -> ATTEMPT LPAREN expression RPAREN COLON statements FALLBACK COLON statements
Rule 114   attempt_stmt -> ATTEMPT LPAREN expression RPAREN COLON statements
Rule 115   expression -> LAMBDA LPAREN params RPAREN COLON type ARROW expression
Rule 116   expression -> LAMBDA LPAREN params RPAREN ARROW expression
Rule 117   expression -> LAMBDA LPAREN RPAREN ARROW expression
Rule 118   empty -> <empty>
Rule 119   optional_semicolon -> SEMICOLON
Rule 120   optional_semicolon -> empty

Terminals, with rules where they appear

ADD                  : 63
AND                  : 75
ARRAY                : 
ARRAY_TYPE           : 84 85
ARROW                : 115 116 117
ASSERT               : 108 109
ASSERT_EQ            : 110
ASSIGN               : 47 49 88 89 90 94
ATTEMPT              : 111 112 113 114
BOOL                 : 32
BOOL_TYPE            : 79
BREAK                : 42
COLON                : 47 48 55 55 56 88 98 102 102 103 103 104 104 105 105 106 106 107 107 111 111 112 113 113 114 115
COMMA                : 52 58 86 100 102 105 108 110
CONT                 : 41
DISP                 : 24
DIV                  : 66
DOT                  : 95
ELSE                 : 37
ENTRY                : 25 26
EQ                   : 73
FALLBACK             : 111 113
FLOAT                : 34
FLOAT_TYPE           : 80
FOR                  : 39 40
FUNCTION             : 55 56
GE                   : 71
GT                   : 69
HASH                 : 
HASH_TYPE            : 86 87
ID                   : 33 47 48 49 50 55 56 61 88 89 90 95 102 102 103 105 105 106
IF                   : 36 37
INT                  : 30 84
INT_TYPE             : 77
LAMBDA               : 115 116 117
LBRACE               : 35 96 97
LBRACKET             : 53 54 84 86 91 92 93 94 102 103 105 106
LE                   : 72
LET                  : 88 89
LPAREN               : 24 25 29 39 61 95 111 112 113 114 115 116 117
LT                   : 70
MOD                  : 67
MUL                  : 65
NE                   : 74
NOT                  : 45
OK_CHECK             : 102 103 104 105 106 107
OR                   : 76
POW                  : 68
RBRACE               : 35 96 97
RBRACKET             : 53 54 84 86 91 92 93 94 102 103 105 106
RETURN               : 43 44
RPAREN               : 24 25 29 39 61 95 111 112 113 114 115 116 117
SEMICOLON            : 39 119
STR                  : 31
STR_TYPE             : 78
SUB                  : 46 64
THROW                : 101
TRY                  : 102 103 104 105 106 107
Uminus               : 
VOID_TYPE            : 81
WHILE                : 38
error                : 

Nonterminals, with rules where they appear

If_Else_stmt         : 7
arg_list             : 61 95
args                 : 58 59 91
assert_eq_stmt       : 19
assert_stmt          : 18
assign_stmt          : 3
attempt_stmt         : 20
bin_ops              : 28
block                : 9 36 37 37 38 39 40 55 56 102 102 103 103 104 104 111 111 112
break_stmt           : 13
call_stmt            : 15 62
continue_stmt        : 12
disp_stmt            : 5
empty                : 23 54 60 92 97 120
entry_stmt           : 6
expression           : 2 24 25 29 36 37 38 39 40 43 45 46 47 49 57 58 63 63 64 64 65 65 66 66 67 67 68 68 69 69 70 70 71 71 72 72 73 73 74 74 75 75 76 76 88 89 90 93 93 94 94 94 95 98 98 101 108 108 109 110 110 111 112 113 114 115 116 117
for_stmt             : 11
function_stmt        : 10
hash_element         : 99 100
hash_elements        : 96 100
optional_semicolon   : 2 24 25 26 41 42 43 44 88 89 90 94 101 108 109 110
param                : 51 52
param_list           : 55 56
params               : 52 53 115 116
program              : 0
return_stmt          : 14
statement            : 21 22 39 39
statement_index_assign : 4
statements           : 1 22 35 105 105 106 106 107 107 113 113 114
throw_stmt           : 17
try_ok_stmt          : 16
type                 : 47 48 55 84 85 86 86 88 115
type_array           : 82
type_hash            : 83
variable             : 27
while_stmt           : 8

Parsing method: LALR

state 0

    (0) S' -> . program
    (1) program -> . statements
    (21) statements -> . statement
    (22) statements -> . statements statement
    (2) statement -> . expression optional_semicolon
    (3) statement -> . assign_stmt
    (4) statement -> . statement_index_assign
    (5) statement -> . disp_stmt
    (6) statement -> . entry_stmt
    (7) statement -> . If_Else_stmt
    (8) statement -> . while_stmt
    (9) statement -> . block
    (10) statement -> . function_stmt
    (11) statement -> . for_stmt
    (12) statement -> . continue_stmt
    (13) statement -> . break_stmt
    (14) statement -> . return_stmt
    (15) statement -> . call_stmt
    (16) statement -> . try_ok_stmt
    (17) statement -> . throw_stmt
    (18) statement -> . assert_stmt
    (19) statement -> . assert_eq_stmt
    (20) statement -> . attempt_stmt
    (23) statement -> . empty
    (27) expression -> . variable
    (28) expression -> . bin_ops
    (29) expression -> . LPAREN expression RPAREN
    (45) expression -> . NOT expression
    (46) expression -> . SUB expression
    (62) expression -> . call_stmt
    (91) expression -> . LBRACKET args RBRACKET
    (92) expression -> . LBRACKET empty RBRACKET
    (93) expression -> . expression LBRACKET expression RBRACKET
    (95) expression -> . expression DOT ID LPAREN arg_list RPAREN
    (96) expression -> . LBRACE hash_elements RBRACE
    (97) expression -> . LBRACE empty RBRACE
    (115) expression -> . LAMBDA LPAREN params RPAREN COLON type ARROW expression
    (116) expression -> . LAMBDA LPAREN params RPAREN ARROW expression
    (117) expression -> . LAMBDA LPAREN RPAREN ARROW expression
    (88) assign_stmt -> . LET ID COLON type ASSIGN expression optional_semicolon
    (89) assign_stmt -> . LET ID ASSIGN expression optional_semicolon
    (90) assign_stmt -> . ID ASSIGN expression optional_semicolon
    (94) statement_index_assign -> . expression LBRACKET expression RBRACKET ASSIGN expression optional_semicolon
    (24) disp_stmt -> . DISP LPAREN expression RPAREN optional_semicolon
    (25) entry_stmt -> . ENTRY LPAREN expression RPAREN optional_semicolon
    (26) entry_stmt -> . ENTRY optional_semicolon
    (36) If_Else_stmt -> . IF expression block
    (37) If_Else_stmt -> . IF expression block ELSE block
    (38) while_stmt -> . WHILE expression block
    (35) block -> . LBRACE statements RBRACE
    (55) function_stmt -> . FUNCTION ID COLON type param_list COLON block
    (56) function_stmt -> . FUNCTION ID param_list COLON block
    (39) for_stmt -> . FOR LPAREN statement expression SEMICOLON statement RPAREN block
    (40) for_stmt -> . FOR expression block
    (41) continue_stmt -> . CONT optional_semicolon
    (42) break_stmt -> . BREAK optional_semicolon
    (43) return_stmt -> . RETURN expression optional_semicolon
    (44) return_stmt -> . RETURN optional_semicolon
    (61) call_stmt -> . ID LPAREN arg_list RPAREN
    (102) try_ok_stmt -> . TRY COLON block OK_CHECK LBRACKET ID COMMA ID RBRACKET COLON block
    (103) try_ok_stmt -> . TRY COLON block OK_CHECK LBRACKET ID RBRACKET COLON block
    (104) try_ok_stmt -> . TRY COLON block OK_CHECK COLON block
    (105) try_ok_stmt -> . TRY COLON statements OK_CHECK LBRACKET ID COMMA ID RBRACKET COLON statements
    (106) try_ok_stmt -> . TRY COLON statements OK_CHECK LBRACKET ID RBRACKET COLON statements
    (107) try_ok_stmt -> . TRY COLON statements OK_CHECK COLON statements
    (101) throw_stmt -> . THROW expression optional_semicolon
    (108) assert_stmt -> . ASSERT expression COMMA expression optional_semicolon
    (109) assert_stmt -> . ASSERT expression optional_semicolon
    (110) assert_eq_stmt -> . ASSERT_EQ expression COMMA expression optional_semicolon
    (111) attempt_stmt -> . ATTEMPT LPAREN expression RPAREN COLON block FALLBACK COLON block
    (112) attempt_stmt -> . ATTEMPT LPAREN expression RPAREN COLON block
    (113) attempt_stmt -> . ATTEMPT LPAREN expression RPAREN COLON statements FALLBACK COLON statements
    (114) attempt_stmt -> . ATTEMPT LPAREN expression RPAREN COLON statements
    (118) empty -> .
    (30) variable -> . INT
    (31) variable -> . STR
    (32) variable -> . BOOL
    (33) variable -> . ID
    (34) variable -> . FLOAT
    (63) bin_ops -> . expression ADD expression
    (64) bin_ops -> . expression SUB expression
    (65) bin_ops -> . expression MUL expression
    (66) bin_ops -> . expression DIV expression
    (67) bin_ops -> . expression MOD expression
    (68) bin_ops -> . expression POW expression
    (69) bin_ops -> . expression GT expression
    (70) bin_ops -> . expression LT expression
    (71) bin_ops -> . expression GE expression
    (72) bin_ops -> . expression LE expression
    (73) bin_ops -> . expression EQ expression
    (74) bin_ops -> . expression NE expression
    (75) bin_ops -> . expression AND expression
    (76) bin_ops -> . expression OR expression

  ! shift/reduce conflict for LPAREN resolved as shift
  ! shift/reduce conflict for NOT resolved as shift
  ! shift/reduce conflict for SUB resolved as shift
  ! shift/reduce conflict for LBRACKET resolved as shift
  ! shift/reduce conflict for LBRACE resolved as shift
  ! shift/reduce conflict for LAMBDA resolved as shift
  ! shift/reduce conflict for LET resolved as shift
  ! shift/reduce conflict for ID resolved as shift
  ! shift/reduce conflict for DISP resolved as shift
  ! shift/reduce conflict for ENTRY resolved as shift
  ! shift/reduce conflict for IF resolved as shift
  ! shift/reduce conflict for WHILE resolved as shift
  ! shift/reduce conflict for FUNCTION resolved as shift
  ! shift/reduce conflict for FOR resolved as shift
  ! shift/reduce conflict for CONT resolved as shift
  ! shift/reduce conflict for BREAK resolved as shift
  ! shift/reduce conflict for RETURN resolved as shift
  ! shift/reduce conflict for TRY resolved as shift
  ! shift/reduce conflict for THROW resolved as shift
  ! shift/reduce conflict for ASSERT resolved as shift
  ! shift/reduce conflict for ASSERT_EQ resolved as shift
  ! shift/reduce conflict for ATTEMPT resolved as shift
  ! shift/reduce conflict for INT resolved as shift
  ! shift/reduce conflict for STR resolved as shift
  ! shift/reduce conflict for BOOL resolved as shift
  ! shift/reduce conflict for FLOAT resolved as shift
    LPAREN          shift and go to state 26
    NOT             shift and go to state 27
    SUB             shift and go to state 28
    LBRACKET        shift and go to state 29
    LBRACE          shift and go to state 31
    LAMBDA          shift and go to state 32
    LET             shift and go to state 33
    ID              shift and go to state 30
    DISP            shift and go to state 34
    ENTRY           shift and go to state 35
    IF              shift and go to state 36
    WHILE           shift and go to state 37
    FUNCTION        shift and go to state 38
    FOR             shift and go to state 39
    CONT            shift and go to state 40
    BREAK           shift and go to state 41
    RETURN          shift and go to state 42
    TRY             shift and go to state 43
    THROW           shift and go to state 44
    ASSERT          shift and go to state 45
    ASSERT_EQ       shift and go to state 46
    ATTEMPT         shift and go to state 47
    $end            reduce using rule 118 (empty -> .)
    INT             shift and go to state 48
    STR             shift and go to state 49
    BOOL            shift and go to state 50
    FLOAT           shift and go to state 51

  ! LPAREN          [ reduce using rule 118 (empty -> .) ]
  ! NOT             [ reduce using rule 118 (empty -> .) ]
  ! SUB             [ reduce using rule 118 (empty -> .) ]
  ! LBRACKET        [ reduce using rule 118 (empty -> .) ]
  ! LBRACE          [ reduce using rule 118 (empty -> .) ]
  ! LAMBDA          [ reduce using rule 118 (empty -> .) ]
  ! LET             [ reduce using rule 118 (empty -> .) ]
  ! ID              [ reduce using rule 118 (empty -> .) ]
  ! DISP            [ reduce using rule 118 (empty -> .) ]
  ! ENTRY           [ reduce using rule 118 (empty -> .) ]
  ! IF              [ reduce using rule 118 (empty -> .) ]
  ! WHILE           [ reduce using rule 118 (empty -> .) ]
  ! FUNCTION        [ reduce using rule 118 (empty -> .) ]
  ! FOR             [ reduce using rule 118 (empty -> .) ]
  ! CONT            [ reduce using rule 118 (empty -> .) ]
  ! BREAK           [ reduce using rule 118 (empty -> .) ]
  ! RETURN          [ reduce using rule 118 (empty -> .) ]
  ! TRY             [ reduce using rule 118 (empty -> .) ]
  ! THROW           [ reduce using rule 118 (empty -> .) ]
  ! ASSERT          [ reduce using rule 118 (empty -> .) ]
  ! ASSERT_EQ       [ reduce using rule 118 (empty -> .) ]
  ! ATTEMPT         [ reduce using rule 118 (empty -> .) ]
  ! INT             [ reduce using rule 118 (empty -> .) ]
  ! STR             [ reduce using rule 118 (empty -> .) ]
  ! BOOL            [ reduce using rule 118 (empty -> .) ]
  ! FLOAT           [ reduce using rule 118 (empty -> .) ]

    program                        shift and go to state 1
    statements                     shift and go to state 2
    statement                      shift and go to state 3
    expression                     shift and go to state 4
    assign_stmt                    shift and go to state 5
    statement_index_assign         shift and go to state 6
    disp_stmt                      shift and go to state 7
    entry_stmt                     shift and go to state 8
    If_Else_stmt                   shift and go to state 9
    while_stmt                     shift and go to state 10
    block                          shift and go to state 11
    function_stmt                  shift and go to state 12
    for_stmt                       shift and go to state 13
    continue_stmt                  shift and go to state 14
    break_stmt                     shift and go to state 15
    return_stmt                    shift and go to state 16
    call_stmt                      shift and go to state 17
    try_ok_stmt                    shift and go to state 18
    throw_stmt                     shift and go to state 19
    assert_stmt                    shift and go to state 20
    assert_eq_stmt                 shift and go to state 21
    attempt_stmt                   shift and go to state 22
    empty                          shift and go to state 23
    variable                       shift and go to state 24
    bin_ops                        shift and go to state 25

state 1

    (0) S' -> program .



state 2

    (1) program -> statements .
    (22) statements -> statements . statement
    (2) statement -> . expression optional_semicolon
    (3) statement -> . assign_stmt
    (4) statement -> . statement_index_assign
    (5) statement -> . disp_stmt
    (6) statement -> . entry_stmt
    (7) statement -> . If_Else_stmt
    (8) statement -> . while_stmt
    (9) statement -> . block
    (10) statement -> . function_stmt
    (11) statement -> . for_stmt
    (12) statement -> . continue_stmt
    (13) statement -> . break_stmt
    (14) statement -> . return_stmt
    (15) statement -> . call_stmt
    (16) statement -> . try_ok_stmt
    (17) statement -> . throw_stmt
    (18) statement -> . assert_stmt
    (19) statement -> . assert_eq_stmt
    (20) statement -> . attempt_stmt
    (23) statement -> . empty
    (27) expression -> . variable
    (28) expression -> . bin_ops
    (29) expression -> . LPAREN expression RPAREN
    (45) expression -> . NOT expression
    (46) expression -> . SUB expression
    (62) expression -> . call_stmt
    (91) expression -> . LBRACKET args RBRACKET
    (92) expression -> . LBRACKET empty RBRACKET
    (93) expression -> . expression LBRACKET expression RBRACKET
    (95) expression -> . expression DOT ID LPAREN arg_list RPAREN
    (96) expression -> . LBRACE hash_elements RBRACE
    (97) expression -> . LBRACE empty RBRACE
    (115) expression -> . LAMBDA LPAREN params RPAREN COLON type ARROW expression
    (116) expression -> . LAMBDA LPAREN params RPAREN ARROW expression
    (117) expression -> . LAMBDA LPAREN RPAREN ARROW expression
    (88) assign_stmt -> . LET ID COLON type ASSIGN expression optional_semicolon
    (89) assign_stmt -> . LET ID ASSIGN expression optional_semicolon
    (90) assign_stmt -> . ID ASSIGN expression optional_semicolon
    (94) statement_index_assign -> . expression LBRACKET expression RBRACKET ASSIGN expression optional_semicolon
    (24) disp_stmt -> . DISP LPAREN expression RPAREN optional_semicolon
    (25) entry_stmt -> . ENTRY LPAREN expression RPAREN optional_semicolon
    (26) entry_stmt -> . ENTRY optional_semicolon
    (36) If_Else_stmt -> . IF expression block
    (37) If_Else_stmt -> . IF expression block ELSE block
    (38) while_stmt -> . WHILE expression block
    (35) block -> . LBRACE statements RBRACE
    (55) function_stmt -> . FUNCTION ID COLON type param_list COLON block
    (56) function_stmt -> . FUNCTION ID param_list COLON block
    (39) for_stmt -> . FOR LPAREN statement expression SEMICOLON statement RPAREN block
    (40) for_stmt -> . FOR expression block
    (41) continue_stmt -> . CONT optional_semicolon
    (42) break_stmt -> . BREAK optional_semicolon
    (43) return_stmt -> . RETURN expression optional_semicolon
    (44) return_stmt -> . RETURN optional_semicolon
    (61) call_stmt -> . ID LPAREN arg_list RPAREN
    (102) try_ok_stmt -> . TRY COLON block OK_CHECK LBRACKET ID COMMA ID RBRACKET COLON block
    (103) try_ok_stmt -> . TRY COLON block OK_CHECK LBRACKET ID RBRACKET COLON block
    (104) try_ok_stmt -> . TRY COLON block OK_CHECK COLON block
    (105) try_ok_stmt -> . TRY COLON statements OK_CHECK LBRACKET ID COMMA ID RBRACKET COLON statements
    (106) try_ok_stmt -> . TRY COLON statements OK_CHECK LBRACKET ID RBRACKET COLON statements
    (107) try_ok_stmt -> . TRY COLON statements OK_CHECK COLON statements
    (101) throw_stmt -> . THROW expression optional_semicolon
    (108) assert_stmt -> . ASSERT expression COMMA expression optional_semicolon
    (109) assert_stmt -> . ASSERT expression optional_semicolon
    (110) assert_eq_stmt -> . ASSERT_EQ expression COMMA expression optional_semicolon
    (111) attempt_stmt -> . ATTEMPT LPAREN expression RPAREN COLON block FALLBACK COLON block
    (112) attempt_stmt -> . ATTEMPT LPAREN expression RPAREN COLON block
    (113) attempt_stmt -> . ATTEMPT LPAREN expression RPAREN COLON statements FALLBACK COLON statements
    (114) attempt_stmt -> . ATTEMPT LPAREN expression RPAREN COLON statements
    (118) empty -> .
    (30) variable -> . INT
    (31) variable -> . STR
    (32) variable -> . BOOL
    (33) variable -> . ID
    (34) variable -> . FLOAT
    (63) bin_ops -> . expression ADD expression
    (64) bin_ops -> . expression SUB expression
    (65) bin_ops -> . expression MUL expression
    (66) bin_ops -> . expression DIV expression
    (67) bin_ops -> . expression MOD expression
    (68) bin_ops -> . expression POW expression
    (69) bin_ops -> . expression GT expression
    (70) bin_ops -> . expression LT expression
    (71) bin_ops -> . expression GE expression
    (72) bin_ops -> . expression LE expression
    (73) bin_ops -> . expression EQ expression
    (74) bin_ops -> . expression NE expression
    (75) bin_ops -> . expression AND expression
    (76) bin_ops -> . expression OR expression

  ! shift/reduce conflict for LPAREN resolved as shift
  ! shift/reduce conflict for NOT resolved as shift
  ! shift/reduce conflict for SUB resolved as shift
  ! shift/reduce conflict for LBRACKET resolved as shift
  ! shift/reduce conflict for LBRACE resolved as shift
  ! shift/reduce conflict for LAMBDA resolved as shift
  ! shift/reduce conflict for LET resolved as shift
  ! shift/reduce conflict for ID resolved as shift
  ! shift/reduce conflict for DISP resolved as shift
  ! shift/reduce conflict for ENTRY resolved as shift
  ! shift/reduce conflict for IF resolved as shift
  ! shift/reduce conflict for WHILE resolved as shift
  ! shift/reduce conflict for FUNCTION resolved as shift
  ! shift/reduce conflict for FOR resolved as shift
  ! shift/reduce conflict for CONT resolved as shift
  ! shift/reduce conflict for BREAK resolved as shift
  ! shift/reduce conflict for RETURN resolved as shift
  ! shift/reduce conflict for TRY resolved as shift
  ! shift/reduce conflict for THROW resolved as shift
  ! shift/reduce conflict for ASSERT resolved as shift
  ! shift/reduce conflict for ASSERT_EQ resolved as shift
  ! shift/reduce conflict for ATTEMPT resolved as shift
  ! reduce/reduce conflict for $end resolved using rule 1 (program -> statements .)
  ! shift/reduce conflict for INT resolved as shift
  ! shift/reduce conflict for STR resolved as shift
  ! shift/reduce conflict for BOOL resolved as shift
  ! shift/reduce conflict for FLOAT resolved as shift
    $end            reduce using rule 1 (program -> statements .)
    LPAREN          shift and go to state 26
    NOT             shift and go to state 27
    SUB             shift and go to state 28
    LBRACKET        shift and go to state 29
    LBRACE          shift and go to state 31
    LAMBDA          shift and go to state 32
    LET             shift and go to state 33
    ID              shift and go to state 30
    DISP            shift and go to state 34
    ENTRY           shift and go to state 35
    IF              shift and go to state 36
    WHILE           shift and go to state 37
    FUNCTION        shift and go to state 38
    FOR             shift and go to state 39
    CONT            shift and go to state 40
    BREAK           shift and go to state 41
    RETURN          shift and go to state 42
    TRY             shift and go to state 43
    THROW           shift and go to state 44
    ASSERT          shift and go to state 45
    ASSERT_EQ       shift and go to state 46
    ATTEMPT         shift and go to state 47
    INT             shift and go to state 48
    STR             shift and go to state 49
    BOOL            shift and go to state 50
    FLOAT           shift and go to state 51

  ! LPAREN          [ reduce using rule 118 (empty -> .) ]
  ! NOT             [ reduce using rule 118 (empty -> .) ]
  ! SUB             [ reduce using rule 118 (empty -> .) ]
  ! LBRACKET        [ reduce using rule 118 (empty -> .) ]
  ! LBRACE          [ reduce using rule 118 (empty -> .) ]
  ! LAMBDA          [ reduce using rule 118 (empty -> .) ]
  ! LET             [ reduce using rule 118 (empty -> .) ]
  ! ID              [ reduce using rule 118 (empty -> .) ]
  ! DISP            [ reduce using rule 118 (empty -> .) ]
  ! ENTRY           [ reduce using rule 118 (empty -> .) ]
  ! IF              [ reduce using rule 118 (empty -> .) ]
  ! WHILE           [ reduce using rule 118 (empty -> .) ]
  ! FUNCTION        [ reduce using rule 118 (empty -> .) ]
  ! FOR             [ reduce using rule 118 (empty -> .) ]
  ! CONT            [ reduce using rule 118 (empty -> .) ]
  ! BREAK           [ reduce using rule 118 (empty -> .) ]
  ! RETURN          [ reduce using rule 118 (empty -> .) ]
  ! TRY             [ reduce using rule 118 (empty -> .) ]
  ! THROW           [ reduce using rule 118 (empty -> .) ]
  ! ASSERT          [ reduce using rule 118 (empty -> .) ]
  ! ASSERT_EQ       [ reduce using rule 118 (empty -> .) ]
  ! ATTEMPT         [ reduce using rule 118 (empty -> .) ]
  ! INT             [ reduce using rule 118 (empty -> .) ]
  ! STR             [ reduce using rule 118 (empty -> .) ]
  ! BOOL            [ reduce using rule 118 (empty -> .) ]
  ! FLOAT           [ reduce using rule 118 (empty -> .) ]
  ! $end            [ reduce using rule 118 (empty -> .) ]

    statement                      shift and go to state 52
    expression                     shift and go to state 4
    assign_stmt                    shift and go to state 5
    statement_index_assign         shift and go to state 6
    disp_stmt                      shift and go to state 7
    entry_stmt                     shift and go to state 8
    If_Else_stmt                   shift and go to state 9
    while_stmt                     shift and go to state 10
    block                          shift and go to state 11
    function_stmt                  shift and go to state 12
    for_stmt                       shift and go to state 13
    continue_stmt                  shift and go to state 14
    break_stmt                     shift and go to state 15
    return_stmt                    shift and go to state 16
    call_stmt                      shift and go to state 17
    try_ok_stmt                    shift and go to state 18
    throw_stmt                     shift and go to state 19
    assert_stmt                    shift and go to state 20
    assert_eq_stmt                 shift and go to state 21
    attempt_stmt                   shift and go to state 22
    empty                          shift and go to state 23
    variable                       shift and go to state 24
    bin_ops                        shift and go to state 25

state 3

    (21) statements -> statement .

    LPAREN          reduce using rule 21 (statements -> statement .)
    NOT             reduce using rule 21 (statements -> statement .)
    SUB             reduce using rule 21 (statements -> statement .)
    LBRACKET        reduce using rule 21 (statements -> statement .)
    LBRACE          reduce using rule 21 (statements -> statement .)
    LAMBDA          reduce using rule 21 (statements -> statement .)
    LET             reduce using rule 21 (statements -> statement .)
    ID              reduce using rule 21 (statements -> statement .)
    DISP            reduce using rule 21 (statements -> statement .)
    ENTRY           reduce using rule 21 (statements -> statement .)
    IF              reduce using rule 21 (statements -> statement .)
    WHILE           reduce using rule 21 (statements -> statement .)
    FUNCTION        reduce using rule 21 (statements -> statement .)
    FOR             reduce using rule 21 (statements -> statement .)
    CONT            reduce using rule 21 (statements -> statement .)
    BREAK           reduce using rule 21 (statements -> statement .)
    RETURN          reduce using rule 21 (statements -> statement .)
    TRY             reduce using rule 21 (statements -> statement .)
    THROW           reduce using rule 21 (statements -> statement .)
    ASSERT          reduce using rule 21 (statements -> statement .)
    ASSERT_EQ       reduce using rule 21 (statements -> statement .)
    ATTEMPT         reduce using rule 21 (statements -> statement .)
    INT             reduce using rule 21 (statements -> statement .)
    STR             reduce using rule 21 (statements -> statement .)
    BOOL            reduce using rule 21 (statements -> statement .)
    FLOAT           reduce using rule 21 (statements -> statement .)
    $end            reduce using rule 21 (statements -> statement .)
    RBRACE          reduce using rule 21 (statements -> statement .)
    OK_CHECK        reduce using rule 21 (statements -> statement .)
    RPAREN          reduce using rule 21 (statements -> statement .)
    FALLBACK        reduce using rule 21 (statements -> statement .)


state 4

    (2) statement -> expression . optional_semicolon
    (93) expression -> expression . LBRACKET expression RBRACKET
    (95) expression -> expression . DOT ID LPAREN arg_list RPAREN
    (94) statement_index_assign -> expression . LBRACKET expression RBRACKET ASSIGN expression optional_semicolon
    (63) bin_ops -> expression . ADD expression
    (64) bin_ops -> expression . SUB expression
    (65) bin_ops -> expression . MUL expression
    (66) bin_ops -> expression . DIV expression
    (67) bin_ops -> expression . MOD expression
    (68) bin_ops -> expression . POW expression
    (69) bin_ops -> expression . GT expression
    (70) bin_ops -> expression . LT expression
    (71) bin_ops -> expression . GE expression
    (72) bin_ops -> expression . LE expression
    (73) bin_ops -> expression . EQ expression
    (74) bin_ops -> expression . NE expression
    (75) bin_ops -> expression . AND expression
    (76) bin_ops -> expression . OR expression
    (119) optional_semicolon -> . SEMICOLON
    (120) optional_semicolon -> . empty
    (118) empty -> .

  ! shift/reduce conflict for SUB resolved as shift
  ! shift/reduce conflict for LBRACKET resolved as shift
    LBRACKET        shift and go to state 54
    DOT             shift and go to state 55
    ADD             shift and go to state 56
    SUB             shift and go to state 57
    MUL             shift and go to state 58
    DIV             shift and go to state 59
    MOD             shift and go to state 60
    POW             shift and go to state 61
    GT              shift and go to state 62
    LT              shift and go to state 63
    GE              shift and go to state 64
    LE              shift and go to state 65
    EQ              shift and go to state 66
    NE              shift and go to state 67
    AND             shift and go to state 68
    OR              shift and go to state 69
    SEMICOLON       shift and go to state 70
    LPAREN          reduce using rule 118 (empty -> .)
    NOT             reduce using rule 118 (empty -> .)
    LBRACE          reduce using rule 118 (empty -> .)
    LAMBDA          reduce using rule 118 (empty -> .)
    LET             reduce using rule 118 (empty -> .)
    ID              reduce using rule 118 (empty -> .)
    DISP            reduce using rule 118 (empty -> .)
    ENTRY           reduce using rule 118 (empty -> .)
    IF              reduce using rule 118 (empty -> .)
    WHILE           reduce using rule 118 (empty -> .)
    FUNCTION        reduce using rule 118 (empty -> .)
    FOR             reduce using rule 118 (empty -> .)
    CONT            reduce using rule 118 (empty -> .)
    BREAK           reduce using rule 118 (empty -> .)
    RETURN          reduce using rule 118 (empty -> .)
    TRY             reduce using rule 118 (empty -> .)
    THROW           reduce using rule 118 (empty -> .)
    ASSERT          reduce using rule 118 (empty -> .)
    ASSERT_EQ       reduce using rule 118 (empty -> .)
    ATTEMPT         reduce using rule 118 (empty -> .)
    INT             reduce using rule 118 (empty -> .)
    STR             reduce using rule 118 (empty -> .)
    BOOL            reduce using rule 118 (empty -> .)
    FLOAT           reduce using rule 118 (empty -> .)
    $end            reduce using rule 118 (empty -> .)
    RBRACE          reduce using rule 118 (empty -> .)
    OK_CHECK        reduce using rule 118 (empty -> .)
    RPAREN          reduce using rule 118 (empty -> .)
    FALLBACK        reduce using rule 118 (empty -> .)

  ! SUB             [ reduce using rule 118 (empty -> .) ]
  ! LBRACKET        [ reduce using rule 118 (empty -> .) ]

    optional_semicolon             shift and go to state 53
    empty                          shift and go to state 71

state 5

    (3) statement -> assign_stmt .

    LPAREN          reduce using rule 3 (statement -> assign_stmt .)
    NOT             reduce using rule 3 (statement -> assign_stmt .)
    SUB             reduce using rule 3 (statement -> assign_stmt .)
    LBRACKET        reduce using rule 3 (statement -> assign_stmt .)
    LBRACE          reduce using rule 3 (statement -> assign_stmt .)
    LAMBDA          reduce using rule 3 (statement -> assign_stmt .)
    LET             reduce using rule 3 (statement -> assign_stmt .)
    ID              reduce using rule 3 (statement -> assign_stmt .)
    DISP            reduce using rule 3 (statement -> assign_stmt .)
    ENTRY           reduce using rule 3 (statement -> assign_stmt .)
    IF              reduce using rule 3 (statement -> assign_stmt .)
    WHILE           reduce using rule 3 (statement -> assign_stmt .)
    FUNCTION        reduce using rule 3 (statement -> assign_stmt .)
    FOR             reduce using rule 3 (statement -> assign_stmt .)
    CONT            reduce using rule 3 (statement -> assign_stmt .)
    BREAK           reduce using rule 3 (statement -> assign_stmt .)
    RETURN          reduce using rule 3 (statement -> assign_stmt .)
    TRY             reduce using rule 3 (statement -> assign_stmt .)
    THROW           reduce using rule 3 (statement -> assign_stmt .)
    ASSERT          reduce using rule 3 (statement -> assign_stmt .)
    ASSERT_EQ       reduce using rule 3 (statement -> assign_stmt .)
    ATTEMPT         reduce using rule 3 (statement -> assign_stmt .)
    INT             reduce using rule 3 (statement -> assign_stmt .)
    STR             reduce using rule 3 (statement -> assign_stmt .)
    BOOL            reduce using rule 3 (statement -> assign_stmt .)
    FLOAT           reduce using rule 3 (statement -> assign_stmt .)
    $end            reduce using rule 3 (statement -> assign_stmt .)
    RBRACE          reduce using rule 3 (statement -> assign_stmt .)
    OK_CHECK        reduce using rule 3 (statement -> assign_stmt .)
    RPAREN          reduce using rule 3 (statement -> assign_stmt .)
    FALLBACK        reduce using rule 3 (statement -> assign_stmt .)


state 6

    (4) statement -> statement_index_assign .

    LPAREN          reduce using rule 4 (statement -> statement_index_assign .)
    NOT             reduce using rule 4 (statement -> statement_index_assign .)
    SUB             reduce using rule 4 (statement -> statement_index_assign .)
    LBRACKET        reduce using rule 4 (statement -> statement_index_assign .)
    LBRACE          reduce using rule 4 (statement -> statement_index_assign .)
    LAMBDA          reduce using rule 4 (statement -> statement_index_assign .)
    LET             reduce using rule 4 (statement -> statement_index_assign .)
    ID              reduce using rule 4 (statement -> statement_index_assign .)
    DISP            reduce using rule 4 (statement -> statement_index_assign .)
    ENTRY           reduce using rule 4 (statement -> statement_index_assign .)
    IF              reduce using rule 4 (statement -> statement_index_assign .)
    WHILE           reduce using rule 4 (statement -> statement_index_assign .)
    FUNCTION        reduce using rule 4 (statement -> statement_index_assign .)
    FOR             reduce using rule 4 (statement -> statement_index_assign .)
    CONT            reduce using rule 4 (statement -> statement_index_assign .)
    BREAK           reduce using rule 4 (statement -> statement_index_assign .)
    RETURN          reduce using rule 4 (statement -> statement_index_assign .)
    TRY             reduce using rule 4 (statement -> statement_index_assign .)
    THROW           reduce using rule 4 (statement -> statement_index_assign .)
    ASSERT          reduce using rule 4 (statement -> statement_index_assign .)
    ASSERT_EQ       reduce using rule 4 (statement -> statement_index_assign .)
    ATTEMPT         reduce using rule 4 (statement -> statement_index_assign .)
    INT             reduce using rule 4 (statement -> statement_index_assign .)
    STR             reduce using rule 4 (statement -> statement_index_assign .)
    BOOL            reduce using rule 4 (statement -> statement_index_assign .)
    FLOAT           reduce using rule 4 (statement -> statement_index_assign .)
    $end            reduce using rule 4 (statement -> statement_index_assign .)
    RBRACE          reduce using rule 4 (statement -> statement_index_assign .)
    OK_CHECK        reduce using rule 4 (statement -> statement_index_assign .)
    RPAREN          reduce using rule 4 (statement -> statement_index_assign .)
    FALLBACK        reduce using rule 4 (statement -> statement_index_assign .)


state 7

    (5) statement -> disp_stmt .

    LPAREN          reduce using rule 5 (statement -> disp_stmt .)
    NOT             reduce using rule 5 (statement -> disp_stmt .)
    SUB             reduce using rule 5 (statement -> disp_stmt .)
    LBRACKET        reduce using rule 5 (statement -> disp_stmt .)
    LBRACE          reduce using rule 5 (statement -> disp_stmt .)
    LAMBDA          reduce using rule 5 (statement -> disp_stmt .)
    LET             reduce using rule 5 (statement -> disp_stmt .)
    ID              reduce using rule 5 (statement -> disp_stmt .)
    DISP            reduce using rule 5 (statement -> disp_stmt .)
    ENTRY           reduce using rule 5 (statement -> disp_stmt .)
    IF              reduce using rule 5 (statement -> disp_stmt .)
    WHILE           reduce using rule 5 (statement -> disp_stmt .)
    FUNCTION        reduce using rule 5 (statement -> disp_stmt .)
    FOR             reduce using rule 5 (statement -> disp_stmt .)
    CONT            reduce using rule 5 (statement -> disp_stmt .)
    BREAK           reduce using rule 5 (statement -> disp_stmt .)
    RETURN          reduce using rule 5 (statement -> disp_stmt .)
    TRY             reduce using rule 5 (statement -> disp_stmt .)
    THROW           reduce using rule 5 (statement -> disp_stmt .)
    ASSERT          reduce using rule 5 (statement -> disp_stmt .)
    ASSERT_EQ       reduce using rule 5 (statement -> disp_stmt .)
    ATTEMPT         reduce using rule 5 (statement -> disp_stmt .)
    INT             reduce using rule 5 (statement -> disp_stmt .)
    STR             reduce using rule 5 (statement -> disp_stmt .)
    BOOL            reduce using rule 5 (statement -> disp_stmt .)
    FLOAT           reduce using rule 5 (statement -> disp_stmt .)
    $end            reduce using rule 5 (statement -> disp_stmt .)
    RBRACE          reduce using rule 5 (statement -> disp_stmt .)
    OK_CHECK        reduce using rule 5 (statement -> disp_stmt .)
    RPAREN          reduce using rule 5 (statement -> disp_stmt .)
    FALLBACK        reduce using rule 5 (statement -> disp_stmt .)


state 8

    (6) statement -> entry_stmt .

    LPAREN          reduce using rule 6 (statement -> entry_stmt .)
    NOT             reduce using rule 6 (statement -> entry_stmt .)
    SUB             reduce using rule 6 (statement -> entry_stmt .)
    LBRACKET        reduce using rule 6 (statement -> entry_stmt .)
    LBRACE          reduce using rule 6 (statement -> entry_stmt .)
    LAMBDA          reduce using rule 6 (statement -> entry_stmt .)
    LET             reduce using rule 6 (statement -> entry_stmt .)
    ID              reduce using rule 6 (statement -> entry_stmt .)
    DISP            reduce using rule 6 (statement -> entry_stmt .)
    ENTRY           reduce using rule 6 (statement -> entry_stmt .)
    IF              reduce using rule 6 (statement -> entry_stmt .)
    WHILE           reduce using rule 6 (statement -> entry_stmt .)
    FUNCTION        reduce using rule 6 (statement -> entry_stmt .)
    FOR             reduce using rule 6 (statement -> entry_stmt .)
    CONT            reduce using rule 6 (statement -> entry_stmt .)
    BREAK           reduce using rule 6 (statement -> entry_stmt .)
    RETURN          reduce using rule 6 (statement -> entry_stmt .)
    TRY             reduce using rule 6 (statement -> entry_stmt .)
    THROW           reduce using rule 6 (statement -> entry_stmt .)
    ASSERT          reduce using rule 6 (statement -> entry_stmt .)
    ASSERT_EQ       reduce using rule 6 (statement -> entry_stmt .)
    ATTEMPT         reduce using rule 6 (statement -> entry_stmt .)
    INT             reduce using rule 6 (statement -> entry_stmt .)
    STR             reduce using rule 6 (statement -> entry_stmt .)
    BOOL            reduce using rule 6 (statement -> entry_stmt .)
    FLOAT           reduce using rule 6 (statement -> entry_stmt .)
    $end            reduce using rule 6 (statement -> entry_stmt .)
    RBRACE          reduce using rule 6 (statement -> entry_stmt .)
    OK_CHECK        reduce using rule 6 (statement -> entry_stmt .)
    RPAREN          reduce using rule 6 (statement -> entry_stmt .)
    FALLBACK        reduce using rule 6 (statement -> entry_stmt .)


state 9

    (7) statement -> If_Else_stmt .

    LPAREN          reduce using rule 7 (statement -> If_Else_stmt .)
    NOT             reduce using rule 7 (statement -> If_Else_stmt .)
    SUB             reduce using rule 7 (statement -> If_Else_stmt .)
    LBRACKET        reduce using rule 7 (statement -> If_Else_stmt .)
    LBRACE          reduce using rule 7 (statement -> If_Else_stmt .)
    LAMBDA          reduce using rule 7 (statement -> If_Else_stmt .)
    LET             reduce using rule 7 (statement -> If_Else_stmt .)
    ID              reduce using rule 7 (statement -> If_Else_stmt .)
    DISP            reduce using rule 7 (statement -> If_Else_stmt .)
    ENTRY           reduce using rule 7 (statement -> If_Else_stmt .)
    IF              reduce using rule 7 (statement -> If_Else_stmt .)
    WHILE           reduce using rule 7 (statement -> If_Else_stmt .)
    FUNCTION        reduce using rule 7 (statement -> If_Else_stmt .)
    FOR             reduce using rule 7 (statement -> If_Else_stmt .)
    CONT            reduce using rule 7 (statement -> If_Else_stmt .)
    BREAK           reduce using rule 7 (statement -> If_Else_stmt .)
    RETURN          reduce using rule 7 (statement -> If_Else_stmt .)
    TRY             reduce using rule 7 (statement -> If_Else_stmt .)
    THROW           reduce using rule 7 (statement -> If_Else_stmt .)
    ASSERT          reduce using rule 7 (statement -> If_Else_stmt .)
    ASSERT_EQ       reduce using rule 7 (statement -> If_Else_stmt .)
    ATTEMPT         reduce using rule 7 (statement -> If_Else_stmt .)
    INT             reduce using rule 7 (statement -> If_Else_stmt .)
    STR             reduce using rule 7 (statement -> If_Else_stmt .)
    BOOL            reduce using rule 7 (statement -> If_Else_stmt .)
    FLOAT           reduce using rule 7 (statement -> If_Else_stmt .)
    $end            reduce using rule 7 (statement -> If_Else_stmt .)
    RBRACE          reduce using rule 7 (statement -> If_Else_stmt .)
    OK_CHECK        reduce using rule 7 (statement -> If_Else_stmt .)
    RPAREN          reduce using rule 7 (statement -> If_Else_stmt .)
    FALLBACK        reduce using rule 7 (statement -> If_Else_stmt .)


state 10

    (8) statement -> while_stmt .

    LPAREN          reduce using rule 8 (statement -> while_stmt .)
    NOT             reduce using rule 8 (statement -> while_stmt .)
    SUB             reduce using rule 8 (statement -> while_stmt .)
    LBRACKET        reduce using rule 8 (statement -> while_stmt .)
    LBRACE          reduce using rule 8 (statement -> while_stmt .)
    LAMBDA          reduce using rule 8 (statement -> while_stmt .)
    LET             reduce using rule 8 (statement -> while_stmt .)
    ID              reduce using rule 8 (statement -> while_stmt .)
    DISP            reduce using rule 8 (statement -> while_stmt .)
    ENTRY           reduce using rule 8 (statement -> while_stmt .)
    IF              reduce using rule 8 (statement -> while_stmt .)
    WHILE           reduce using rule 8 (statement -> while_stmt .)
    FUNCTION        reduce using rule 8 (statement -> while_stmt .)
    FOR             reduce using rule 8 (statement -> while_stmt .)
    CONT            reduce using rule 8 (statement -> while_stmt .)
    BREAK           reduce using rule 8 (statement -> while_stmt .)
    RETURN          reduce using rule 8 (statement -> while_stmt .)
    TRY             reduce using rule 8 (statement -> while_stmt .)
    THROW           reduce using rule 8 (statement -> while_stmt .)
    ASSERT          reduce using rule 8 (statement -> while_stmt .)
    ASSERT_EQ       reduce using rule 8 (statement -> while_stmt .)
    ATTEMPT         reduce using rule 8 (statement -> while_stmt .)
    INT             reduce using rule 8 (statement -> while_stmt .)
    STR             reduce using rule 8 (statement -> while_stmt .)
    BOOL            reduce using rule 8 (statement -> while_stmt .)
    FLOAT           reduce using rule 8 (statement -> while_stmt .)
    $end            reduce using rule 8 (statement -> while_stmt .)
    RBRACE          reduce using rule 8 (statement -> while_stmt .)
    OK_CHECK        reduce using rule 8 (statement -> while_stmt .)
    RPAREN          reduce using rule 8 (statement -> while_stmt .)
    FALLBACK        reduce using rule 8 (statement -> while_stmt .)


state 11

    (9) statement -> block .

    LPAREN          reduce using rule 9 (statement -> block .)
    NOT             reduce using rule 9 (statement -> block .)
    SUB             reduce using rule 9 (statement -> block .)
    LBRACKET        reduce using rule 9 (statement -> block .)
    LBRACE          reduce using rule 9 (statement -> block .)
    LAMBDA          reduce using rule 9 (statement -> block .)
    LET             reduce using rule 9 (statement -> block .)
    ID              reduce using rule 9 (statement -> block .)
    DISP            reduce using rule 9 (statement -> block .)
    ENTRY           reduce using rule 9 (statement -> block .)
    IF              reduce using rule 9 (statement -> block .)
    WHILE           reduce using rule 9 (statement -> block .)
    FUNCTION        reduce using rule 9 (statement -> block .)
    FOR             reduce using rule 9 (statement -> block .)
    CONT            reduce using rule 9 (statement -> block .)
    BREAK           reduce using rule 9 (statement -> block .)
    RETURN          reduce using rule 9 (statement -> block .)
    TRY             reduce using rule 9 (statement -> block .)
    THROW           reduce using rule 9 (statement -> block .)
    ASSERT          reduce using rule 9 (statement -> block .)
    ASSERT_EQ       reduce using rule 9 (statement -> block .)
    ATTEMPT         reduce using rule 9 (statement -> block .)
    INT             reduce using rule 9 (statement -> block .)
    STR             reduce using rule 9 (statement -> block .)
    BOOL            reduce using rule 9 (statement -> block .)
    FLOAT           reduce using rule 9 (statement -> block .)
    $end            reduce using rule 9 (statement -> block .)
    RBRACE          reduce using rule 9 (statement -> block .)
    OK_CHECK        reduce using rule 9 (statement -> block .)
    RPAREN          reduce using rule 9 (statement -> block .)
    FALLBACK        reduce using rule 9 (statement -> block .)


state 12

    (10) statement -> function_stmt .

    LPAREN          reduce using rule 10 (statement -> function_stmt .)
    NOT             reduce using rule 10 (statement -> function_stmt .)
    SUB             reduce using rule 10 (statement -> function_stmt .)
    LBRACKET        reduce using rule 10 (statement -> function_stmt .)
    LBRACE          reduce using rule 10 (statement -> function_stmt .)
    LAMBDA          reduce using rule 10 (statement -> function_stmt .)
    LET             reduce using rule 10 (statement -> function_stmt .)
    ID              reduce using rule 10 (statement -> function_stmt .)
    DISP            reduce using rule 10 (statement -> function_stmt .)
    ENTRY           reduce using rule 10 (statement -> function_stmt .)
    IF              reduce using rule 10 (statement -> function_stmt .)
    WHILE           reduce using rule 10 (statement -> function_stmt .)
    FUNCTION        reduce using rule 10 (statement -> function_stmt .)
    FOR             reduce using rule 10 (statement -> function_stmt .)
    CONT            reduce using rule 10 (statement -> function_stmt .)
    BREAK           reduce using rule 10 (statement -> function_stmt .)
    RETURN          reduce using rule 10 (statement -> function_stmt .)
    TRY             reduce using rule 10 (statement -> function_stmt .)
    THROW           reduce using rule 10 (statement -> function_stmt .)
    ASSERT          reduce using rule 10 (statement -> function_stmt .)
    ASSERT_EQ       reduce using rule 10 (statement -> function_stmt .)
    ATTEMPT         reduce using rule 10 (statement -> function_stmt .)
    INT             reduce using rule 10 (statement -> function_stmt .)
    STR             reduce using rule 10 (statement -> function_stmt .)
    BOOL            reduce using rule 10 (statement -> function_stmt .)
    FLOAT           reduce using rule 10 (statement -> function_stmt .)
    $end            reduce using rule 10 (statement -> function_stmt .)
    RBRACE          reduce using rule 10 (statement -> function_stmt .)
    OK_CHECK        reduce using rule 10 (statement -> function_stmt .)
    RPAREN          reduce using rule 10 (statement -> function_stmt .)
    FALLBACK        reduce using rule 10 (statement -> function_stmt .)


state 13

    (11) statement -> for_stmt .

    LPAREN          reduce using rule 11 (statement -> for_stmt .)
    NOT             reduce using rule 11 (statement -> for_stmt .)
    SUB             reduce using rule 11 (statement -> for_stmt .)
    LBRACKET        reduce using rule 11 (statement -> for_stmt .)
    LBRACE          reduce using rule 11 (statement -> for_stmt .)
    LAMBDA          reduce using rule 11 (statement -> for_stmt .)
    LET             reduce using rule 11 (statement -> for_stmt .)
    ID              reduce using rule 11 (statement -> for_stmt .)
    DISP            reduce using rule 11 (statement -> for_stmt .)
    ENTRY           reduce using rule 11 (statement -> for_stmt .)
    IF              reduce using rule 11 (statement -> for_stmt .)
    WHILE           reduce using rule 11 (statement -> for_stmt .)
    FUNCTION        reduce using rule 11 (statement -> for_stmt .)
    FOR             reduce using rule 11 (statement -> for_stmt .)
    CONT            reduce using rule 11 (statement -> for_stmt .)
    BREAK           reduce using rule 11 (statement -> for_stmt .)
    RETURN          reduce using rule 11 (statement -> for_stmt .)
    TRY             reduce using rule 11 (statement -> for_stmt .)
    THROW           reduce using rule 11 (statement -> for_stmt .)
    ASSERT          reduce using rule 11 (statement -> for_stmt .)
    ASSERT_EQ       reduce using rule 11 (statement -> for_stmt .)
    ATTEMPT         reduce using rule 11 (statement -> for_stmt .)
    INT             reduce using rule 11 (statement -> for_stmt .)
    STR             reduce using rule 11 (statement -> for_stmt .)
    BOOL            reduce using rule 11 (statement -> for_stmt .)
    FLOAT           reduce using rule 11 (statement -> for_stmt .)
    $end            reduce using rule 11 (statement -> for_stmt .)
    RBRACE          reduce using rule 11 (statement -> for_stmt .)
    OK_CHECK        reduce using rule 11 (statement -> for_stmt .)
    RPAREN          reduce using rule 11 (statement -> for_stmt .)
    FALLBACK        reduce using rule 11 (statement -> for_stmt .)


state 14

    (12) statement -> continue_stmt .

    LPAREN          reduce using rule 12 (statement -> continue_stmt .)
    NOT             reduce using rule 12 (statement -> continue_stmt .)
    SUB             reduce using rule 12 (statement -> continue_stmt .)
    LBRACKET        reduce using rule 12 (statement -> continue_stmt .)
    LBRACE          reduce using rule 12 (statement -> continue_stmt .)
    LAMBDA          reduce using rule 12 (statement -> continue_stmt .)
    LET             reduce using rule 12 (statement -> continue_stmt .)
    ID              reduce using rule 12 (statement -> continue_stmt .)
    DISP            reduce using rule 12 (statement -> continue_stmt .)
    ENTRY           reduce using rule 12 (statement -> continue_stmt .)
    IF              reduce using rule 12 (statement -> continue_stmt .)
    WHILE           reduce using rule 12 (statement -> continue_stmt .)
    FUNCTION        reduce using rule 12 (statement -> continue_stmt .)
    FOR             reduce using rule 12 (statement -> continue_stmt .)
    CONT            reduce using rule 12 (statement -> continue_stmt .)
    BREAK           reduce using rule 12 (statement -> continue_stmt .)
    RETURN          reduce using rule 12 (statement -> continue_stmt .)
    TRY             reduce using rule 12 (statement -> continue_stmt .)
    THROW           reduce using rule 12 (statement -> continue_stmt .)
    ASSERT          reduce using rule 12 (statement -> continue_stmt .)
    ASSERT_EQ       reduce using rule 12 (statement -> continue_stmt .)
    ATTEMPT         reduce using rule 12 (statement -> continue_stmt .)
    INT             reduce using rule 12 (statement -> continue_stmt .)
    STR             reduce using rule 12 (statement -> continue_stmt .)
    BOOL            reduce using rule 12 (statement -> continue_stmt .)
    FLOAT           reduce using rule 12 (statement -> continue_stmt .)
    $end            reduce using rule 12 (statement -> continue_stmt .)
    RBRACE          reduce using rule 12 (statement -> continue_stmt .)
    OK_CHECK        reduce using rule 12 (statement -> continue_stmt .)
    RPAREN          reduce using rule 12 (statement -> continue_stmt .)
    FALLBACK        reduce using rule 12 (statement -> continue_stmt .)


state 15

    (13) statement -> break_stmt .

    LPAREN          reduce using rule 13 (statement -> break_stmt .)
    NOT             reduce using rule 13 (statement -> break_stmt .)
    SUB             reduce using rule 13 (statement -> break_stmt .)
    LBRACKET        reduce using rule 13 (statement -> break_stmt .)
    LBRACE          reduce using rule 13 (statement -> break_stmt .)
    LAMBDA          reduce using rule 13 (statement -> break_stmt .)
    LET             reduce using rule 13 (statement -> break_stmt .)
    ID              reduce using rule 13 (statement -> break_stmt .)
    DISP            reduce using rule 13 (statement -> break_stmt .)
    ENTRY           reduce using rule 13 (statement -> break_stmt .)
    IF              reduce using rule 13 (statement -> break_stmt .)
    WHILE           reduce using rule 13 (statement -> break_stmt .)
    FUNCTION        reduce using rule 13 (statement -> break_stmt .)
    FOR             reduce using rule 13 (statement -> break_stmt .)
    CONT            reduce using rule 13 (statement -> break_stmt .)
    BREAK           reduce using rule 13 (statement -> break_stmt .)
    RETURN          reduce using rule 13 (statement -> break_stmt .)
    TRY             reduce using rule 13 (statement -> break_stmt .)
    THROW           reduce using rule 13 (statement -> break_stmt .)
    ASSERT          reduce using rule 13 (statement -> break_stmt .)
    ASSERT_EQ       reduce using rule 13 (statement -> break_stmt .)
    ATTEMPT         reduce using rule 13 (statement -> break_stmt .)
    INT             reduce using rule 13 (statement -> break_stmt .)
    STR             reduce using rule 13 (statement -> break_stmt .)
    BOOL            reduce using rule 13 (statement -> break_stmt .)
    FLOAT           reduce using rule 13 (statement -> break_stmt .)
    $end            reduce using rule 13 (statement -> break_stmt .)
    RBRACE          reduce using rule 13 (statement -> break_stmt .)
    OK_CHECK        reduce using rule 13 (statement -> break_stmt .)
    RPAREN          reduce using rule 13 (statement -> break_stmt .)
    FALLBACK        reduce using rule 13 (statement -> break_stmt .)


state 16

    (14) statement -> return_stmt .

    LPAREN          reduce using rule 14 (statement -> return_stmt .)
    NOT             reduce using rule 14 (statement -> return_stmt .)
    SUB             reduce using rule 14 (statement -> return_stmt .)
    LBRACKET        reduce using rule 14 (statement -> return_stmt .)
    LBRACE          reduce using rule 14 (statement -> return_stmt .)
    LAMBDA          reduce using rule 14 (statement -> return_stmt .)
    LET             reduce using rule 14 (statement -> return_stmt .)
    ID              reduce using rule 14 (statement -> return_stmt .)
    DISP            reduce using rule 14 (statement -> return_stmt .)
    ENTRY           reduce using rule 14 (statement -> return_stmt .)
    IF              reduce using rule 14 (statement -> return_stmt .)
    WHILE           reduce using rule 14 (statement -> return_stmt .)
    FUNCTION        reduce using rule 14 (statement -> return_stmt .)
    FOR             reduce using rule 14 (statement -> return_stmt .)
    CONT            reduce using rule 14 (statement -> return_stmt .)
    BREAK           reduce using rule 14 (statement -> return_stmt .)
    RETURN          reduce using rule 14 (statement -> return_stmt .)
    TRY             reduce using rule 14 (statement -> return_stmt .)
    THROW           reduce using rule 14 (statement -> return_stmt .)
    ASSERT          reduce using rule 14 (statement -> return_stmt .)
    ASSERT_EQ       reduce using rule 14 (statement -> return_stmt .)
    ATTEMPT         reduce using rule 14 (statement -> return_stmt .)
    INT             reduce using rule 14 (statement -> return_stmt .)
    STR             reduce using rule 14 (statement -> return_stmt .)
    BOOL            reduce using rule 14 (statement -> return_stmt .)
    FLOAT           reduce using rule 14 (statement -> return_stmt .)
    $end            reduce using rule 14 (statement -> return_stmt .)
    RBRACE          reduce using rule 14 (statement -> return_stmt .)
    OK_CHECK        reduce using rule 14 (statement -> return_stmt .)
    RPAREN          reduce using rule 14 (statement -> return_stmt .)
    FALLBACK        reduce using rule 14 (statement -> return_stmt .)


state 17

    (15) statement -> call_stmt .
    (62) expression -> call_stmt .

  ! reduce/reduce conflict for LBRACKET resolved using rule 15 (statement -> call_stmt .)
  ! reduce/reduce conflict for SUB resolved using rule 15 (statement -> call_stmt .)
  ! reduce/reduce conflict for LPAREN resolved using rule 15 (statement -> call_stmt .)
  ! reduce/reduce conflict for NOT resolved using rule 15 (statement -> call_stmt .)
  ! reduce/reduce conflict for LBRACE resolved using rule 15 (statement -> call_stmt .)
  ! reduce/reduce conflict for LAMBDA resolved using rule 15 (statement -> call_stmt .)
  ! reduce/reduce conflict for LET resolved using rule 15 (statement -> call_stmt .)
  ! reduce/reduce conflict for ID resolved using rule 15 (statement -> call_stmt .)
  ! reduce/reduce conflict for DISP resolved using rule 15 (statement -> call_stmt .)
  ! reduce/reduce conflict for ENTRY resolved using rule 15 (statement -> call_stmt .)
  ! reduce/reduce conflict for IF resolved using rule 15 (statement -> call_stmt .)
  ! reduce/reduce conflict for WHILE resolved using rule 15 (statement -> call_stmt .)
  ! reduce/reduce conflict for FUNCTION resolved using rule 15 (statement -> call_stmt .)
  ! reduce/reduce conflict for FOR resolved using rule 15 (statement -> call_stmt .)
  ! reduce/reduce conflict for CONT resolved using rule 15 (statement -> call_stmt .)
  ! reduce/reduce conflict for BREAK resolved using rule 15 (statement -> call_stmt .)
  ! reduce/reduce conflict for RETURN resolved using rule 15 (statement -> call_stmt .)
  ! reduce/reduce conflict for TRY resolved using rule 15 (statement -> call_stmt .)
  ! reduce/reduce conflict for THROW resolved using rule 15 (statement -> call_stmt .)
  ! reduce/reduce conflict for ASSERT resolved using rule 15 (statement -> call_stmt .)
  ! reduce/reduce conflict for ASSERT_EQ resolved using rule 15 (statement -> call_stmt .)
  ! reduce/reduce conflict for ATTEMPT resolved using rule 15 (statement -> call_stmt .)
  ! reduce/reduce conflict for INT resolved using rule 15 (statement -> call_stmt .)
  ! reduce/reduce conflict for STR resolved using rule 15 (statement -> call_stmt .)
  ! reduce/reduce conflict for BOOL resolved using rule 15 (statement -> call_stmt .)
  ! reduce/reduce conflict for FLOAT resolved using rule 15 (statement -> call_stmt .)
  ! reduce/reduce conflict for $end resolved using rule 15 (statement -> call_stmt .)
  ! reduce/reduce conflict for RBRACE resolved using rule 15 (statement -> call_stmt .)
  ! reduce/reduce conflict for RPAREN resolved using rule 15 (statement -> call_stmt .)
  ! reduce/reduce conflict for OK_CHECK resolved using rule 15 (statement -> call_stmt .)
  ! reduce/reduce conflict for FALLBACK resolved using rule 15 (statement -> call_stmt .)
    LPAREN          reduce using rule 15 (statement -> call_stmt .)
    NOT             reduce using rule 15 (statement -> call_stmt .)
    SUB             reduce using rule 15 (statement -> call_stmt .)
    LBRACKET        reduce using rule 15 (statement -> call_stmt .)
    LBRACE          reduce using rule 15 (statement -> call_stmt .)
    LAMBDA          reduce using rule 15 (statement -> call_stmt .)
    LET             reduce using rule 15 (statement -> call_stmt .)
    ID              reduce using rule 15 (statement -> call_stmt .)
    DISP            reduce using rule 15 (statement -> call_stmt .)
    ENTRY           reduce using rule 15 (statement -> call_stmt .)
    IF              reduce using rule 15 (statement -> call_stmt .)
    WHILE           reduce using rule 15 (statement -> call_stmt .)
    FUNCTION        reduce using rule 15 (statement -> call_stmt .)
    FOR             reduce using rule 15 (statement -> call_stmt .)
    CONT            reduce using rule 15 (statement -> call_stmt .)
    BREAK           reduce using rule 15 (statement -> call_stmt .)
    RETURN          reduce using rule 15 (statement -> call_stmt .)
    TRY             reduce using rule 15 (statement -> call_stmt .)
    THROW           reduce using rule 15 (statement -> call_stmt .)
    ASSERT          reduce using rule 15 (statement -> call_stmt .)
    ASSERT_EQ       reduce using rule 15 (statement -> call_stmt .)
    ATTEMPT         reduce using rule 15 (statement -> call_stmt .)
    INT             reduce using rule 15 (statement -> call_stmt .)
    STR             reduce using rule 15 (statement -> call_stmt .)
    BOOL            reduce using rule 15 (statement -> call_stmt .)
    FLOAT           reduce using rule 15 (statement -> call_stmt .)
    $end            reduce using rule 15 (statement -> call_stmt .)
    RBRACE          reduce using rule 15 (statement -> call_stmt .)
    OK_CHECK        reduce using rule 15 (statement -> call_stmt .)
    RPAREN          reduce using rule 15 (statement -> call_stmt .)
    FALLBACK        reduce using rule 15 (statement -> call_stmt .)
    DOT             reduce using rule 62 (expression -> call_stmt .)
    ADD             reduce using rule 62 (expression -> call_stmt .)
    MUL             reduce using rule 62 (expression -> call_stmt .)
    DIV             reduce using rule 62 (expression -> call_stmt .)
    MOD             reduce using rule 62 (expression -> call_stmt .)
    POW             reduce using rule 62 (expression -> call_stmt .)
    GT              reduce using rule 62 (expression -> call_stmt .)
    LT              reduce using rule 62 (expression -> call_stmt .)
    GE              reduce using rule 62 (expression -> call_stmt .)
    LE              reduce using rule 62 (expression -> call_stmt .)
    EQ              reduce using rule 62 (expression -> call_stmt .)
    NE              reduce using rule 62 (expression -> call_stmt .)
    AND             reduce using rule 62 (expression -> call_stmt .)
    OR              reduce using rule 62 (expression -> call_stmt .)
    SEMICOLON       reduce using rule 62 (expression -> call_stmt .)
    COLON           reduce using rule 62 (expression -> call_stmt .)

  ! LBRACKET        [ reduce using rule 62 (expression -> call_stmt .) ]
  ! SUB             [ reduce using rule 62 (expression -> call_stmt .) ]
  ! LPAREN          [ reduce using rule 62 (expression -> call_stmt .) ]
  ! NOT             [ reduce using rule 62 (expression -> call_stmt .) ]
  ! LBRACE          [ reduce using rule 62 (expression -> call_stmt .) ]
  ! LAMBDA          [ reduce using rule 62 (expression -> call_stmt .) ]
  ! LET             [ reduce using rule 62 (expression -> call_stmt .) ]
  ! ID              [ reduce using rule 62 (expression -> call_stmt .) ]
  ! DISP            [ reduce using rule 62 (expression -> call_stmt .) ]
  ! ENTRY           [ reduce using rule 62 (expression -> call_stmt .) ]
  ! IF              [ reduce using rule 62 (expression -> call_stmt .) ]
  ! WHILE           [ reduce using rule 62 (expression -> call_stmt .) ]
  ! FUNCTION        [ reduce using rule 62 (expression -> call_stmt .) ]
  ! FOR             [ reduce using rule 62 (expression -> call_stmt .) ]
  ! CONT            [ reduce using rule 62 (expression -> call_stmt .) ]
  ! BREAK           [ reduce using rule 62 (expression -> call_stmt .) ]
  ! RETURN          [ reduce using rule 62 (expression -> call_stmt .) ]
  ! TRY             [ reduce using rule 62 (expression -> call_stmt .) ]
  ! THROW           [ reduce using rule 62 (expression -> call_stmt .) ]
  ! ASSERT          [ reduce using rule 62 (expression -> call_stmt .) ]
  ! ASSERT_EQ       [ reduce using rule 62 (expression -> call_stmt .) ]
  ! ATTEMPT         [ reduce using rule 62 (expression -> call_stmt .) ]
  ! INT             [ reduce using rule 62 (expression -> call_stmt .) ]
  ! STR             [ reduce using rule 62 (expression -> call_stmt .) ]
  ! BOOL            [ reduce using rule 62 (expression -> call_stmt .) ]
  ! FLOAT           [ reduce using rule 62 (expression -> call_stmt .) ]
  ! $end            [ reduce using rule 62 (expression -> call_stmt .) ]
  ! RBRACE          [ reduce using rule 62 (expression -> call_stmt .) ]
  ! RPAREN          [ reduce using rule 62 (expression -> call_stmt .) ]
  ! OK_CHECK        [ reduce using rule 62 (expression -> call_stmt .) ]
  ! FALLBACK        [ reduce using rule 62 (expression -> call_stmt .) ]


state 18

    (16) statement -> try_ok_stmt .

    LPAREN          reduce using rule 16 (statement -> try_ok_stmt .)
    NOT             reduce using rule 16 (statement -> try_ok_stmt .)
    SUB             reduce using rule 16 (statement -> try_ok_stmt .)
    LBRACKET        reduce using rule 16 (statement -> try_ok_stmt .)
    LBRACE          reduce using rule 16 (statement -> try_ok_stmt .)
    LAMBDA          reduce using rule 16 (statement -> try_ok_stmt .)
    LET             reduce using rule 16 (statement -> try_ok_stmt .)
    ID              reduce using rule 16 (statement -> try_ok_stmt .)
    DISP            reduce using rule 16 (statement -> try_ok_stmt .)
    ENTRY           reduce using rule 16 (statement -> try_ok_stmt .)
    IF              reduce using rule 16 (statement -> try_ok_stmt .)
    WHILE           reduce using rule 16 (statement -> try_ok_stmt .)
    FUNCTION        reduce using rule 16 (statement -> try_ok_stmt .)
    FOR             reduce using rule 16 (statement -> try_ok_stmt .)
    CONT            reduce using rule 16 (statement -> try_ok_stmt .)
    BREAK           reduce using rule 16 (statement -> try_ok_stmt .)
    RETURN          reduce using rule 16 (statement -> try_ok_stmt .)
    TRY             reduce using rule 16 (statement -> try_ok_stmt .)
    THROW           reduce using rule 16 (statement -> try_ok_stmt .)
    ASSERT          reduce using rule 16 (statement -> try_ok_stmt .)
    ASSERT_EQ       reduce using rule 16 (statement -> try_ok_stmt .)
    ATTEMPT         reduce using rule 16 (statement -> try_ok_stmt .)
    INT             reduce using rule 16 (statement -> try_ok_stmt .)
    STR             reduce using rule 16 (statement -> try_ok_stmt .)
    BOOL            reduce using rule 16 (statement -> try_ok_stmt .)
    FLOAT           reduce using rule 16 (statement -> try_ok_stmt .)
    $end            reduce using rule 16 (statement -> try_ok_stmt .)
    RBRACE          reduce using rule 16 (statement -> try_ok_stmt .)
    OK_CHECK        reduce using rule 16 (statement -> try_ok_stmt .)
    RPAREN          reduce using rule 16 (statement -> try_ok_stmt .)
    FALLBACK        reduce using rule 16 (statement -> try_ok_stmt .)


state 19

    (17) statement -> throw_stmt .

    LPAREN          reduce using rule 17 (statement -> throw_stmt .)
    NOT             reduce using rule 17 (statement -> throw_stmt .)
    SUB             reduce using rule 17 (statement -> throw_stmt .)
    LBRACKET        reduce using rule 17 (statement -> throw_stmt .)
    LBRACE          reduce using rule 17 (statement -> throw_stmt .)
    LAMBDA          reduce using rule 17 (statement -> throw_stmt .)
    LET             reduce using rule 17 (statement -> throw_stmt .)
    ID              reduce using rule 17 (statement -> throw_stmt .)
    DISP            reduce using rule 17 (statement -> throw_stmt .)
    ENTRY           reduce using rule 17 (statement -> throw_stmt .)
    IF              reduce using rule 17 (statement -> throw_stmt .)
    WHILE           reduce using rule 17 (statement -> throw_stmt .)
    FUNCTION        reduce using rule 17 (statement -> throw_stmt .)
    FOR             reduce using rule 17 (statement -> throw_stmt .)
    CONT            reduce using rule 17 (statement -> throw_stmt .)
    BREAK           reduce using rule 17 (statement -> throw_stmt .)
    RETURN          reduce using rule 17 (statement -> throw_stmt .)
    TRY             reduce using rule 17 (statement -> throw_stmt .)
    THROW           reduce using rule 17 (statement -> throw_stmt .)
    ASSERT          reduce using rule 17 (statement -> throw_stmt .)
    ASSERT_EQ       reduce using rule 17 (statement -> throw_stmt .)
    ATTEMPT         reduce using rule 17 (statement -> throw_stmt .)
    INT             reduce using rule 17 (statement -> throw_stmt .)
    STR             reduce using rule 17 (statement -> throw_stmt .)
    BOOL            reduce using rule 17 (statement -> throw_stmt .)
    FLOAT           reduce using rule 17 (statement -> throw_stmt .)
    $end            reduce using rule 17 (statement -> throw_stmt .)
    RBRACE          reduce using rule 17 (statement -> throw_stmt .)
    OK_CHECK        reduce using rule 17 (statement -> throw_stmt .)
    RPAREN          reduce using rule 17 (statement -> throw_stmt .)
    FALLBACK        reduce using rule 17 (statement -> throw_stmt .)


state 20

    (18) statement -> assert_stmt .

    LPAREN          reduce using rule 18 (statement -> assert_stmt .)
    NOT             reduce using rule 18 (statement -> assert_stmt .)
    SUB             reduce using rule 18 (statement -> assert_stmt .)
    LBRACKET        reduce using rule 18 (statement -> assert_stmt .)
    LBRACE          reduce using rule 18 (statement -> assert_stmt .)
    LAMBDA          reduce using rule 18 (statement -> assert_stmt .)
    LET             reduce using rule 18 (statement -> assert_stmt .)
    ID              reduce using rule 18 (statement -> assert_stmt .)
    DISP            reduce using rule 18 (statement -> assert_stmt .)
    ENTRY           reduce using rule 18 (statement -> assert_stmt .)
    IF              reduce using rule 18 (statement -> assert_stmt .)
    WHILE           reduce using rule 18 (statement -> assert_stmt .)
    FUNCTION        reduce using rule 18 (statement -> assert_stmt .)
    FOR             reduce using rule 18 (statement -> assert_stmt .)
    CONT            reduce using rule 18 (statement -> assert_stmt .)
    BREAK           reduce using rule 18 (statement -> assert_stmt .)
    RETURN          reduce using rule 18 (statement -> assert_stmt .)
    TRY             reduce using rule 18 (statement -> assert_stmt .)
    THROW           reduce using rule 18 (statement -> assert_stmt .)
    ASSERT          reduce using rule 18 (statement -> assert_stmt .)
    ASSERT_EQ       reduce using rule 18 (statement -> assert_stmt .)
    ATTEMPT         reduce using rule 18 (statement -> assert_stmt .)
    INT             reduce using rule 18 (statement -> assert_stmt .)
    STR             reduce using rule 18 (statement -> assert_stmt .)
    BOOL            reduce using rule 18 (statement -> assert_stmt .)
    FLOAT           reduce using rule 18 (statement -> assert_stmt .)
    $end            reduce using rule 18 (statement -> assert_stmt .)
    RBRACE          reduce using rule 18 (statement -> assert_stmt .)
    OK_CHECK        reduce using rule 18 (statement -> assert_stmt .)
    RPAREN          reduce using rule 18 (statement -> assert_stmt .)
    FALLBACK        reduce using rule 18 (statement -> assert_stmt .)


state 21

    (19) statement -> assert_eq_stmt .

    LPAREN          reduce using rule 19 (statement -> assert_eq_stmt .)
    NOT             reduce using rule 19 (statement -> assert_eq_stmt .)
    SUB             reduce using rule 19 (statement -> assert_eq_stmt .)
    LBRACKET        reduce using rule 19 (statement -> assert_eq_stmt .)
    LBRACE          reduce using rule 19 (statement -> assert_eq_stmt .)
    LAMBDA          reduce using rule 19 (statement -> assert_eq_stmt .)
    LET             reduce using rule 19 (statement -> assert_eq_stmt .)
    ID              reduce using rule 19 (statement -> assert_eq_stmt .)
    DISP            reduce using rule 19 (statement -> assert_eq_stmt .)
    ENTRY           reduce using rule 19 (statement -> assert_eq_stmt .)
    IF              reduce using rule 19 (statement -> assert_eq_stmt .)
    WHILE           reduce using rule 19 (statement -> assert_eq_stmt .)
    FUNCTION        reduce using rule 19 (statement -> assert_eq_stmt .)
    FOR             reduce using rule 19 (statement -> assert_eq_stmt .)
    CONT            reduce using rule 19 (statement -> assert_eq_stmt .)
    BREAK           reduce using rule 19 (statement -> assert_eq_stmt .)
    RETURN          reduce using rule 19 (statement -> assert_eq_stmt .)
    TRY             reduce using rule 19 (statement -> assert_eq_stmt .)
    THROW           reduce using rule 19 (statement -> assert_eq_stmt .)
    ASSERT          reduce using rule 19 (statement -> assert_eq_stmt .)
    ASSERT_EQ       reduce using rule 19 (statement -> assert_eq_stmt .)
    ATTEMPT         reduce using rule 19 (statement -> assert_eq_stmt .)
    INT             reduce using rule 19 (statement -> assert_eq_stmt .)
    STR             reduce using rule 19 (statement -> assert_eq_stmt .)
    BOOL            reduce using rule 19 (statement -> assert_eq_stmt .)
    FLOAT           reduce using rule 19 (statement -> assert_eq_stmt .)
    $end            reduce using rule 19 (statement -> assert_eq_stmt .)
    RBRACE          reduce using rule 19 (statement -> assert_eq_stmt .)
    OK_CHECK        reduce using rule 19 (statement -> assert_eq_stmt .)
    RPAREN          reduce using rule 19 (statement -> assert_eq_stmt .)
    FALLBACK        reduce using rule 19 (statement -> assert_eq_stmt .)


state 22

    (20) statement -> attempt_stmt .

    LPAREN          reduce using rule 20 (statement -> attempt_stmt .)
    NOT             reduce using rule 20 (statement -> attempt_stmt .)
    SUB             reduce using rule 20 (statement -> attempt_stmt .)
    LBRACKET        reduce using rule 20 (statement -> attempt_stmt .)
    LBRACE          reduce using rule 20 (statement -> attempt_stmt .)
    LAMBDA          reduce using rule 20 (statement -> attempt_stmt .)
    LET             reduce using rule 20 (statement -> attempt_stmt .)
    ID              reduce using rule 20 (statement -> attempt_stmt .)
    DISP            reduce using rule 20 (statement -> attempt_stmt .)
    ENTRY           reduce using rule 20 (statement -> attempt_stmt .)
    IF              reduce using rule 20 (statement -> attempt_stmt .)
    WHILE           reduce using rule 20 (statement -> attempt_stmt .)
    FUNCTION        reduce using rule 20 (statement -> attempt_stmt .)
    FOR             reduce using rule 20 (statement -> attempt_stmt .)
    CONT            reduce using rule 20 (statement -> attempt_stmt .)
    BREAK           reduce using rule 20 (statement -> attempt_stmt .)
    RETURN          reduce using rule 20 (statement -> attempt_stmt .)
    TRY             reduce using rule 20 (statement -> attempt_stmt .)
    THROW           reduce using rule 20 (statement -> attempt_stmt .)
    ASSERT          reduce using rule 20 (statement -> attempt_stmt .)
    ASSERT_EQ       reduce using rule 20 (statement -> attempt_stmt .)
    ATTEMPT         reduce using rule 20 (statement -> attempt_stmt .)
    INT             reduce using rule 20 (statement -> attempt_stmt .)
    STR             reduce using rule 20 (statement -> attempt_stmt .)
    BOOL            reduce using rule 20 (statement -> attempt_stmt .)
    FLOAT           reduce using rule 20 (statement -> attempt_stmt .)
    $end            reduce using rule 20 (statement -> attempt_stmt .)
    RBRACE          reduce using rule 20 (statement -> attempt_stmt .)
    OK_CHECK        reduce using rule 20 (statement -> attempt_stmt .)
    RPAREN          reduce using rule 20 (statement -> attempt_stmt .)
    FALLBACK        reduce using rule 20 (statement -> attempt_stmt .)


state 23

    (23) statement -> empty .

    LPAREN          reduce using rule 23 (statement -> empty .)
    NOT             reduce using rule 23 (statement -> empty .)
    SUB             reduce using rule 23 (statement -> empty .)
    LBRACKET        reduce using rule 23 (statement -> empty .)
    LBRACE          reduce using rule 23 (statement -> empty .)
    LAMBDA          reduce using rule 23 (statement -> empty .)
    LET             reduce using rule 23 (statement -> empty .)
    ID              reduce using rule 23 (statement -> empty .)
    DISP            reduce using rule 23 (statement -> empty .)
    ENTRY           reduce using rule 23 (statement -> empty .)
    IF              reduce using rule 23 (statement -> empty .)
    WHILE           reduce using rule 23 (statement -> empty .)
    FUNCTION        reduce using rule 23 (statement -> empty .)
    FOR             reduce using rule 23 (statement -> empty .)
    CONT            reduce using rule 23 (statement -> empty .)
    BREAK           reduce using rule 23 (statement -> empty .)
    RETURN          reduce using rule 23 (statement -> empty .)
    TRY             reduce using rule 23 (statement -> empty .)
    THROW           reduce using rule 23 (statement -> empty .)
    ASSERT          reduce using rule 23 (statement -> empty .)
    ASSERT_EQ       reduce using rule 23 (statement -> empty .)
    ATTEMPT         reduce using rule 23 (statement -> empty .)
    INT             reduce using rule 23 (statement -> empty .)
    STR             reduce using rule 23 (statement -> empty .)
    BOOL            reduce using rule 23 (statement -> empty .)
    FLOAT           reduce using rule 23 (statement -> empty .)
    $end            reduce using rule 23 (statement -> empty .)
    RBRACE          reduce using rule 23 (statement -> empty .)
    OK_CHECK        reduce using rule 23 (statement -> empty .)
    RPAREN          reduce using rule 23 (statement -> empty .)
    FALLBACK        reduce using rule 23 (statement -> empty .)


state 24

    (27) expression -> variable .

    LBRACKET        reduce using rule 27 (expression -> variable .)
    DOT             reduce using rule 27 (expression -> variable .)
    ADD             reduce using rule 27 (expression -> variable .)
    SUB             reduce using rule 27 (expression -> variable .)
    MUL             reduce using rule 27 (expression -> variable .)
    DIV             reduce using rule 27 (expression -> variable .)
    MOD             reduce using rule 27 (expression -> variable .)
    POW             reduce using rule 27 (expression -> variable .)
    GT              reduce using rule 27 (expression -> variable .)
    LT              reduce using rule 27 (expression -> variable .)
    GE              reduce using rule 27 (expression -> variable .)
    LE              reduce using rule 27 (expression -> variable .)
    EQ              reduce using rule 27 (expression -> variable .)
    NE              reduce using rule 27 (expression -> variable .)
    AND             reduce using rule 27 (expression -> variable .)
    OR              reduce using rule 27 (expression -> variable .)
    SEMICOLON       reduce using rule 27 (expression -> variable .)
    LPAREN          reduce using rule 27 (expression -> variable .)
    NOT             reduce using rule 27 (expression -> variable .)
    LBRACE          reduce using rule 27 (expression -> variable .)
    LAMBDA          reduce using rule 27 (expression -> variable .)
    LET             reduce using rule 27 (expression -> variable .)
    ID              reduce using rule 27 (expression -> variable .)
    DISP            reduce using rule 27 (expression -> variable .)
    ENTRY           reduce using rule 27 (expression -> variable .)
    IF              reduce using rule 27 (expression -> variable .)
    WHILE           reduce using rule 27 (expression -> variable .)
    FUNCTION        reduce using rule 27 (expression -> variable .)
    FOR             reduce using rule 27 (expression -> variable .)
    CONT            reduce using rule 27 (expression -> variable .)
    BREAK           reduce using rule 27 (expression -> variable .)
    RETURN          reduce using rule 27 (expression -> variable .)
    TRY             reduce using rule 27 (expression -> variable .)
    THROW           reduce using rule 27 (expression -> variable .)
    ASSERT          reduce using rule 27 (expression -> variable .)
    ASSERT_EQ       reduce using rule 27 (expression -> variable .)
    ATTEMPT         reduce using rule 27 (expression -> variable .)
    INT             reduce using rule 27 (expression -> variable .)
    STR             reduce using rule 27 (expression -> variable .)
    BOOL            reduce using rule 27 (expression -> variable .)
    FLOAT           reduce using rule 27 (expression -> variable .)
    $end            reduce using rule 27 (expression -> variable .)
    RPAREN          reduce using rule 27 (expression -> variable .)
    RBRACKET        reduce using rule 27 (expression -> variable .)
    COMMA           reduce using rule 27 (expression -> variable .)
    COLON           reduce using rule 27 (expression -> variable .)
    RBRACE          reduce using rule 27 (expression -> variable .)
    OK_CHECK        reduce using rule 27 (expression -> variable .)
    FALLBACK        reduce using rule 27 (expression -> variable .)


state 25

    (28) expression -> bin_ops .

    LBRACKET        reduce using rule 28 (expression -> bin_ops .)
    DOT             reduce using rule 28 (expression -> bin_ops .)
    ADD             reduce using rule 28 (expression -> bin_ops .)
    SUB             reduce using rule 28 (expression -> bin_ops .)
    MUL             reduce using rule 28 (expression -> bin_ops .)
    DIV             reduce using rule 28 (expression -> bin_ops .)
    MOD             reduce using rule 28 (expression -> bin_ops .)
    POW             reduce using rule 28 (expression -> bin_ops .)
    GT              reduce using rule 28 (expression -> bin_ops .)
    LT              reduce using rule 28 (expression -> bin_ops .)
    GE              reduce using rule 28 (expression -> bin_ops .)
    LE              reduce using rule 28 (expression -> bin_ops .)
    EQ              reduce using rule 28 (expression -> bin_ops .)
    NE              reduce using rule 28 (expression -> bin_ops .)
    AND             reduce using rule 28 (expression -> bin_ops .)
    OR              reduce using rule 28 (expression -> bin_ops .)
    SEMICOLON       reduce using rule 28 (expression -> bin_ops .)
    LPAREN          reduce using rule 28 (expression -> bin_ops .)
    NOT             reduce using rule 28 (expression -> bin_ops .)
    LBRACE          reduce using rule 28 (expression -> bin_ops .)
    LAMBDA          reduce using rule 28 (expression -> bin_ops .)
    LET             reduce using rule 28 (expression -> bin_ops .)
    ID              reduce using rule 28 (expression -> bin_ops .)
    DISP            reduce using rule 28 (expression -> bin_ops .)
    ENTRY           reduce using rule 28 (expression -> bin_ops .)
    IF              reduce using rule 28 (expression -> bin_ops .)
    WHILE           reduce using rule 28 (expression -> bin_ops .)
    FUNCTION        reduce using rule 28 (expression -> bin_ops .)
    FOR             reduce using rule 28 (expression -> bin_ops .)
    CONT            reduce using rule 28 (expression -> bin_ops .)
    BREAK           reduce using rule 28 (expression -> bin_ops .)
    RETURN          reduce using rule 28 (expression -> bin_ops .)
    TRY             reduce using rule 28 (expression -> bin_ops .)
    THROW           reduce using rule 28 (expression -> bin_ops .)
    ASSERT          reduce using rule 28 (expression -> bin_ops .)
    ASSERT_EQ       reduce using rule 28 (expression -> bin_ops .)
    ATTEMPT         reduce using rule 28 (expression -> bin_ops .)
    INT             reduce using rule 28 (expression -> bin_ops .)
    STR             reduce using rule 28 (expression -> bin_ops .)
    BOOL            reduce using rule 28 (expression -> bin_ops .)
    FLOAT           reduce using rule 28 (expression -> bin_ops .)
    $end            reduce using rule 28 (expression -> bin_ops .)
    RPAREN          reduce using rule 28 (expression -> bin_ops .)
    RBRACKET        reduce using rule 28 (expression -> bin_ops .)
    COMMA           reduce using rule 28 (expression -> bin_ops .)
    COLON           reduce using rule 28 (expression -> bin_ops .)
    RBRACE          reduce using rule 28 (expression -> bin_ops .)
    OK_CHECK        reduce using rule 28 (expression -> bin_ops .)
    FALLBACK        reduce using rule 28 (expression -> bin_ops .)


state 26

    (29) expression -> LPAREN . expression RPAREN
    (27) expression -> . variable
    (28) expression -> . bin_ops
    (29) expression -> . LPAREN expression RPAREN
    (45) expression -> . NOT expression
    (46) expression -> . SUB expression
    (62) expression -> . call_stmt
    (91) expression -> . LBRACKET args RBRACKET
    (92) expression -> . LBRACKET empty RBRACKET
    (93) expression -> . expression LBRACKET expression RBRACKET
    (95) expression -> . expression DOT ID LPAREN arg_list RPAREN
    (96) expression -> . LBRACE hash_elements RBRACE
    (97) expression -> . LBRACE empty RBRACE
    (115) expression -> . LAMBDA LPAREN params RPAREN COLON type ARROW expression
    (116) expression -> . LAMBDA LPAREN params RPAREN ARROW expression
    (117) expression -> . LAMBDA LPAREN RPAREN ARROW expression
    (30) variable -> . INT
    (31) variable -> . STR
    (32) variable -> . BOOL
    (33) variable -> . ID
    (34) variable -> . FLOAT
    (63) bin_ops -> . expression ADD expression
    (64) bin_ops -> . expression SUB expression
    (65) bin_ops -> . expression MUL expression
    (66) bin_ops -> . expression DIV expression
    (67) bin_ops -> . expression MOD expression
    (68) bin_ops -> . expression POW expression
    (69) bin_ops -> . expression GT expression
    (70) bin_ops -> . expression LT expression
    (71) bin_ops -> . expression GE expression
    (72) bin_ops -> . expression LE expression
    (73) bin_ops -> . expression EQ expression
    (74) bin_ops -> . expression NE expression
    (75) bin_ops -> . expression AND expression
    (76) bin_ops -> . expression OR expression
    (61) call_stmt -> . ID LPAREN arg_list RPAREN

    LPAREN          shift and go to state 26
    NOT             shift and go to state 27
    SUB             shift and go to state 28
    LBRACKET        shift and go to state 29
    LBRACE          shift and go to state 75
    LAMBDA          shift and go to state 32
    INT             shift and go to state 48
    STR             shift and go to state 49
    BOOL            shift and go to state 50
    ID              shift and go to state 74
    FLOAT           shift and go to state 51

    expression                     shift and go to state 72
    variable                       shift and go to state 24
    bin_ops                        shift and go to state 25
    call_stmt                      shift and go to state 73

state 27

    (45) expression -> NOT . expression
    (27) expression -> . variable
    (28) expression -> . bin_ops
    (29) expression -> . LPAREN expression RPAREN
    (45) expression -> . NOT expression
    (46) expression -> . SUB expression
    (62) expression -> . call_stmt
    (91) expression -> . LBRACKET args RBRACKET
    (92) expression -> . LBRACKET empty RBRACKET
    (93) expression -> . expression LBRACKET expression RBRACKET
    (95) expression -> . expression DOT ID LPAREN arg_list RPAREN
    (96) expression -> . LBRACE hash_elements RBRACE
    (97) expression -> . LBRACE empty RBRACE
    (115) expression -> . LAMBDA LPAREN params RPAREN COLON type ARROW expression
    (116) expression -> . LAMBDA LPAREN params RPAREN ARROW expression
    (117) expression -> . LAMBDA LPAREN RPAREN ARROW expression
    (30) variable -> . INT
    (31) variable -> . STR
    (32) variable -> . BOOL
    (33) variable -> . ID
    (34) variable -> . FLOAT
    (63) bin_ops -> . expression ADD expression
    (64) bin_ops -> . expression SUB expression
    (65) bin_ops -> . expression MUL expression
    (66) bin_ops -> . expression DIV expression
    (67) bin_ops -> . expression MOD expression
    (68) bin_ops -> . expression POW expression
    (69) bin_ops -> . expression GT expression
    (70) bin_ops -> . expression LT expression
    (71) bin_ops -> . expression GE expression
    (72) bin_ops -> . expression LE expression
    (73) bin_ops -> . expression EQ expression
    (74) bin_ops -> . expression NE expression
    (75) bin_ops -> . expression AND expression
    (76) bin_ops -> . expression OR expression
    (61) call_stmt -> . ID LPAREN arg_list RPAREN

    LPAREN          shift and go to state 26
    NOT             shift and go to state 27
    SUB             shift and go to state 28
    LBRACKET        shift and go to state 29
    LBRACE          shift and go to state 75
    LAMBDA          shift and go to state 32
    INT             shift and go to state 48
    STR             shift and go to state 49
    BOOL            shift and go to state 50
    ID              shift and go to state 74
    FLOAT           shift and go to state 51

    expression                     shift and go to state 76
    variable                       shift and go to state 24
    bin_ops                        shift and go to state 25
    call_stmt                      shift and go to state 73

state 28

    (46) expression -> SUB . expression
    (27) expression -> . variable
    (28) expression -> . bin_ops
    (29) expression -> . LPAREN expression RPAREN
    (45) expression -> . NOT expression
    (46) expression -> . SUB expression
    (62) expression -> . call_stmt
    (91) expression -> . LBRACKET args RBRACKET
    (92) expression -> . LBRACKET empty RBRACKET
    (93) expression -> . expression LBRACKET expression RBRACKET
    (95) expression -> . expression DOT ID LPAREN arg_list RPAREN
    (96) expression -> . LBRACE hash_elements RBRACE
    (97) expression -> . LBRACE empty RBRACE
    (115) expression -> . LAMBDA LPAREN params RPAREN COLON type ARROW expression
    (116) expression -> . LAMBDA LPAREN params RPAREN ARROW expression
    (117) expression -> . LAMBDA LPAREN RPAREN ARROW expression
    (30) variable -> . INT
    (31) variable -> . STR
    (32) variable -> . BOOL
    (33) variable -> . ID
    (34) variable -> . FLOAT
    (63) bin_ops -> . expression ADD expression
    (64) bin_ops -> . expression SUB expression
    (65) bin_ops -> . expression MUL expression
    (66) bin_ops -> . expression DIV expression
    (67) bin_ops -> . expression MOD expression
    (68) bin_ops -> . expression POW expression
    (69) bin_ops -> . expression GT expression
    (70) bin_ops -> . expression LT expression
    (71) bin_ops -> . expression GE expression
    (72) bin_ops -> . expression LE expression
    (73) bin_ops -> . expression EQ expression
    (74) bin_ops -> . expression NE expression
    (75) bin_ops -> . expression AND expression
    (76) bin_ops -> . expression OR expression
    (61) call_stmt -> . ID LPAREN arg_list RPAREN

    LPAREN          shift and go to state 26
    NOT             shift and go to state 27
    SUB             shift and go to state 28
    LBRACKET        shift and go to state 29
    LBRACE          shift and go to state 75
    LAMBDA          shift and go to state 32
    INT             shift and go to state 48
    STR             shift and go to state 49
    BOOL            shift and go to state 50
    ID              shift and go to state 74
    FLOAT           shift and go to state 51

    expression                     shift and go to state 77
    variable                       shift and go to state 24
    bin_ops                        shift and go to state 25
    call_stmt                      shift and go to state 73

state 29

    (91) expression -> LBRACKET . args RBRACKET
    (92) expression -> LBRACKET . empty RBRACKET
    (57) args -> . expression
    (58) args -> . args COMMA expression
    (118) empty -> .
    (27) expression -> . variable
    (28) expression -> . bin_ops
    (29) expression -> . LPAREN expression RPAREN
    (45) expression -> . NOT expression
    (46) expression -> . SUB expression
    (62) expression -> . call_stmt
    (91) expression -> . LBRACKET args RBRACKET
    (92) expression -> . LBRACKET empty RBRACKET
    (93) expression -> . expression LBRACKET expression RBRACKET
    (95) expression -> . expression DOT ID LPAREN arg_list RPAREN
    (96) expression -> . LBRACE hash_elements RBRACE
    (97) expression -> . LBRACE empty RBRACE
    (115) expression -> . LAMBDA LPAREN params RPAREN COLON type ARROW expression
    (116) expression -> . LAMBDA LPAREN params RPAREN ARROW expression
    (117) expression -> . LAMBDA LPAREN RPAREN ARROW expression
    (30) variable -> . INT
    (31) variable -> . STR
    (32) variable -> . BOOL
    (33) variable -> . ID
    (34) variable -> . FLOAT
    (63) bin_ops -> . expression ADD expression
    (64) bin_ops -> . expression SUB expression
    (65) bin_ops -> . expression MUL expression
    (66) bin_ops -> . expression DIV expression
    (67) bin_ops -> . expression MOD expression
    (68) bin_ops -> . expression POW expression
    (69) bin_ops -> . expression GT expression
    (70) bin_ops -> . expression LT expression
    (71) bin_ops -> . expression GE expression
    (72) bin_ops -> . expression LE expression
    (73) bin_ops -> . expression EQ expression
    (74) bin_ops -> . expression NE expression
    (75) bin_ops -> . expression AND expression
    (76) bin_ops -> . expression OR expression
    (61) call_stmt -> . ID LPAREN arg_list RPAREN

    RBRACKET        reduce using rule 118 (empty -> .)
    LPAREN          shift and go to state 26
    NOT             shift and go to state 27
    SUB             shift and go to state 28
    LBRACKET        shift and go to state 29
    LBRACE          shift and go to state 75
    LAMBDA          shift and go to state 32
    INT             shift and go to state 48
    STR             shift and go to state 49
    BOOL            shift and go to state 50
    ID              shift and go to state 74
    FLOAT           shift and go to state 51

    args                           shift and go to state 78
    empty                          shift and go to state 79
    expression                     shift and go to state 80
    variable                       shift and go to state 24
    bin_ops                        shift and go to state 25
    call_stmt                      shift and go to state 73

state 30

    (90) assign_stmt -> ID . ASSIGN expression optional_semicolon
    (61) call_stmt -> ID . LPAREN arg_list RPAREN
    (33) variable -> ID .

  ! shift/reduce conflict for LPAREN resolved as shift
    ASSIGN          shift and go to state 81
    LPAREN          shift and go to state 82
    LBRACKET        reduce using rule 33 (variable -> ID .)
    DOT             reduce using rule 33 (variable -> ID .)
    ADD             reduce using rule 33 (variable -> ID .)
    SUB             reduce using rule 33 (variable -> ID .)
    MUL             reduce using rule 33 (variable -> ID .)
    DIV             reduce using rule 33 (variable -> ID .)
    MOD             reduce using rule 33 (variable -> ID .)
    POW             reduce using rule 33 (variable -> ID .)
    GT              reduce using rule 33 (variable -> ID .)
    LT              reduce using rule 33 (variable -> ID .)
    GE              reduce using rule 33 (variable -> ID .)
    LE              reduce using rule 33 (variable -> ID .)
    EQ              reduce using rule 33 (variable -> ID .)
    NE              reduce using rule 33 (variable -> ID .)
    AND             reduce using rule 33 (variable -> ID .)
    OR              reduce using rule 33 (variable -> ID .)
    SEMICOLON       reduce using rule 33 (variable -> ID .)
    NOT             reduce using rule 33 (variable -> ID .)
    LBRACE          reduce using rule 33 (variable -> ID .)
    LAMBDA          reduce using rule 33 (variable -> ID .)
    LET             reduce using rule 33 (variable -> ID .)
    ID              reduce using rule 33 (variable -> ID .)
    DISP            reduce using rule 33 (variable -> ID .)
    ENTRY           reduce using rule 33 (variable -> ID .)
    IF              reduce using rule 33 (variable -> ID .)
    WHILE           reduce using rule 33 (variable -> ID .)
    FUNCTION        reduce using rule 33 (variable -> ID .)
    FOR             reduce using rule 33 (variable -> ID .)
    CONT            reduce using rule 33 (variable -> ID .)
    BREAK           reduce using rule 33 (variable -> ID .)
    RETURN          reduce using rule 33 (variable -> ID .)
    TRY             reduce using rule 33 (variable -> ID .)
    THROW           reduce using rule 33 (variable -> ID .)
    ASSERT          reduce using rule 33 (variable -> ID .)
    ASSERT_EQ       reduce using rule 33 (variable -> ID .)
    ATTEMPT         reduce using rule 33 (variable -> ID .)
    INT             reduce using rule 33 (variable -> ID .)
    STR             reduce using rule 33 (variable -> ID .)
    BOOL            reduce using rule 33 (variable -> ID .)
    FLOAT           reduce using rule 33 (variable -> ID .)
    $end            reduce using rule 33 (variable -> ID .)
    COLON           reduce using rule 33 (variable -> ID .)
    RBRACE          reduce using rule 33 (variable -> ID .)
    RPAREN          reduce using rule 33 (variable -> ID .)
    OK_CHECK        reduce using rule 33 (variable -> ID .)
    FALLBACK        reduce using rule 33 (variable -> ID .)

  ! LPAREN          [ reduce using rule 33 (variable -> ID .) ]


state 31

    (96) expression -> LBRACE . hash_elements RBRACE
    (97) expression -> LBRACE . empty RBRACE
    (35) block -> LBRACE . statements RBRACE
    (99) hash_elements -> . hash_element
    (100) hash_elements -> . hash_elements COMMA hash_element
    (118) empty -> .
    (21) statements -> . statement
    (22) statements -> . statements statement
    (98) hash_element -> . expression COLON expression
    (2) statement -> . expression optional_semicolon
    (3) statement -> . assign_stmt
    (4) statement -> . statement_index_assign
    (5) statement -> . disp_stmt
    (6) statement -> . entry_stmt
    (7) statement -> . If_Else_stmt
    (8) statement -> . while_stmt
    (9) statement -> . block
    (10) statement -> . function_stmt
    (11) statement -> . for_stmt
    (12) statement -> . continue_stmt
    (13) statement -> . break_stmt
    (14) statement -> . return_stmt
    (15) statement -> . call_stmt
    (16) statement -> . try_ok_stmt
    (17) statement -> . throw_stmt
    (18) statement -> . assert_stmt
    (19) statement -> . assert_eq_stmt
    (20) statement -> . attempt_stmt
    (23) statement -> . empty
    (27) expression -> . variable
    (28) expression -> . bin_ops
    (29) expression -> . LPAREN expression RPAREN
    (45) expression -> . NOT expression
    (46) expression -> . SUB expression
    (62) expression -> . call_stmt
    (91) expression -> . LBRACKET args RBRACKET
    (92) expression -> . LBRACKET empty RBRACKET
    (93) expression -> . expression LBRACKET expression RBRACKET
    (95) expression -> . expression DOT ID LPAREN arg_list RPAREN
    (96) expression -> . LBRACE hash_elements RBRACE
    (97) expression -> . LBRACE empty RBRACE
    (115) expression -> . LAMBDA LPAREN params RPAREN COLON type ARROW expression
    (116) expression -> . LAMBDA LPAREN params RPAREN ARROW expression
    (117) expression -> . LAMBDA LPAREN RPAREN ARROW expression
    (88) assign_stmt -> . LET ID COLON type ASSIGN expression optional_semicolon
    (89) assign_stmt -> . LET ID ASSIGN expression optional_semicolon
    (90) assign_stmt -> . ID ASSIGN expression optional_semicolon
    (94) statement_index_assign -> . expression LBRACKET expression RBRACKET ASSIGN expression optional_semicolon
    (24) disp_stmt -> . DISP LPAREN expression RPAREN optional_semicolon
    (25) entry_stmt -> . ENTRY LPAREN expression RPAREN optional_semicolon
    (26) entry_stmt -> . ENTRY optional_semicolon
    (36) If_Else_stmt -> . IF expression block
    (37) If_Else_stmt -> . IF expression block ELSE block
    (38) while_stmt -> . WHILE expression block
    (35) block -> . LBRACE statements RBRACE
    (55) function_stmt -> . FUNCTION ID COLON type param_list COLON block
    (56) function_stmt -> . FUNCTION ID param_list COLON block
    (39) for_stmt -> . FOR LPAREN statement expression SEMICOLON statement RPAREN block
    (40) for_stmt -> . FOR expression block
    (41) continue_stmt -> . CONT optional_semicolon
    (42) break_stmt -> . BREAK optional_semicolon
    (43) return_stmt -> . RETURN expression optional_semicolon
    (44) return_stmt -> . RETURN optional_semicolon
    (61) call_stmt -> . ID LPAREN arg_list RPAREN
    (102) try_ok_stmt -> . TRY COLON block OK_CHECK LBRACKET ID COMMA ID RBRACKET COLON block
    (103) try_ok_stmt -> . TRY COLON block OK_CHECK LBRACKET ID RBRACKET COLON block
    (104) try_ok_stmt -> . TRY COLON block OK_CHECK COLON block
    (105) try_ok_stmt -> . TRY COLON statements OK_CHECK LBRACKET ID COMMA ID RBRACKET COLON statements
    (106) try_ok_stmt -> . TRY COLON statements OK_CHECK LBRACKET ID RBRACKET COLON statements
    (107) try_ok_stmt -> . TRY COLON statements OK_CHECK COLON statements
    (101) throw_stmt -> . THROW expression optional_semicolon
    (108) assert_stmt -> . ASSERT expression COMMA expression optional_semicolon
    (109) assert_stmt -> . ASSERT expression optional_semicolon
    (110) assert_eq_stmt -> . ASSERT_EQ expression COMMA expression optional_semicolon
    (111) attempt_stmt -> . ATTEMPT LPAREN expression RPAREN COLON block FALLBACK COLON block
    (112) attempt_stmt -> . ATTEMPT LPAREN expression RPAREN COLON block
    (113) attempt_stmt -> . ATTEMPT LPAREN expression RPAREN COLON statements FALLBACK COLON statements
    (114) attempt_stmt -> . ATTEMPT LPAREN expression RPAREN COLON statements
    (30) variable -> . INT
    (31) variable -> . STR
    (32) variable -> . BOOL
    (33) variable -> . ID
    (34) variable -> . FLOAT
    (63) bin_ops -> . expression ADD expression
    (64) bin_ops -> . expression SUB expression
    (65) bin_ops -> . expression MUL expression
    (66) bin_ops -> . expression DIV expression
    (67) bin_ops -> . expression MOD expression
    (68) bin_ops -> . expression POW expression
    (69) bin_ops -> . expression GT expression
    (70) bin_ops -> . expression LT expression
    (71) bin_ops -> . expression GE expression
    (72) bin_ops -> . expression LE expression
    (73) bin_ops -> . expression EQ expression
    (74) bin_ops -> . expression NE expression
    (75) bin_ops -> . expression AND expression
    (76) bin_ops -> . expression OR expression

  ! shift/reduce conflict for LPAREN resolved as shift
  ! shift/reduce conflict for NOT resolved as shift
  ! shift/reduce conflict for SUB resolved as shift
  ! shift/reduce conflict for LBRACKET resolved as shift
  ! shift/reduce conflict for LBRACE resolved as shift
  ! shift/reduce conflict for LAMBDA resolved as shift
  ! shift/reduce conflict for LET resolved as shift
  ! shift/reduce conflict for ID resolved as shift
  ! shift/reduce conflict for DISP resolved as shift
  ! shift/reduce conflict for ENTRY resolved as shift
  ! shift/reduce conflict for IF resolved as shift
  ! shift/reduce conflict for WHILE resolved as shift
  ! shift/reduce conflict for FUNCTION resolved as shift
  ! shift/reduce conflict for FOR resolved as shift
  ! shift/reduce conflict for CONT resolved as shift
  ! shift/reduce conflict for BREAK resolved as shift
  ! shift/reduce conflict for RETURN resolved as shift
  ! shift/reduce conflict for TRY resolved as shift
  ! shift/reduce conflict for THROW resolved as shift
  ! shift/reduce conflict for ASSERT resolved as shift
  ! shift/reduce conflict for ASSERT_EQ resolved as shift
  ! shift/reduce conflict for ATTEMPT resolved as shift
  ! shift/reduce conflict for INT resolved as shift
  ! shift/reduce conflict for STR resolved as shift
  ! shift/reduce conflict for BOOL resolved as shift
  ! shift/reduce conflict for FLOAT resolved as shift
    RBRACE          reduce using rule 118 (empty -> .)
    LPAREN          shift and go to state 26
    NOT             shift and go to state 27
    SUB             shift and go to state 28
    LBRACKET        shift and go to state 29
    LBRACE          shift and go to state 31
    LAMBDA          shift and go to state 32
    LET             shift and go to state 33
    ID              shift and go to state 30
    DISP            shift and go to state 34
    ENTRY           shift and go to state 35
    IF              shift and go to state 36
    WHILE           shift and go to state 37
    FUNCTION        shift and go to state 38
    FOR             shift and go to state 39
    CONT            shift and go to state 40
    BREAK           shift and go to state 41
    RETURN          shift and go to state 42
    TRY             shift and go to state 43
    THROW           shift and go to state 44
    ASSERT          shift and go to state 45
    ASSERT_EQ       shift and go to state 46
    ATTEMPT         shift and go to state 47
    INT             shift and go to state 48
    STR             shift and go to state 49
    BOOL            shift and go to state 50
    FLOAT           shift and go to state 51

  ! LPAREN          [ reduce using rule 118 (empty -> .) ]
  ! NOT             [ reduce using rule 118 (empty -> .) ]
  ! SUB             [ reduce using rule 118 (empty -> .) ]
  ! LBRACKET        [ reduce using rule 118 (empty -> .) ]
  ! LBRACE          [ reduce using rule 118 (empty -> .) ]
  ! LAMBDA          [ reduce using rule 118 (empty -> .) ]
  ! LET             [ reduce using rule 118 (empty -> .) ]
  ! ID              [ reduce using rule 118 (empty -> .) ]
  ! DISP            [ reduce using rule 118 (empty -> .) ]
  ! ENTRY           [ reduce using rule 118 (empty -> .) ]
  ! IF              [ reduce using rule 118 (empty -> .) ]
  ! WHILE           [ reduce using rule 118 (empty -> .) ]
  ! FUNCTION        [ reduce using rule 118 (empty -> .) ]
  ! FOR             [ reduce using rule 118 (empty -> .) ]
  ! CONT            [ reduce using rule 118 (empty -> .) ]
  ! BREAK           [ reduce using rule 118 (empty -> .) ]
  ! RETURN          [ reduce using rule 118 (empty -> .) ]
  ! TRY             [ reduce using rule 118 (empty -> .) ]
  ! THROW           [ reduce using rule 118 (empty -> .) ]
  ! ASSERT          [ reduce using rule 118 (empty -> .) ]
  ! ASSERT_EQ       [ reduce using rule 118 (empty -> .) ]
  ! ATTEMPT         [ reduce using rule 118 (empty -> .) ]
  ! INT             [ reduce using rule 118 (empty -> .) ]
  ! STR             [ reduce using rule 118 (empty -> .) ]
  ! BOOL            [ reduce using rule 118 (empty -> .) ]
  ! FLOAT           [ reduce using rule 118 (empty -> .) ]

    hash_elements                  shift and go to state 83
    empty                          shift and go to state 84
    statements                     shift and go to state 85
    hash_element                   shift and go to state 86
    statement                      shift and go to state 3
    expression                     shift and go to state 87
    assign_stmt                    shift and go to state 5
    statement_index_assign         shift and go to state 6
    disp_stmt                      shift and go to state 7
    entry_stmt                     shift and go to state 8
    If_Else_stmt                   shift and go to state 9
    while_stmt                     shift and go to state 10
    block                          shift and go to state 11
    function_stmt                  shift and go to state 12
    for_stmt                       shift and go to state 13
    continue_stmt                  shift and go to state 14
    break_stmt                     shift and go to state 15
    return_stmt                    shift and go to state 16
    call_stmt                      shift and go to state 17
    try_ok_stmt                    shift and go to state 18
    throw_stmt                     shift and go to state 19
    assert_stmt                    shift and go to state 20
    assert_eq_stmt                 shift and go to state 21
    attempt_stmt                   shift and go to state 22
    variable                       shift and go to state 24
    bin_ops                        shift and go to state 25

state 32

    (115) expression -> LAMBDA . LPAREN params RPAREN COLON type ARROW expression
    (116) expression -> LAMBDA . LPAREN params RPAREN ARROW expression
    (117) expression -> LAMBDA . LPAREN RPAREN ARROW expression

    LPAREN          shift and go to state 88


state 33

    (88) assign_stmt -> LET . ID COLON type ASSIGN expression optional_semicolon
    (89) assign_stmt -> LET . ID ASSIGN expression optional_semicolon

    ID              shift and go to state 89


state 34

    (24) disp_stmt -> DISP . LPAREN expression RPAREN optional_semicolon

    LPAREN          shift and go to state 90


state 35

    (25) entry_stmt -> ENTRY . LPAREN expression RPAREN optional_semicolon
    (26) entry_stmt -> ENTRY . optional_semicolon
    (119) optional_semicolon -> . SEMICOLON
    (120) optional_semicolon -> . empty
    (118) empty -> .

  ! shift/reduce conflict for LPAREN resolved as shift
    LPAREN          shift and go to state 91
    SEMICOLON       shift and go to state 70
    NOT             reduce using rule 118 (empty -> .)
    SUB             reduce using rule 118 (empty -> .)
    LBRACKET        reduce using rule 118 (empty -> .)
    LBRACE          reduce using rule 118 (empty -> .)
    LAMBDA          reduce using rule 118 (empty -> .)
    LET             reduce using rule 118 (empty -> .)
    ID              reduce using rule 118 (empty -> .)
    DISP            reduce using rule 118 (empty -> .)
    ENTRY           reduce using rule 118 (empty -> .)
    IF              reduce using rule 118 (empty -> .)
    WHILE           reduce using rule 118 (empty -> .)
    FUNCTION        reduce using rule 118 (empty -> .)
    FOR             reduce using rule 118 (empty -> .)
    CONT            reduce using rule 118 (empty -> .)
    BREAK           reduce using rule 118 (empty -> .)
    RETURN          reduce using rule 118 (empty -> .)
    TRY             reduce using rule 118 (empty -> .)
    THROW           reduce using rule 118 (empty -> .)
    ASSERT          reduce using rule 118 (empty -> .)
    ASSERT_EQ       reduce using rule 118 (empty -> .)
    ATTEMPT         reduce using rule 118 (empty -> .)
    INT             reduce using rule 118 (empty -> .)
    STR             reduce using rule 118 (empty -> .)
    BOOL            reduce using rule 118 (empty -> .)
    FLOAT           reduce using rule 118 (empty -> .)
    $end            reduce using rule 118 (empty -> .)
    RBRACE          reduce using rule 118 (empty -> .)
    OK_CHECK        reduce using rule 118 (empty -> .)
    RPAREN          reduce using rule 118 (empty -> .)
    FALLBACK        reduce using rule 118 (empty -> .)

  ! LPAREN          [ reduce using rule 118 (empty -> .) ]

    optional_semicolon             shift and go to state 92
    empty                          shift and go to state 71

state 36

    (36) If_Else_stmt -> IF . expression block
    (37) If_Else_stmt -> IF . expression block ELSE block
    (27) expression -> . variable
    (28) expression -> . bin_ops
    (29) expression -> . LPAREN expression RPAREN
    (45) expression -> . NOT expression
    (46) expression -> . SUB expression
    (62) expression -> . call_stmt
    (91) expression -> . LBRACKET args RBRACKET
    (92) expression -> . LBRACKET empty RBRACKET
    (93) expression -> . expression LBRACKET expression RBRACKET
    (95) expression -> . expression DOT ID LPAREN arg_list RPAREN
    (96) expression -> . LBRACE hash_elements RBRACE
    (97) expression -> . LBRACE empty RBRACE
    (115) expression -> . LAMBDA LPAREN params RPAREN COLON type ARROW expression
    (116) expression -> . LAMBDA LPAREN params RPAREN ARROW expression
    (117) expression -> . LAMBDA LPAREN RPAREN ARROW expression
    (30) variable -> . INT
    (31) variable -> . STR
    (32) variable -> . BOOL
    (33) variable -> . ID
    (34) variable -> . FLOAT
    (63) bin_ops -> . expression ADD expression
    (64) bin_ops -> . expression SUB expression
    (65) bin_ops -> . expression MUL expression
    (66) bin_ops -> . expression DIV expression
    (67) bin_ops -> . expression MOD expression
    (68) bin_ops -> . expression POW expression
    (69) bin_ops -> . expression GT expression
    (70) bin_ops -> . expression LT expression
    (71) bin_ops -> . expression GE expression
    (72) bin_ops -> . expression LE expression
    (73) bin_ops -> . expression EQ expression
    (74) bin_ops -> . expression NE expression
    (75) bin_ops -> . expression AND expression
    (76) bin_ops -> . expression OR expression
    (61) call_stmt -> . ID LPAREN arg_list RPAREN

    LPAREN          shift and go to state 26
    NOT             shift and go to state 27
    SUB             shift and go to state 28
    LBRACKET        shift and go to state 29
    LBRACE          shift and go to state 75
    LAMBDA          shift and go to state 32
    INT             shift and go to state 48
    STR             shift and go to state 49
    BOOL            shift and go to state 50
    ID              shift and go to state 74
    FLOAT           shift and go to state 51

    expression                     shift and go to state 93
    variable                       shift and go to state 24
    bin_ops                        shift and go to state 25
    call_stmt                      shift and go to state 73

state 37

    (38) while_stmt -> WHILE . expression block
    (27) expression -> . variable
    (28) expression -> . bin_ops
    (29) expression -> . LPAREN expression RPAREN
    (45) expression -> . NOT expression
    (46) expression -> . SUB expression
    (62) expression -> . call_stmt
    (91) expression -> . LBRACKET args RBRACKET
    (92) expression -> . LBRACKET empty RBRACKET
    (93) expression -> . expression LBRACKET expression RBRACKET
    (95) expression -> . expression DOT ID LPAREN arg_list RPAREN
    (96) expression -> . LBRACE hash_elements RBRACE
    (97) expression -> . LBRACE empty RBRACE
    (115) expression -> . LAMBDA LPAREN params RPAREN COLON type ARROW expression
    (116) expression -> . LAMBDA LPAREN params RPAREN ARROW expression
    (117) expression -> . LAMBDA LPAREN RPAREN ARROW expression
    (30) variable -> . INT
    (31) variable -> . STR
    (32) variable -> . BOOL
    (33) variable -> . ID
    (34) variable -> . FLOAT
    (63) bin_ops -> . expression ADD expression
    (64) bin_ops -> . expression SUB expression
    (65) bin_ops -> . expression MUL expression
    (66) bin_ops -> . expression DIV expression
    (67) bin_ops -> . expression MOD expression
    (68) bin_ops -> . expression POW expression
    (69) bin_ops -> . expression GT expression
    (70) bin_ops -> . expression LT expression
    (71) bin_ops -> . expression GE expression
    (72) bin_ops -> . expression LE expression
    (73) bin_ops -> . expression EQ expression
    (74) bin_ops -> . expression NE expression
    (75) bin_ops -> . expression AND expression
    (76) bin_ops -> . expression OR expression
    (61) call_stmt -> . ID LPAREN arg_list RPAREN

    LPAREN          shift and go to state 26
    NOT             shift and go to state 27
    SUB             shift and go to state 28
    LBRACKET        shift and go to state 29
    LBRACE          shift and go to state 75
    LAMBDA          shift and go to state 32
    INT             shift and go to state 48
    STR             shift and go to state 49
    BOOL            shift and go to state 50
    ID              shift and go to state 74
    FLOAT           shift and go to state 51

    expression                     shift and go to state 94
    variable                       shift and go to state 24
    bin_ops                        shift and go to state 25
    call_stmt                      shift and go to state 73

state 38

    (55) function_stmt -> FUNCTION . ID COLON type param_list COLON block
    (56) function_stmt -> FUNCTION . ID param_list COLON block

    ID              shift and go to state 95


state 39

    (39) for_stmt -> FOR . LPAREN statement expression SEMICOLON statement RPAREN block
    (40) for_stmt -> FOR . expression block
    (27) expression -> . variable
    (28) expression -> . bin_ops
    (29) expression -> . LPAREN expression RPAREN
    (45) expression -> . NOT expression
    (46) expression -> . SUB expression
    (62) expression -> . call_stmt
    (91) expression -> . LBRACKET args RBRACKET
    (92) expression -> . LBRACKET empty RBRACKET
    (93) expression -> . expression LBRACKET expression RBRACKET
    (95) expression -> . expression DOT ID LPAREN arg_list RPAREN
    (96) expression -> . LBRACE hash_elements RBRACE
    (97) expression -> . LBRACE empty RBRACE
    (115) expression -> . LAMBDA LPAREN params RPAREN COLON type ARROW expression
    (116) expression -> . LAMBDA LPAREN params RPAREN ARROW expression
    (117) expression -> . LAMBDA LPAREN RPAREN ARROW expression
    (30) variable -> . INT
    (31) variable -> . STR
    (32) variable -> . BOOL
    (33) variable -> . ID
    (34) variable -> . FLOAT
    (63) bin_ops -> . expression ADD expression
    (64) bin_ops -> . expression SUB expression
    (65) bin_ops -> . expression MUL expression
    (66) bin_ops -> . expression DIV expression
    (67) bin_ops -> . expression MOD expression
    (68) bin_ops -> . expression POW expression
    (69) bin_ops -> . expression GT expression
    (70) bin_ops -> . expression LT expression
    (71) bin_ops -> . expression GE expression
    (72) bin_ops -> . expression LE expression
    (73) bin_ops -> . expression EQ expression
    (74) bin_ops -> . expression NE expression
    (75) bin_ops -> . expression AND expression
    (76) bin_ops -> . expression OR expression
    (61) call_stmt -> . ID LPAREN arg_list RPAREN

    LPAREN          shift and go to state 96
    NOT             shift and go to state 27
    SUB             shift and go to state 28
    LBRACKET        shift and go to state 29
    LBRACE          shift and go to state 75
    LAMBDA          shift and go to state 32
    INT             shift and go to state 48
    STR             shift and go to state 49
    BOOL            shift and go to state 50
    ID              shift and go to state 74
    FLOAT           shift and go to state 51

    expression                     shift and go to state 97
    variable                       shift and go to state 24
    bin_ops                        shift and go to state 25
    call_stmt                      shift and go to state 73

state 40

    (41) continue_stmt -> CONT . optional_semicolon
    (119) optional_semicolon -> . SEMICOLON
    (120) optional_semicolon -> . empty
    (118) empty -> .

    SEMICOLON       shift and go to state 70
    LPAREN          reduce using rule 118 (empty -> .)
    NOT             reduce using rule 118 (empty -> .)
    SUB             reduce using rule 118 (empty -> .)
    LBRACKET        reduce using rule 118 (empty -> .)
    LBRACE          reduce using rule 118 (empty -> .)
    LAMBDA          reduce using rule 118 (empty -> .)
    LET             reduce using rule 118 (empty -> .)
    ID              reduce using rule 118 (empty -> .)
    DISP            reduce using rule 118 (empty -> .)
    ENTRY           reduce using rule 118 (empty -> .)
    IF              reduce using rule 118 (empty -> .)
    WHILE           reduce using rule 118 (empty -> .)
    FUNCTION        reduce using rule 118 (empty -> .)
    FOR             reduce using rule 118 (empty -> .)
    CONT            reduce using rule 118 (empty -> .)
    BREAK           reduce using rule 118 (empty -> .)
    RETURN          reduce using rule 118 (empty -> .)
    TRY             reduce using rule 118 (empty -> .)
    THROW           reduce using rule 118 (empty -> .)
    ASSERT          reduce using rule 118 (empty -> .)
    ASSERT_EQ       reduce using rule 118 (empty -> .)
    ATTEMPT         reduce using rule 118 (empty -> .)
    INT             reduce using rule 118 (empty -> .)
    STR             reduce using rule 118 (empty -> .)
    BOOL            reduce using rule 118 (empty -> .)
    FLOAT           reduce using rule 118 (empty -> .)
    $end            reduce using rule 118 (empty -> .)
    RBRACE          reduce using rule 118 (empty -> .)
    OK_CHECK        reduce using rule 118 (empty -> .)
    RPAREN          reduce using rule 118 (empty -> .)
    FALLBACK        reduce using rule 118 (empty -> .)

    optional_semicolon             shift and go to state 98
    empty                          shift and go to state 71

state 41

    (42) break_stmt -> BREAK . optional_semicolon
    (119) optional_semicolon -> . SEMICOLON
    (120) optional_semicolon -> . empty
    (118) empty -> .

    SEMICOLON       shift and go to state 70
    LPAREN          reduce using rule 118 (empty -> .)
    NOT             reduce using rule 118 (empty -> .)
    SUB             reduce using rule 118 (empty -> .)
    LBRACKET        reduce using rule 118 (empty -> .)
    LBRACE          reduce using rule 118 (empty -> .)
    LAMBDA          reduce using rule 118 (empty -> .)
    LET             reduce using rule 118 (empty -> .)
    ID              reduce using rule 118 (empty -> .)
    DISP            reduce using rule 118 (empty -> .)
    ENTRY           reduce using rule 118 (empty -> .)
    IF              reduce using rule 118 (empty -> .)
    WHILE           reduce using rule 118 (empty -> .)
    FUNCTION        reduce using rule 118 (empty -> .)
    FOR             reduce using rule 118 (empty -> .)
    CONT            reduce using rule 118 (empty -> .)
    BREAK           reduce using rule 118 (empty -> .)
    RETURN          reduce using rule 118 (empty -> .)
    TRY             reduce using rule 118 (empty -> .)
    THROW           reduce using rule 118 (empty -> .)
    ASSERT          reduce using rule 118 (empty -> .)
    ASSERT_EQ       reduce using rule 118 (empty -> .)
    ATTEMPT         reduce using rule 118 (empty -> .)
    INT             reduce using rule 118 (empty -> .)
    STR             reduce using rule 118 (empty -> .)
    BOOL            reduce using rule 118 (empty -> .)
    FLOAT           reduce using rule 118 (empty -> .)
    $end            reduce using rule 118 (empty -> .)
    RBRACE          reduce using rule 118 (empty -> .)
    OK_CHECK        reduce using rule 118 (empty -> .)
    RPAREN          reduce using rule 118 (empty -> .)
    FALLBACK        reduce using rule 118 (empty -> .)

    optional_semicolon             shift and go to state 99
    empty                          shift and go to state 71

state 42

    (43) return_stmt -> RETURN . expression optional_semicolon
    (44) return_stmt -> RETURN . optional_semicolon
    (27) expression -> . variable
    (28) expression -> . bin_ops
    (29) expression -> . LPAREN expression RPAREN
    (45) expression -> . NOT expression
    (46) expression -> . SUB expression
    (62) expression -> . call_stmt
    (91) expression -> . LBRACKET args RBRACKET
    (92) expression -> . LBRACKET empty RBRACKET
    (93) expression -> . expression LBRACKET expression RBRACKET
    (95) expression -> . expression DOT ID LPAREN arg_list RPAREN
    (96) expression -> . LBRACE hash_elements RBRACE
    (97) expression -> . LBRACE empty RBRACE
    (115) expression -> . LAMBDA LPAREN params RPAREN COLON type ARROW expression
    (116) expression -> . LAMBDA LPAREN params RPAREN ARROW expression
    (117) expression -> . LAMBDA LPAREN RPAREN ARROW expression
    (119) optional_semicolon -> . SEMICOLON
    (120) optional_semicolon -> . empty
    (30) variable -> . INT
    (31) variable -> . STR
    (32) variable -> . BOOL
    (33) variable -> . ID
    (34) variable -> . FLOAT
    (63) bin_ops -> . expression ADD expression
    (64) bin_ops -> . expression SUB expression
    (65) bin_ops -> . expression MUL expression
    (66) bin_ops -> . expression DIV expression
    (67) bin_ops -> . expression MOD expression
    (68) bin_ops -> . expression POW expression
    (69) bin_ops -> . expression GT expression
    (70) bin_ops -> . expression LT expression
    (71) bin_ops -> . expression GE expression
    (72) bin_ops -> . expression LE expression
    (73) bin_ops -> . expression EQ expression
    (74) bin_ops -> . expression NE expression
    (75) bin_ops -> . expression AND expression
    (76) bin_ops -> . expression OR expression
    (61) call_stmt -> . ID LPAREN arg_list RPAREN
    (118) empty -> .

  ! shift/reduce conflict for LPAREN resolved as shift
  ! shift/reduce conflict for NOT resolved as shift
  ! shift/reduce conflict for SUB resolved as shift
  ! shift/reduce conflict for LBRACKET resolved as shift
  ! shift/reduce conflict for LBRACE resolved as shift
  ! shift/reduce conflict for LAMBDA resolved as shift
  ! shift/reduce conflict for ID resolved as shift
  ! shift/reduce conflict for INT resolved as shift
  ! shift/reduce conflict for STR resolved as shift
  ! shift/reduce conflict for BOOL resolved as shift
  ! shift/reduce conflict for FLOAT resolved as shift
    LPAREN          shift and go to state 26
    NOT             shift and go to state 27
    SUB             shift and go to state 28
    LBRACKET        shift and go to state 29
    LBRACE          shift and go to state 75
    LAMBDA          shift and go to state 32
    SEMICOLON       shift and go to state 70
    INT             shift and go to state 48
    STR             shift and go to state 49
    BOOL            shift and go to state 50
    ID              shift and go to state 74
    FLOAT           shift and go to state 51
    LET             reduce using rule 118 (empty -> .)
    DISP            reduce using rule 118 (empty -> .)
    ENTRY           reduce using rule 118 (empty -> .)
    IF              reduce using rule 118 (empty -> .)
    WHILE           reduce using rule 118 (empty -> .)
    FUNCTION        reduce using rule 118 (empty -> .)
    FOR             reduce using rule 118 (empty -> .)
    CONT            reduce using rule 118 (empty -> .)
    BREAK           reduce using rule 118 (empty -> .)
    RETURN          reduce using rule 118 (empty -> .)
    TRY             reduce using rule 118 (empty -> .)
    THROW           reduce using rule 118 (empty -> .)
    ASSERT          reduce using rule 118 (empty -> .)
    ASSERT_EQ       reduce using rule 118 (empty -> .)
    ATTEMPT         reduce using rule 118 (empty -> .)
    $end            reduce using rule 118 (empty -> .)
    RBRACE          reduce using rule 118 (empty -> .)
    OK_CHECK        reduce using rule 118 (empty -> .)
    RPAREN          reduce using rule 118 (empty -> .)
    FALLBACK        reduce using rule 118 (empty -> .)

  ! LPAREN          [ reduce using rule 118 (empty -> .) ]
  ! NOT             [ reduce using rule 118 (empty -> .) ]
  ! SUB             [ reduce using rule 118 (empty -> .) ]
  ! LBRACKET        [ reduce using rule 118 (empty -> .) ]
  ! LBRACE          [ reduce using rule 118 (empty -> .) ]
  ! LAMBDA          [ reduce using rule 118 (empty -> .) ]
  ! ID              [ reduce using rule 118 (empty -> .) ]
  ! INT             [ reduce using rule 118 (empty -> .) ]
  ! STR             [ reduce using rule 118 (empty -> .) ]
  ! BOOL            [ reduce using rule 118 (empty -> .) ]
  ! FLOAT           [ reduce using rule 118 (empty -> .) ]

    expression                     shift and go to state 100
    optional_semicolon             shift and go to state 101
    variable                       shift and go to state 24
    bin_ops                        shift and go to state 25
    call_stmt                      shift and go to state 73
    empty                          shift and go to state 71

state 43

    (102) try_ok_stmt -> TRY . COLON block OK_CHECK LBRACKET ID COMMA ID RBRACKET COLON block
    (103) try_ok_stmt -> TRY . COLON block OK_CHECK LBRACKET ID RBRACKET COLON block
    (104) try_ok_stmt -> TRY . COLON block OK_CHECK COLON block
    (105) try_ok_stmt -> TRY . COLON statements OK_CHECK LBRACKET ID COMMA ID RBRACKET COLON statements
    (106) try_ok_stmt -> TRY . COLON statements OK_CHECK LBRACKET ID RBRACKET COLON statements
    (107) try_ok_stmt -> TRY . COLON statements OK_CHECK COLON statements

    COLON           shift and go to state 102


state 44

    (101) throw_stmt -> THROW . expression optional_semicolon
    (27) expression -> . variable
    (28) expression -> . bin_ops
    (29) expression -> . LPAREN expression RPAREN
    (45) expression -> . NOT expression
    (46) expression -> . SUB expression
    (62) expression -> . call_stmt
    (91) expression -> . LBRACKET args RBRACKET
    (92) expression -> . LBRACKET empty RBRACKET
    (93) expression -> . expression LBRACKET expression RBRACKET
    (95) expression -> . expression DOT ID LPAREN arg_list RPAREN
    (96) expression -> . LBRACE hash_elements RBRACE
    (97) expression -> . LBRACE empty RBRACE
    (115) expression -> . LAMBDA LPAREN params RPAREN COLON type ARROW expression
    (116) expression -> . LAMBDA LPAREN params RPAREN ARROW expression
    (117) expression -> . LAMBDA LPAREN RPAREN ARROW expression
    (30) variable -> . INT
    (31) variable -> . STR
    (32) variable -> . BOOL
    (33) variable -> . ID
    (34) variable -> . FLOAT
    (63) bin_ops -> . expression ADD expression
    (64) bin_ops -> . expression SUB expression
    (65) bin_ops -> . expression MUL expression
    (66) bin_ops -> . expression DIV expression
    (67) bin_ops -> . expression MOD expression
    (68) bin_ops -> . expression POW expression
    (69) bin_ops -> . expression GT expression
    (70) bin_ops -> . expression LT expression
    (71) bin_ops -> . expression GE expression
    (72) bin_ops -> . expression LE expression
    (73) bin_ops -> . expression EQ expression
    (74) bin_ops -> . expression NE expression
    (75) bin_ops -> . expression AND expression
    (76) bin_ops -> . expression OR expression
    (61) call_stmt -> . ID LPAREN arg_list RPAREN

    LPAREN          shift and go to state 26
    NOT             shift and go to state 27
    SUB             shift and go to state 28
    LBRACKET        shift and go to state 29
    LBRACE          shift and go to state 75
    LAMBDA          shift and go to state 32
    INT             shift and go to state 48
    STR             shift and go to state 49
    BOOL            shift and go to state 50
    ID              shift and go to state 74
    FLOAT           shift and go to state 51

    expression                     shift and go to state 103
    variable                       shift and go to state 24
    bin_ops                        shift and go to state 25
    call_stmt                      shift and go to state 73

state 45

    (108) assert_stmt -> ASSERT . expression COMMA expression optional_semicolon
    (109) assert_stmt -> ASSERT . expression optional_semicolon
    (27) expression -> . variable
    (28) expression -> . bin_ops
    (29) expression -> . LPAREN expression RPAREN
    (45) expression -> . NOT expression
    (46) expression -> . SUB expression
    (62) expression -> . call_stmt
    (91) expression -> . LBRACKET args RBRACKET
    (92) expression -> . LBRACKET empty RBRACKET
    (93) expression -> . expression LBRACKET expression RBRACKET
    (95) expression -> . expression DOT ID LPAREN arg_list RPAREN
    (96) expression -> . LBRACE hash_elements RBRACE
    (97) expression -> . LBRACE empty RBRACE
    (115) expression -> . LAMBDA LPAREN params RPAREN COLON type ARROW expression
    (116) expression -> . LAMBDA LPAREN params RPAREN ARROW expression
    (117) expression -> . LAMBDA LPAREN RPAREN ARROW expression
    (30) variable -> . INT
    (31) variable -> . STR
    (32) variable -> . BOOL
    (33) variable -> . ID
    (34) variable -> . FLOAT
    (63) bin_ops -> . expression ADD expression
    (64) bin_ops -> . expression SUB expression
    (65) bin_ops -> . expression MUL expression
    (66) bin_ops -> . expression DIV expression
    (67) bin_ops -> . expression MOD expression
    (68) bin_ops -> . expression POW expression
    (69) bin_ops -> . expression GT expression
    (70) bin_ops -> . expression LT expression
    (71) bin_ops -> . expression GE expression
    (72) bin_ops -> . expression LE expression
    (73) bin_ops -> . expression EQ expression
    (74) bin_ops -> . expression NE expression
    (75) bin_ops -> . expression AND expression
    (76) bin_ops -> . expression OR expression
    (61) call_stmt -> . ID LPAREN arg_list RPAREN

    LPAREN          shift and go to state 26
    NOT             shift and go to state 27
    SUB             shift and go to state 28
    LBRACKET        shift and go to state 29
    LBRACE          shift and go to state 75
    LAMBDA          shift and go to state 32
    INT             shift and go to state 48
    STR             shift and go to state 49
    BOOL            shift and go to state 50
    ID              shift and go to state 74
    FLOAT           shift and go to state 51

    expression                     shift and go to state 104
    variable                       shift and go to state 24
    bin_ops                        shift and go to state 25
    call_stmt                      shift and go to state 73

state 46

    (110) assert_eq_stmt -> ASSERT_EQ . expression COMMA expression optional_semicolon
    (27) expression -> . variable
    (28) expression -> . bin_ops
    (29) expression -> . LPAREN expression RPAREN
    (45) expression -> . NOT expression
    (46) expression -> . SUB expression
    (62) expression -> . call_stmt
    (91) expression -> . LBRACKET args RBRACKET
    (92) expression -> . LBRACKET empty RBRACKET
    (93) expression -> . expression LBRACKET expression RBRACKET
    (95) expression -> . expression DOT ID LPAREN arg_list RPAREN
    (96) expression -> . LBRACE hash_elements RBRACE
    (97) expression -> . LBRACE empty RBRACE
    (115) expression -> . LAMBDA LPAREN params RPAREN COLON type ARROW expression
    (116) expression -> . LAMBDA LPAREN params RPAREN ARROW expression
    (117) expression -> . LAMBDA LPAREN RPAREN ARROW expression
    (30) variable -> . INT
    (31) variable -> . STR
    (32) variable -> . BOOL
    (33) variable -> . ID
    (34) variable -> . FLOAT
    (63) bin_ops -> . expression ADD expression
    (64) bin_ops -> . expression SUB expression
    (65) bin_ops -> . expression MUL expression
    (66) bin_ops -> . expression DIV expression
    (67) bin_ops -> . expression MOD expression
    (68) bin_ops -> . expression POW expression
    (69) bin_ops -> . expression GT expression
    (70) bin_ops -> . expression LT expression
    (71) bin_ops -> . expression GE expression
    (72) bin_ops -> . expression LE expression
    (73) bin_ops -> . expression EQ expression
    (74) bin_ops -> . expression NE expression
    (75) bin_ops -> . expression AND expression
    (76) bin_ops -> . expression OR expression
    (61) call_stmt -> . ID LPAREN arg_list RPAREN

    LPAREN          shift and go to state 26
    NOT             shift and go to state 27
    SUB             shift and go to state 28
    LBRACKET        shift and go to state 29
    LBRACE          shift and go to state 75
    LAMBDA          shift and go to state 32
    INT             shift and go to state 48
    STR             shift and go to state 49
    BOOL            shift and go to state 50
    ID              shift and go to state 74
    FLOAT           shift and go to state 51

    expression                     shift and go to state 105
    variable                       shift and go to state 24
    bin_ops                        shift and go to state 25
    call_stmt                      shift and go to state 73

state 47

    (111) attempt_stmt -> ATTEMPT . LPAREN expression RPAREN COLON block FALLBACK COLON block
    (112) attempt_stmt -> ATTEMPT . LPAREN expression RPAREN COLON block
    (113) attempt_stmt -> ATTEMPT . LPAREN expression RPAREN COLON statements FALLBACK COLON statements
    (114) attempt_stmt -> ATTEMPT . LPAREN expression RPAREN COLON statements

    LPAREN          shift and go to state 106


state 48

    (30) variable -> INT .

    LBRACKET        reduce using rule 30 (variable -> INT .)
    DOT             reduce using rule 30 (variable -> INT .)
    ADD             reduce using rule 30 (variable -> INT .)
    SUB             reduce using rule 30 (variable -> INT .)
    MUL             reduce using rule 30 (variable -> INT .)
    DIV             reduce using rule 30 (variable -> INT .)
    MOD             reduce using rule 30 (variable -> INT .)
    POW             reduce using rule 30 (variable -> INT .)
    GT              reduce using rule 30 (variable -> INT .)
    LT              reduce using rule 30 (variable -> INT .)
    GE              reduce using rule 30 (variable -> INT .)
    LE              reduce using rule 30 (variable -> INT .)
    EQ              reduce using rule 30 (variable -> INT .)
    NE              reduce using rule 30 (variable -> INT .)
    AND             reduce using rule 30 (variable -> INT .)
    OR              reduce using rule 30 (variable -> INT .)
    SEMICOLON       reduce using rule 30 (variable -> INT .)
    LPAREN          reduce using rule 30 (variable -> INT .)
    NOT             reduce using rule 30 (variable -> INT .)
    LBRACE          reduce using rule 30 (variable -> INT .)
    LAMBDA          reduce using rule 30 (variable -> INT .)
    LET             reduce using rule 30 (variable -> INT .)
    ID              reduce using rule 30 (variable -> INT .)
    DISP            reduce using rule 30 (variable -> INT .)
    ENTRY           reduce using rule 30 (variable -> INT .)
    IF              reduce using rule 30 (variable -> INT .)
    WHILE           reduce using rule 30 (variable -> INT .)
    FUNCTION        reduce using rule 30 (variable -> INT .)
    FOR             reduce using rule 30 (variable -> INT .)
    CONT            reduce using rule 30 (variable -> INT .)
    BREAK           reduce using rule 30 (variable -> INT .)
    RETURN          reduce using rule 30 (variable -> INT .)
    TRY             reduce using rule 30 (variable -> INT .)
    THROW           reduce using rule 30 (variable -> INT .)
    ASSERT          reduce using rule 30 (variable -> INT .)
    ASSERT_EQ       reduce using rule 30 (variable -> INT .)
    ATTEMPT         reduce using rule 30 (variable -> INT .)
    INT             reduce using rule 30 (variable -> INT .)
    STR             reduce using rule 30 (variable -> INT .)
    BOOL            reduce using rule 30 (variable -> INT .)
    FLOAT           reduce using rule 30 (variable -> INT .)
    $end            reduce using rule 30 (variable -> INT .)
    RPAREN          reduce using rule 30 (variable -> INT .)
    RBRACKET        reduce using rule 30 (variable -> INT .)
    COMMA           reduce using rule 30 (variable -> INT .)
    COLON           reduce using rule 30 (variable -> INT .)
    RBRACE          reduce using rule 30 (variable -> INT .)
    OK_CHECK        reduce using rule 30 (variable -> INT .)
    FALLBACK        reduce using rule 30 (variable -> INT .)


state 49

    (31) variable -> STR .

    LBRACKET        reduce using rule 31 (variable -> STR .)
    DOT             reduce using rule 31 (variable -> STR .)
    ADD             reduce using rule 31 (variable -> STR .)
    SUB             reduce using rule 31 (variable -> STR .)
    MUL             reduce using rule 31 (variable -> STR .)
    DIV             reduce using rule 31 (variable -> STR .)
    MOD             reduce using rule 31 (variable -> STR .)
    POW             reduce using rule 31 (variable -> STR .)
    GT              reduce using rule 31 (variable -> STR .)
    LT              reduce using rule 31 (variable -> STR .)
    GE              reduce using rule 31 (variable -> STR .)
    LE              reduce using rule 31 (variable -> STR .)
    EQ              reduce using rule 31 (variable -> STR .)
    NE              reduce using rule 31 (variable -> STR .)
    AND             reduce using rule 31 (variable -> STR .)
    OR              reduce using rule 31 (variable -> STR .)
    SEMICOLON       reduce using rule 31 (variable -> STR .)
    LPAREN          reduce using rule 31 (variable -> STR .)
    NOT             reduce using rule 31 (variable -> STR .)
    LBRACE          reduce using rule 31 (variable -> STR .)
    LAMBDA          reduce using rule 31 (variable -> STR .)
    LET             reduce using rule 31 (variable -> STR .)
    ID              reduce using rule 31 (variable -> STR .)
    DISP            reduce using rule 31 (variable -> STR .)
    ENTRY           reduce using rule 31 (variable -> STR .)
    IF              reduce using rule 31 (variable -> STR .)
    WHILE           reduce using rule 31 (variable -> STR .)
    FUNCTION        reduce using rule 31 (variable -> STR .)
    FOR             reduce using rule 31 (variable -> STR .)
    CONT            reduce using rule 31 (variable -> STR .)
    BREAK           reduce using rule 31 (variable -> STR .)
    RETURN          reduce using rule 31 (variable -> STR .)
    TRY             reduce using rule 31 (variable -> STR .)
    THROW           reduce using rule 31 (variable -> STR .)
    ASSERT          reduce using rule 31 (variable -> STR .)
    ASSERT_EQ       reduce using rule 31 (variable -> STR .)
    ATTEMPT         reduce using rule 31 (variable -> STR .)
    INT             reduce using rule 31 (variable -> STR .)
    STR             reduce using rule 31 (variable -> STR .)
    BOOL            reduce using rule 31 (variable -> STR .)
    FLOAT           reduce using rule 31 (variable -> STR .)
    $end            reduce using rule 31 (variable -> STR .)
    RPAREN          reduce using rule 31 (variable -> STR .)
    RBRACKET        reduce using rule 31 (variable -> STR .)
    COMMA           reduce using rule 31 (variable -> STR .)
    COLON           reduce using rule 31 (variable -> STR .)
    RBRACE          reduce using rule 31 (variable -> STR .)
    OK_CHECK        reduce using rule 31 (variable -> STR .)
    FALLBACK        reduce using rule 31 (variable -> STR .)


state 50

    (32) variable -> BOOL .

    LBRACKET        reduce using rule 32 (variable -> BOOL .)
    DOT             reduce using rule 32 (variable -> BOOL .)
    ADD             reduce using rule 32 (variable -> BOOL .)
    SUB             reduce using rule 32 (variable -> BOOL .)
    MUL             reduce using rule 32 (variable -> BOOL .)
    DIV             reduce using rule 32 (variable -> BOOL .)
    MOD             reduce using rule 32 (variable -> BOOL .)
    POW             reduce using rule 32 (variable -> BOOL .)
    GT              reduce using rule 32 (variable -> BOOL .)
    LT              reduce using rule 32 (variable -> BOOL .)
    GE              reduce using rule 32 (variable -> BOOL .)
    LE              reduce using rule 32 (variable -> BOOL .)
    EQ              reduce using rule 32 (variable -> BOOL .)
    NE              reduce using rule 32 (variable -> BOOL .)
    AND             reduce using rule 32 (variable -> BOOL .)
    OR              reduce using rule 32 (variable -> BOOL .)
    SEMICOLON       reduce using rule 32 (variable -> BOOL .)
    LPAREN          reduce using rule 32 (variable -> BOOL .)
    NOT             reduce using rule 32 (variable -> BOOL .)
    LBRACE          reduce using rule 32 (variable -> BOOL .)
    LAMBDA          reduce using rule 32 (variable -> BOOL .)
    LET             reduce using rule 32 (variable -> BOOL .)
    ID              reduce using rule 32 (variable -> BOOL .)
    DISP            reduce using rule 32 (variable -> BOOL .)
    ENTRY           reduce using rule 32 (variable -> BOOL .)
    IF              reduce using rule 32 (variable -> BOOL .)
    WHILE           reduce using rule 32 (variable -> BOOL .)
    FUNCTION        reduce using rule 32 (variable -> BOOL .)
    FOR             reduce using rule 32 (variable -> BOOL .)
    CONT            reduce using rule 32 (variable -> BOOL .)
    BREAK           reduce using rule 32 (variable -> BOOL .)
    RETURN          reduce using rule 32 (variable -> BOOL .)
    TRY             reduce using rule 32 (variable -> BOOL .)
    THROW           reduce using rule 32 (variable -> BOOL .)
    ASSERT          reduce using rule 32 (variable -> BOOL .)
    ASSERT_EQ       reduce using rule 32 (variable -> BOOL .)
    ATTEMPT         reduce using rule 32 (variable -> BOOL .)
    INT             reduce using rule 32 (variable -> BOOL .)
    STR             reduce using rule 32 (variable -> BOOL .)
    BOOL            reduce using rule 32 (variable -> BOOL .)
    FLOAT           reduce using rule 32 (variable -> BOOL .)
    $end            reduce using rule 32 (variable -> BOOL .)
    RPAREN          reduce using rule 32 (variable -> BOOL .)
    RBRACKET        reduce using rule 32 (variable -> BOOL .)
    COMMA           reduce using rule 32 (variable -> BOOL .)
    COLON           reduce using rule 32 (variable -> BOOL .)
    RBRACE          reduce using rule 32 (variable -> BOOL .)
    OK_CHECK        reduce using rule 32 (variable -> BOOL .)
    FALLBACK        reduce using rule 32 (variable -> BOOL .)


state 51

    (34) variable -> FLOAT .

    LBRACKET        reduce using rule 34 (variable -> FLOAT .)
    DOT             reduce using rule 34 (variable -> FLOAT .)
    ADD             reduce using rule 34 (variable -> FLOAT .)
    SUB             reduce using rule 34 (variable -> FLOAT .)
    MUL             reduce using rule 34 (variable -> FLOAT .)
    DIV             reduce using rule 34 (variable -> FLOAT .)
    MOD             reduce using rule 34 (variable -> FLOAT .)
    POW             reduce using rule 34 (variable -> FLOAT .)
    GT              reduce using rule 34 (variable -> FLOAT .)
    LT              reduce using rule 34 (variable -> FLOAT .)
    GE              reduce using rule 34 (variable -> FLOAT .)
    LE              reduce using rule 34 (variable -> FLOAT .)
    EQ              reduce using rule 34 (variable -> FLOAT .)
    NE              reduce using rule 34 (variable -> FLOAT .)
    AND             reduce using rule 34 (variable -> FLOAT .)
    OR              reduce using rule 34 (variable -> FLOAT .)
    SEMICOLON       reduce using rule 34 (variable -> FLOAT .)
    LPAREN          reduce using rule 34 (variable -> FLOAT .)
    NOT             reduce using rule 34 (variable -> FLOAT .)
    LBRACE          reduce using rule 34 (variable -> FLOAT .)
    LAMBDA          reduce using rule 34 (variable -> FLOAT .)
    LET             reduce using rule 34 (variable -> FLOAT .)
    ID              reduce using rule 34 (variable -> FLOAT .)
    DISP            reduce using rule 34 (variable -> FLOAT .)
    ENTRY           reduce using rule 34 (variable -> FLOAT .)
    IF              reduce using rule 34 (variable -> FLOAT .)
    WHILE           reduce using rule 34 (variable -> FLOAT .)
    FUNCTION        reduce using rule 34 (variable -> FLOAT .)
    FOR             reduce using rule 34 (variable -> FLOAT .)
    CONT            reduce using rule 34 (variable -> FLOAT .)
    BREAK           reduce using rule 34 (variable -> FLOAT .)
    RETURN          reduce using rule 34 (variable -> FLOAT .)
    TRY             reduce using rule 34 (variable -> FLOAT .)
    THROW           reduce using rule 34 (variable -> FLOAT .)
    ASSERT          reduce using rule 34 (variable -> FLOAT .)
    ASSERT_EQ       reduce using rule 34 (variable -> FLOAT .)
    ATTEMPT         reduce using rule 34 (variable -> FLOAT .)
    INT             reduce using rule 34 (variable -> FLOAT .)
    STR             reduce using rule 34 (variable -> FLOAT .)
    BOOL            reduce using rule 34 (variable -> FLOAT .)
    FLOAT           reduce using rule 34 (variable -> FLOAT .)
    $end            reduce using rule 34 (variable -> FLOAT .)
    RPAREN          reduce using rule 34 (variable -> FLOAT .)
    RBRACKET        reduce using rule 34 (variable -> FLOAT .)
    COMMA           reduce using rule 34 (variable -> FLOAT .)
    COLON           reduce using rule 34 (variable -> FLOAT .)
    RBRACE          reduce using rule 34 (variable -> FLOAT .)
    OK_CHECK        reduce using rule 34 (variable -> FLOAT .)
    FALLBACK        reduce using rule 34 (variable -> FLOAT .)


state 52

    (22) statements -> statements statement .

    LPAREN          reduce using rule 22 (statements -> statements statement .)
    NOT             reduce using rule 22 (statements -> statements statement .)
    SUB             reduce using rule 22 (statements -> statements statement .)
    LBRACKET        reduce using rule 22 (statements -> statements statement .)
    LBRACE          reduce using rule 22 (statements -> statements statement .)
    LAMBDA          reduce using rule 22 (statements -> statements statement .)
    LET             reduce using rule 22 (statements -> statements statement .)
    ID              reduce using rule 22 (statements -> statements statement .)
    DISP            reduce using rule 22 (statements -> statements statement .)
    ENTRY           reduce using rule 22 (statements -> statements statement .)
    IF              reduce using rule 22 (statements -> statements statement .)
    WHILE           reduce using rule 22 (statements -> statements statement .)
    FUNCTION        reduce using rule 22 (statements -> statements statement .)
    FOR             reduce using rule 22 (statements -> statements statement .)
    CONT            reduce using rule 22 (statements -> statements statement .)
    BREAK           reduce using rule 22 (statements -> statements statement .)
    RETURN          reduce using rule 22 (statements -> statements statement .)
    TRY             reduce using rule 22 (statements -> statements statement .)
    THROW           reduce using rule 22 (statements -> statements statement .)
    ASSERT          reduce using rule 22 (statements -> statements statement .)
    ASSERT_EQ       reduce using rule 22 (statements -> statements statement .)
    ATTEMPT         reduce using rule 22 (statements -> statements statement .)
    INT             reduce using rule 22 (statements -> statements statement .)
    STR             reduce using rule 22 (statements -> statements statement .)
    BOOL            reduce using rule 22 (statements -> statements statement .)
    FLOAT           reduce using rule 22 (statements -> statements statement .)
    $end            reduce using rule 22 (statements -> statements statement .)
    RBRACE          reduce using rule 22 (statements -> statements statement .)
    OK_CHECK        reduce using rule 22 (statements -> statements statement .)
    RPAREN          reduce using rule 22 (statements -> statements statement .)
    FALLBACK        reduce using rule 22 (statements -> statements statement .)


state 53

    (2) statement -> expression optional_semicolon .

    LPAREN          reduce using rule 2 (statement -> expression optional_semicolon .)
    NOT             reduce using rule 2 (statement -> expression optional_semicolon .)
    SUB             reduce using rule 2 (statement -> expression optional_semicolon .)
    LBRACKET        reduce using rule 2 (statement -> expression optional_semicolon .)
    LBRACE          reduce using rule 2 (statement -> expression optional_semicolon .)
    LAMBDA          reduce using rule 2 (statement -> expression optional_semicolon .)
    LET             reduce using rule 2 (statement -> expression optional_semicolon .)
    ID              reduce using rule 2 (statement -> expression optional_semicolon .)
    DISP            reduce using rule 2 (statement -> expression optional_semicolon .)
    ENTRY           reduce using rule 2 (statement -> expression optional_semicolon .)
    IF              reduce using rule 2 (statement -> expression optional_semicolon .)
    WHILE           reduce using rule 2 (statement -> expression optional_semicolon .)
    FUNCTION        reduce using rule 2 (statement -> expression optional_semicolon .)
    FOR             reduce using rule 2 (statement -> expression optional_semicolon .)
    CONT            reduce using rule 2 (statement -> expression optional_semicolon .)
    BREAK           reduce using rule 2 (statement -> expression optional_semicolon .)
    RETURN          reduce using rule 2 (statement -> expression optional_semicolon .)
    TRY             reduce using rule 2 (statement -> expression optional_semicolon .)
    THROW           reduce using rule 2 (statement -> expression optional_semicolon .)
    ASSERT          reduce using rule 2 (statement -> expression optional_semicolon .)
    ASSERT_EQ       reduce using rule 2 (statement -> expression optional_semicolon .)
    ATTEMPT         reduce using rule 2 (statement -> expression optional_semicolon .)
    INT             reduce using rule 2 (statement -> expression optional_semicolon .)
    STR             reduce using rule 2 (statement -> expression optional_semicolon .)
    BOOL            reduce using rule 2 (statement -> expression optional_semicolon .)
    FLOAT           reduce using rule 2 (statement -> expression optional_semicolon .)
    $end            reduce using rule 2 (statement -> expression optional_semicolon .)
    RBRACE          reduce using rule 2 (statement -> expression optional_semicolon .)
    OK_CHECK        reduce using rule 2 (statement -> expression optional_semicolon .)
    RPAREN          reduce using rule 2 (statement -> expression optional_semicolon .)
    FALLBACK        reduce using rule 2 (statement -> expression optional_semicolon .)


state 54

    (93) expression -> expression LBRACKET . expression RBRACKET
    (94) statement_index_assign -> expression LBRACKET . expression RBRACKET ASSIGN expression optional_semicolon
    (27) expression -> . variable
    (28) expression -> . bin_ops
    (29) expression -> . LPAREN expression RPAREN
    (45) expression -> . NOT expression
    (46) expression -> . SUB expression
    (62) expression -> . call_stmt
    (91) expression -> . LBRACKET args RBRACKET
    (92) expression -> . LBRACKET empty RBRACKET
    (93) expression -> . expression LBRACKET expression RBRACKET
    (95) expression -> . expression DOT ID LPAREN arg_list RPAREN
    (96) expression -> . LBRACE hash_elements RBRACE
    (97) expression -> . LBRACE empty RBRACE
    (115) expression -> . LAMBDA LPAREN params RPAREN COLON type ARROW expression
    (116) expression -> . LAMBDA LPAREN params RPAREN ARROW expression
    (117) expression -> . LAMBDA LPAREN RPAREN ARROW expression
    (30) variable -> . INT
    (31) variable -> . STR
    (32) variable -> . BOOL
    (33) variable -> . ID
    (34) variable -> . FLOAT
    (63) bin_ops -> . expression ADD expression
    (64) bin_ops -> . expression SUB expression
    (65) bin_ops -> . expression MUL expression
    (66) bin_ops -> . expression DIV expression
    (67) bin_ops -> . expression MOD expression
    (68) bin_ops -> . expression POW expression
    (69) bin_ops -> . expression GT expression
    (70) bin_ops -> . expression LT expression
    (71) bin_ops -> . expression GE expression
    (72) bin_ops -> . expression LE expression
    (73) bin_ops -> . expression EQ expression
    (74) bin_ops -> . expression NE expression
    (75) bin_ops -> . expression AND expression
    (76) bin_ops -> . expression OR expression
    (61) call_stmt -> . ID LPAREN arg_list RPAREN

    LPAREN          shift and go to state 26
    NOT             shift and go to state 27
    SUB             shift and go to state 28
    LBRACKET        shift and go to state 29
    LBRACE          shift and go to state 75
    LAMBDA          shift and go to state 32
    INT             shift and go to state 48
    STR             shift and go to state 49
    BOOL            shift and go to state 50
    ID              shift and go to state 74
    FLOAT           shift and go to state 51

    expression                     shift and go to state 107
    variable                       shift and go to state 24
    bin_ops                        shift and go to state 25
    call_stmt                      shift and go to state 73

state 55

    (95) expression -> expression DOT . ID LPAREN arg_list RPAREN

    ID              shift and go to state 108


state 56

    (63) bin_ops -> expression ADD . expression
    (27) expression -> . variable
    (28) expression -> . bin_ops
    (29) expression -> . LPAREN expression RPAREN
    (45) expression -> . NOT expression
    (46) expression -> . SUB expression
    (62) expression -> . call_stmt
    (91) expression -> . LBRACKET args RBRACKET
    (92) expression -> . LBRACKET empty RBRACKET
    (93) expression -> . expression LBRACKET expression RBRACKET
    (95) expression -> . expression DOT ID LPAREN arg_list RPAREN
    (96) expression -> . LBRACE hash_elements RBRACE
    (97) expression -> . LBRACE empty RBRACE
    (115) expression -> . LAMBDA LPAREN params RPAREN COLON type ARROW expression
    (116) expression -> . LAMBDA LPAREN params RPAREN ARROW expression
    (117) expression -> . LAMBDA LPAREN RPAREN ARROW expression
    (30) variable -> . INT
    (31) variable -> . STR
    (32) variable -> . BOOL
    (33) variable -> . ID
    (34) variable -> . FLOAT
    (63) bin_ops -> . expression ADD expression
    (64) bin_ops -> . expression SUB expression
    (65) bin_ops -> . expression MUL expression
    (66) bin_ops -> . expression DIV expression
    (67) bin_ops -> . expression MOD expression
    (68) bin_ops -> . expression POW expression
    (69) bin_ops -> . expression GT expression
    (70) bin_ops -> . expression LT expression
    (71) bin_ops -> . expression GE expression
    (72) bin_ops -> . expression LE expression
    (73) bin_ops -> . expression EQ expression
    (74) bin_ops -> . expression NE expression
    (75) bin_ops -> . expression AND expression
    (76) bin_ops -> . expression OR expression
    (61) call_stmt -> . ID LPAREN arg_list RPAREN

    LPAREN          shift and go to state 26
    NOT             shift and go to state 27
    SUB             shift and go to state 28
    LBRACKET        shift and go to state 29
    LBRACE          shift and go to state 75
    LAMBDA          shift and go to state 32
    INT             shift and go to state 48
    STR             shift and go to state 49
    BOOL            shift and go to state 50
    ID              shift and go to state 74
    FLOAT           shift and go to state 51

    expression                     shift and go to state 109
    variable                       shift and go to state 24
    bin_ops                        shift and go to state 25
    call_stmt                      shift and go to state 73

state 57

    (64) bin_ops -> expression SUB . expression
    (27) expression -> . variable
    (28) expression -> . bin_ops
    (29) expression -> . LPAREN expression RPAREN
    (45) expression -> . NOT expression
    (46) expression -> . SUB expression
    (62) expression -> . call_stmt
    (91) expression -> . LBRACKET args RBRACKET
    (92) expression -> . LBRACKET empty RBRACKET
    (93) expression -> . expression LBRACKET expression RBRACKET
    (95) expression -> . expression DOT ID LPAREN arg_list RPAREN
    (96) expression -> . LBRACE hash_elements RBRACE
    (97) expression -> . LBRACE empty RBRACE
    (115) expression -> . LAMBDA LPAREN params RPAREN COLON type ARROW expression
    (116) expression -> . LAMBDA LPAREN params RPAREN ARROW expression
    (117) expression -> . LAMBDA LPAREN RPAREN ARROW expression
    (30) variable -> . INT
    (31) variable -> . STR
    (32) variable -> . BOOL
    (33) variable -> . ID
    (34) variable -> . FLOAT
    (63) bin_ops -> . expression ADD expression
    (64) bin_ops -> . expression SUB expression
    (65) bin_ops -> . expression MUL expression
    (66) bin_ops -> . expression DIV expression
    (67) bin_ops -> . expression MOD expression
    (68) bin_ops -> . expression POW expression
    (69) bin_ops -> . expression GT expression
    (70) bin_ops -> . expression LT expression
    (71) bin_ops -> . expression GE expression
    (72) bin_ops -> . expression LE expression
    (73) bin_ops -> . expression EQ expression
    (74) bin_ops -> . expression NE expression
    (75) bin_ops -> . expression AND expression
    (76) bin_ops -> . expression OR expression
    (61) call_stmt -> . ID LPAREN arg_list RPAREN

    LPAREN          shift and go to state 26
    NOT             shift and go to state 27
    SUB             shift and go to state 28
    LBRACKET        shift and go to state 29
    LBRACE          shift and go to state 75
    LAMBDA          shift and go to state 32
    INT             shift and go to state 48
    STR             shift and go to state 49
    BOOL            shift and go to state 50
    ID              shift and go to state 74
    FLOAT           shift and go to state 51

    expression                     shift and go to state 110
    variable                       shift and go to state 24
    bin_ops                        shift and go to state 25
    call_stmt                      shift and go to state 73

state 58

    (65) bin_ops -> expression MUL . expression
    (27) expression -> . variable
    (28) expression -> . bin_ops
    (29) expression -> . LPAREN expression RPAREN
    (45) expression -> . NOT expression
    (46) expression -> . SUB expression
    (62) expression -> . call_stmt
    (91) expression -> . LBRACKET args RBRACKET
    (92) expression -> . LBRACKET empty RBRACKET
    (93) expression -> . expression LBRACKET expression RBRACKET
    (95) expression -> . expression DOT ID LPAREN arg_list RPAREN
    (96) expression -> . LBRACE hash_elements RBRACE
    (97) expression -> . LBRACE empty RBRACE
    (115) expression -> . LAMBDA LPAREN params RPAREN COLON type ARROW expression
    (116) expression -> . LAMBDA LPAREN params RPAREN ARROW expression
    (117) expression -> . LAMBDA LPAREN RPAREN ARROW expression
    (30) variable -> . INT
    (31) variable -> . STR
    (32) variable -> . BOOL
    (33) variable -> . ID
    (34) variable -> . FLOAT
    (63) bin_ops -> . expression ADD expression
    (64) bin_ops -> . expression SUB expression
    (65) bin_ops -> . expression MUL expression
    (66) bin_ops -> . expression DIV expression
    (67) bin_ops -> . expression MOD expression
    (68) bin_ops -> . expression POW expression
    (69) bin_ops -> . expression GT expression
    (70) bin_ops -> . expression LT expression
    (71) bin_ops -> . expression GE expression
    (72) bin_ops -> . expression LE expression
    (73) bin_ops -> . expression EQ expression
    (74) bin_ops -> . expression NE expression
    (75) bin_ops -> . expression AND expression
    (76) bin_ops -> . expression OR expression
    (61) call_stmt -> . ID LPAREN arg_list RPAREN

    LPAREN          shift and go to state 26
    NOT             shift and go to state 27
    SUB             shift and go to state 28
    LBRACKET        shift and go to state 29
    LBRACE          shift and go to state 75
    LAMBDA          shift and go to state 32
    INT             shift and go to state 48
    STR             shift and go to state 49
    BOOL            shift and go to state 50
    ID              shift and go to state 74
    FLOAT           shift and go to state 51

    expression                     shift and go to state 111
    variable                       shift and go to state 24
    bin_ops                        shift and go to state 25
    call_stmt                      shift and go to state 73

state 59

    (66) bin_ops -> expression DIV . expression
    (27) expression -> . variable
    (28) expression -> . bin_ops
    (29) expression -> . LPAREN expression RPAREN
    (45) expression -> . NOT expression
    (46) expression -> . SUB expression
    (62) expression -> . call_stmt
    (91) expression -> . LBRACKET args RBRACKET
    (92) expression -> . LBRACKET empty RBRACKET
    (93) expression -> . expression LBRACKET expression RBRACKET
    (95) expression -> . expression DOT ID LPAREN arg_list RPAREN
    (96) expression -> . LBRACE hash_elements RBRACE
    (97) expression -> . LBRACE empty RBRACE
    (115) expression -> . LAMBDA LPAREN params RPAREN COLON type ARROW expression
    (116) expression -> . LAMBDA LPAREN params RPAREN ARROW expression
    (117) expression -> . LAMBDA LPAREN RPAREN ARROW expression
    (30) variable -> . INT
    (31) variable -> . STR
    (32) variable -> . BOOL
    (33) variable -> . ID
    (34) variable -> . FLOAT
    (63) bin_ops -> . expression ADD expression
    (64) bin_ops -> . expression SUB expression
    (65) bin_ops -> . expression MUL expression
    (66) bin_ops -> . expression DIV expression
    (67) bin_ops -> . expression MOD expression
    (68) bin_ops -> . expression POW expression
    (69) bin_ops -> . expression GT expression
    (70) bin_ops -> . expression LT expression
    (71) bin_ops -> . expression GE expression
    (72) bin_ops -> . expression LE expression
    (73) bin_ops -> . expression EQ expression
    (74) bin_ops -> . expression NE expression
    (75) bin_ops -> . expression AND expression
    (76) bin_ops -> . expression OR expression
    (61) call_stmt -> . ID LPAREN arg_list RPAREN

    LPAREN          shift and go to state 26
    NOT             shift and go to state 27
    SUB             shift and go to state 28
    LBRACKET        shift and go to state 29
    LBRACE          shift and go to state 75
    LAMBDA          shift and go to state 32
    INT             shift and go to state 48
    STR             shift and go to state 49
    BOOL            shift and go to state 50
    ID              shift and go to state 74
    FLOAT           shift and go to state 51

    expression                     shift and go to state 112
    variable                       shift and go to state 24
    bin_ops                        shift and go to state 25
    call_stmt                      shift and go to state 73

state 60

    (67) bin_ops -> expression MOD . expression
    (27) expression -> . variable
    (28) expression -> . bin_ops
    (29) expression -> . LPAREN expression RPAREN
    (45) expression -> . NOT expression
    (46) expression -> . SUB expression
    (62) expression -> . call_stmt
    (91) expression -> . LBRACKET args RBRACKET
    (92) expression -> . LBRACKET empty RBRACKET
    (93) expression -> . expression LBRACKET expression RBRACKET
    (95) expression -> . expression DOT ID LPAREN arg_list RPAREN
    (96) expression -> . LBRACE hash_elements RBRACE
    (97) expression -> . LBRACE empty RBRACE
    (115) expression -> . LAMBDA LPAREN params RPAREN COLON type ARROW expression
    (116) expression -> . LAMBDA LPAREN params RPAREN ARROW expression
    (117) expression -> . LAMBDA LPAREN RPAREN ARROW expression
    (30) variable -> . INT
    (31) variable -> . STR
    (32) variable -> . BOOL
    (33) variable -> . ID
    (34) variable -> . FLOAT
    (63) bin_ops -> . expression ADD expression
    (64) bin_ops -> . expression SUB expression
    (65) bin_ops -> . expression MUL expression
    (66) bin_ops -> . expression DIV expression
    (67) bin_ops -> . expression MOD expression
    (68) bin_ops -> . expression POW expression
    (69) bin_ops -> . expression GT expression
    (70) bin_ops -> . expression LT expression
    (71) bin_ops -> . expression GE expression
    (72) bin_ops -> . expression LE expression
    (73) bin_ops -> . expression EQ expression
    (74) bin_ops -> . expression NE expression
    (75) bin_ops -> . expression AND expression
    (76) bin_ops -> . expression OR expression
    (61) call_stmt -> . ID LPAREN arg_list RPAREN

    LPAREN          shift and go to state 26
    NOT             shift and go to state 27
    SUB             shift and go to state 28
    LBRACKET        shift and go to state 29
    LBRACE          shift and go to state 75
    LAMBDA          shift and go to state 32
    INT             shift and go to state 48
    STR             shift and go to state 49
    BOOL            shift and go to state 50
    ID              shift and go to state 74
    FLOAT           shift and go to state 51

    expression                     shift and go to state 113
    variable                       shift and go to state 24
    bin_ops                        shift and go to state 25
    call_stmt                      shift and go to state 73

state 61

    (68) bin_ops -> expression POW . expression
    (27) expression -> . variable
    (28) expression -> . bin_ops
    (29) expression -> . LPAREN expression RPAREN
    (45) expression -> . NOT expression
    (46) expression -> . SUB expression
    (62) expression -> . call_stmt
    (91) expression -> . LBRACKET args RBRACKET
    (92) expression -> . LBRACKET empty RBRACKET
    (93) expression -> . expression LBRACKET expression RBRACKET
    (95) expression -> . expression DOT ID LPAREN arg_list RPAREN
    (96) expression -> . LBRACE hash_elements RBRACE
    (97) expression -> . LBRACE empty RBRACE
    (115) expression -> . LAMBDA LPAREN params RPAREN COLON type ARROW expression
    (116) expression -> . LAMBDA LPAREN params RPAREN ARROW expression
    (117) expression -> . LAMBDA LPAREN RPAREN ARROW expression
    (30) variable -> . INT
    (31) variable -> . STR
    (32) variable -> . BOOL
    (33) variable -> . ID
    (34) variable -> . FLOAT
    (63) bin_ops -> . expression ADD expression
    (64) bin_ops -> . expression SUB expression
    (65) bin_ops -> . expression MUL expression
    (66) bin_ops -> . expression DIV expression
    (67) bin_ops -> . expression MOD expression
    (68) bin_ops -> . expression POW expression
    (69) bin_ops -> . expression GT expression
    (70) bin_ops -> . expression LT expression
    (71) bin_ops -> . expression GE expression
    (72) bin_ops -> . expression LE expression
    (73) bin_ops -> . expression EQ expression
    (74) bin_ops -> . expression NE expression
    (75) bin_ops -> . expression AND expression
    (76) bin_ops -> . expression OR expression
    (61) call_stmt -> . ID LPAREN arg_list RPAREN

    LPAREN          shift and go to state 26
    NOT             shift and go to state 27
    SUB             shift and go to state 28
    LBRACKET        shift and go to state 29
    LBRACE          shift and go to state 75
    LAMBDA          shift and go to state 32
    INT             shift and go to state 48
    STR             shift and go to state 49
    BOOL            shift and go to state 50
    ID              shift and go to state 74
    FLOAT           shift and go to state 51

    expression                     shift and go to state 114
    variable                       shift and go to state 24
    bin_ops                        shift and go to state 25
    call_stmt                      shift and go to state 73

state 62

    (69) bin_ops -> expression GT . expression
    (27) expression -> . variable
    (28) expression -> . bin_ops
    (29) expression -> . LPAREN expression RPAREN
    (45) expression -> . NOT expression
    (46) expression -> . SUB expression
    (62) expression -> . call_stmt
    (91) expression -> . LBRACKET args RBRACKET
    (92) expression -> . LBRACKET empty RBRACKET
    (93) expression -> . expression LBRACKET expression RBRACKET
    (95) expression -> . expression DOT ID LPAREN arg_list RPAREN
    (96) expression -> . LBRACE hash_elements RBRACE
    (97) expression -> . LBRACE empty RBRACE
    (115) expression -> . LAMBDA LPAREN params RPAREN COLON type ARROW expression
    (116) expression -> . LAMBDA LPAREN params RPAREN ARROW expression
    (117) expression -> . LAMBDA LPAREN RPAREN ARROW expression
    (30) variable -> . INT
    (31) variable -> . STR
    (32) variable -> . BOOL
    (33) variable -> . ID
    (34) variable -> . FLOAT
    (63) bin_ops -> . expression ADD expression
    (64) bin_ops -> . expression SUB expression
    (65) bin_ops -> . expression MUL expression
    (66) bin_ops -> . expression DIV expression
    (67) bin_ops -> . expression MOD expression
    (68) bin_ops -> . expression POW expression
    (69) bin_ops -> . expression GT expression
    (70) bin_ops -> . expression LT expression
    (71) bin_ops -> . expression GE expression
    (72) bin_ops -> . expression LE expression
    (73) bin_ops -> . expression EQ expression
    (74) bin_ops -> . expression NE expression
    (75) bin_ops -> . expression AND expression
    (76) bin_ops -> . expression OR expression
    (61) call_stmt -> . ID LPAREN arg_list RPAREN

    LPAREN          shift and go to state 26
    NOT             shift and go to state 27
    SUB             shift and go to state 28
    LBRACKET        shift and go to state 29
    LBRACE          shift and go to state 75
    LAMBDA          shift and go to state 32
    INT             shift and go to state 48
    STR             shift and go to state 49
    BOOL            shift and go to state 50
    ID              shift and go to state 74
    FLOAT           shift and go to state 51

    expression                     shift and go to state 115
    variable                       shift and go to state 24
    bin_ops                        shift and go to state 25
    call_stmt                      shift and go to state 73

state 63

    (70) bin_ops -> expression LT . expression
    (27) expression -> . variable
    (28) expression -> . bin_ops
    (29) expression -> . LPAREN expression RPAREN
    (45) expression -> . NOT expression
    (46) expression -> . SUB expression
    (62) expression -> . call_stmt
    (91) expression -> . LBRACKET args RBRACKET
    (92) expression -> . LBRACKET empty RBRACKET
    (93) expression -> . expression LBRACKET expression RBRACKET
    (95) expression -> . expression DOT ID LPAREN arg_list RPAREN
    (96) expression -> . LBRACE hash_elements RBRACE
    (97) expression -> . LBRACE empty RBRACE
    (115) expression -> . LAMBDA LPAREN params RPAREN COLON type ARROW expression
    (116) expression -> . LAMBDA LPAREN params RPAREN ARROW expression
    (117) expression -> . LAMBDA LPAREN RPAREN ARROW expression
    (30) variable -> . INT
    (31) variable -> . STR
    (32) variable -> . BOOL
    (33) variable -> . ID
    (34) variable -> . FLOAT
    (63) bin_ops -> . expression ADD expression
    (64) bin_ops -> . expression SUB expression
    (65) bin_ops -> . expression MUL expression
    (66) bin_ops -> . expression DIV expression
    (67) bin_ops -> . expression MOD expression
    (68) bin_ops -> . expression POW expression
    (69) bin_ops -> . expression GT expression
    (70) bin_ops -> . expression LT expression
    (71) bin_ops -> . expression GE expression
    (72) bin_ops -> . expression LE expression
    (73) bin_ops -> . expression EQ expression
    (74) bin_ops -> . expression NE expression
    (75) bin_ops -> . expression AND expression
    (76) bin_ops -> . expression OR expression
    (61) call_stmt -> . ID LPAREN arg_list RPAREN

    LPAREN          shift and go to state 26
    NOT             shift and go to state 27
    SUB             shift and go to state 28
    LBRACKET        shift and go to state 29
    LBRACE          shift and go to state 75
    LAMBDA          shift and go to state 32
    INT             shift and go to state 48
    STR             shift and go to state 49
    BOOL            shift and go to state 50
    ID              shift and go to state 74
    FLOAT           shift and go to state 51

    expression                     shift and go to state 116
    variable                       shift and go to state 24
    bin_ops                        shift and go to state 25
    call_stmt                      shift and go to state 73

state 64

    (71) bin_ops -> expression GE . expression
    (27) expression -> . variable
    (28) expression -> . bin_ops
    (29) expression -> . LPAREN expression RPAREN
    (45) expression -> . NOT expression
    (46) expression -> . SUB expression
    (62) expression -> . call_stmt
    (91) expression -> . LBRACKET args RBRACKET
    (92) expression -> . LBRACKET empty RBRACKET
    (93) expression -> . expression LBRACKET expression RBRACKET
    (95) expression -> . expression DOT ID LPAREN arg_list RPAREN
    (96) expression -> . LBRACE hash_elements RBRACE
    (97) expression -> . LBRACE empty RBRACE
    (115) expression -> . LAMBDA LPAREN params RPAREN COLON type ARROW expression
    (116) expression -> . LAMBDA LPAREN params RPAREN ARROW expression
    (117) expression -> . LAMBDA LPAREN RPAREN ARROW expression
    (30) variable -> . INT
    (31) variable -> . STR
    (32) variable -> . BOOL
    (33) variable -> . ID
    (34) variable -> . FLOAT
    (63) bin_ops -> . expression ADD expression
    (64) bin_ops -> . expression SUB expression
    (65) bin_ops -> . expression MUL expression
    (66) bin_ops -> . expression DIV expression
    (67) bin_ops -> . expression MOD expression
    (68) bin_ops -> . expression POW expression
    (69) bin_ops -> . expression GT expression
    (70) bin_ops -> . expression LT expression
    (71) bin_ops -> . expression GE expression
    (72) bin_ops -> . expression LE expression
    (73) bin_ops -> . expression EQ expression
    (74) bin_ops -> . expression NE expression
    (75) bin_ops -> . expression AND expression
    (76) bin_ops -> . expression OR expression
    (61) call_stmt -> . ID LPAREN arg_list RPAREN

    LPAREN          shift and go to state 26
    NOT             shift and go to state 27
    SUB             shift and go to state 28
    LBRACKET        shift and go to state 29
    LBRACE          shift and go to state 75
    LAMBDA          shift and go to state 32
    INT             shift and go to state 48
    STR             shift and go to state 49
    BOOL            shift and go to state 50
    ID              shift and go to state 74
    FLOAT           shift and go to state 51

    expression                     shift and go to state 117
    variable                       shift and go to state 24
    bin_ops                        shift and go to state 25
    call_stmt                      shift and go to state 73

state 65

    (72) bin_ops -> expression LE . expression
    (27) expression -> . variable
    (28) expression -> . bin_ops
    (29) expression -> . LPAREN expression RPAREN
    (45) expression -> . NOT expression
    (46) expression -> . SUB expression
    (62) expression -> . call_stmt
    (91) expression -> . LBRACKET args RBRACKET
    (92) expression -> . LBRACKET empty RBRACKET
    (93) expression -> . expression LBRACKET expression RBRACKET
    (95) expression -> . expression DOT ID LPAREN arg_list RPAREN
    (96) expression -> . LBRACE hash_elements RBRACE
    (97) expression -> . LBRACE empty RBRACE
    (115) expression -> . LAMBDA LPAREN params RPAREN COLON type ARROW expression
    (116) expression -> . LAMBDA LPAREN params RPAREN ARROW expression
    (117) expression -> . LAMBDA LPAREN RPAREN ARROW expression
    (30) variable -> . INT
    (31) variable -> . STR
    (32) variable -> . BOOL
    (33) variable -> . ID
    (34) variable -> . FLOAT
    (63) bin_ops -> . expression ADD expression
    (64) bin_ops -> . expression SUB expression
    (65) bin_ops -> . expression MUL expression
    (66) bin_ops -> . expression DIV expression
    (67) bin_ops -> . expression MOD expression
    (68) bin_ops -> . expression POW expression
    (69) bin_ops -> . expression GT expression
    (70) bin_ops -> . expression LT expression
    (71) bin_ops -> . expression GE expression
    (72) bin_ops -> . expression LE expression
    (73) bin_ops -> . expression EQ expression
    (74) bin_ops -> . expression NE expression
    (75) bin_ops -> . expression AND expression
    (76) bin_ops -> . expression OR expression
    (61) call_stmt -> . ID LPAREN arg_list RPAREN

    LPAREN          shift and go to state 26
    NOT             shift and go to state 27
    SUB             shift and go to state 28
    LBRACKET        shift and go to state 29
    LBRACE          shift and go to state 75
    LAMBDA          shift and go to state 32
    INT             shift and go to state 48
    STR             shift and go to state 49
    BOOL            shift and go to state 50
    ID              shift and go to state 74
    FLOAT           shift and go to state 51

    expression                     shift and go to state 118
    variable                       shift and go to state 24
    bin_ops                        shift and go to state 25
    call_stmt                      shift and go to state 73

state 66

    (73) bin_ops -> expression EQ . expression
    (27) expression -> . variable
    (28) expression -> . bin_ops
    (29) expression -> . LPAREN expression RPAREN
    (45) expression -> . NOT expression
    (46) expression -> . SUB expression
    (62) expression -> . call_stmt
    (91) expression -> . LBRACKET args RBRACKET
    (92) expression -> . LBRACKET empty RBRACKET
    (93) expression -> . expression LBRACKET expression RBRACKET
    (95) expression -> . expression DOT ID LPAREN arg_list RPAREN
    (96) expression -> . LBRACE hash_elements RBRACE
    (97) expression -> . LBRACE empty RBRACE
    (115) expression -> . LAMBDA LPAREN params RPAREN COLON type ARROW expression
    (116) expression -> . LAMBDA LPAREN params RPAREN ARROW expression
    (117) expression -> . LAMBDA LPAREN RPAREN ARROW expression
    (30) variable -> . INT
    (31) variable -> . STR
    (32) variable -> . BOOL
    (33) variable -> . ID
    (34) variable -> . FLOAT
    (63) bin_ops -> . expression ADD expression
    (64) bin_ops -> . expression SUB expression
    (65) bin_ops -> . expression MUL expression
    (66) bin_ops -> . expression DIV expression
    (67) bin_ops -> . expression MOD expression
    (68) bin_ops -> . expression POW expression
    (69) bin_ops -> . expression GT expression
    (70) bin_ops -> . expression LT expression
    (71) bin_ops -> . expression GE expression
    (72) bin_ops -> . expression LE expression
    (73) bin_ops -> . expression EQ expression
    (74) bin_ops -> . expression NE expression
    (75) bin_ops -> . expression AND expression
    (76) bin_ops -> . expression OR expression
    (61) call_stmt -> . ID LPAREN arg_list RPAREN

    LPAREN          shift and go to state 26
    NOT             shift and go to state 27
    SUB             shift and go to state 28
    LBRACKET        shift and go to state 29
    LBRACE          shift and go to state 75
    LAMBDA          shift and go to state 32
    INT             shift and go to state 48
    STR             shift and go to state 49
    BOOL            shift and go to state 50
    ID              shift and go to state 74
    FLOAT           shift and go to state 51

    expression                     shift and go to state 119
    variable                       shift and go to state 24
    bin_ops                        shift and go to state 25
    call_stmt                      shift and go to state 73

state 67

    (74) bin_ops -> expression NE . expression
    (27) expression -> . variable
    (28) expression -> . bin_ops
    (29) expression -> . LPAREN expression RPAREN
    (45) expression -> . NOT expression
    (46) expression -> . SUB expression
    (62) expression -> . call_stmt
    (91) expression -> . LBRACKET args RBRACKET
    (92) expression -> . LBRACKET empty RBRACKET
    (93) expression -> . expression LBRACKET expression RBRACKET
    (95) expression -> . expression DOT ID LPAREN arg_list RPAREN
    (96) expression -> . LBRACE hash_elements RBRACE
    (97) expression -> . LBRACE empty RBRACE
    (115) expression -> . LAMBDA LPAREN params RPAREN COLON type ARROW expression
    (116) expression -> . LAMBDA LPAREN params RPAREN ARROW expression
    (117) expression -> . LAMBDA LPAREN RPAREN ARROW expression
    (30) variable -> . INT
    (31) variable -> . STR
    (32) variable -> . BOOL
    (33) variable -> . ID
    (34) variable -> . FLOAT
    (63) bin_ops -> . expression ADD expression
    (64) bin_ops -> . expression SUB expression
    (65) bin_ops -> . expression MUL expression
    (66) bin_ops -> . expression DIV expression
    (67) bin_ops -> . expression MOD expression
    (68) bin_ops -> . expression POW expression
    (69) bin_ops -> . expression GT expression
    (70) bin_ops -> . expression LT expression
    (71) bin_ops -> . expression GE expression
    (72) bin_ops -> . expression LE expression
    (73) bin_ops -> . expression EQ expression
    (74) bin_ops -> . expression NE expression
    (75) bin_ops -> . expression AND expression
    (76) bin_ops -> . expression OR expression
    (61) call_stmt -> . ID LPAREN arg_list RPAREN

    LPAREN          shift and go to state 26
    NOT             shift and go to state 27
    SUB             shift and go to state 28
    LBRACKET        shift and go to state 29
    LBRACE          shift and go to state 75
    LAMBDA          shift and go to state 32
    INT             shift and go to state 48
    STR             shift and go to state 49
    BOOL            shift and go to state 50
    ID              shift and go to state 74
    FLOAT           shift and go to state 51

    expression                     shift and go to state 120
    variable                       shift and go to state 24
    bin_ops                        shift and go to state 25
    call_stmt                      shift and go to state 73

state 68

    (75) bin_ops -> expression AND . expression
    (27) expression -> . variable
    (28) expression -> . bin_ops
    (29) expression -> . LPAREN expression RPAREN
    (45) expression -> . NOT expression
    (46) expression -> . SUB expression
    (62) expression -> . call_stmt
    (91) expression -> . LBRACKET args RBRACKET
    (92) expression -> . LBRACKET empty RBRACKET
    (93) expression -> . expression LBRACKET expression RBRACKET
    (95) expression -> . expression DOT ID LPAREN arg_list RPAREN
    (96) expression -> . LBRACE hash_elements RBRACE
    (97) expression -> . LBRACE empty RBRACE
    (115) expression -> . LAMBDA LPAREN params RPAREN COLON type ARROW expression
    (116) expression -> . LAMBDA LPAREN params RPAREN ARROW expression
    (117) expression -> . LAMBDA LPAREN RPAREN ARROW expression
    (30) variable -> . INT
    (31) variable -> . STR
    (32) variable -> . BOOL
    (33) variable -> . ID
    (34) variable -> . FLOAT
    (63) bin_ops -> . expression ADD expression
    (64) bin_ops -> . expression SUB expression
    (65) bin_ops -> . expression MUL expression
    (66) bin_ops -> . expression DIV expression
    (67) bin_ops -> . expression MOD expression
    (68) bin_ops -> . expression POW expression
    (69) bin_ops -> . expression GT expression
    (70) bin_ops -> . expression LT expression
    (71) bin_ops -> . expression GE expression
    (72) bin_ops -> . expression LE expression
    (73) bin_ops -> . expression EQ expression
    (74) bin_ops -> . expression NE expression
    (75) bin_ops -> . expression AND expression
    (76) bin_ops -> . expression OR expression
    (61) call_stmt -> . ID LPAREN arg_list RPAREN

    LPAREN          shift and go to state 26
    NOT             shift and go to state 27
    SUB             shift and go to state 28
    LBRACKET        shift and go to state 29
    LBRACE          shift and go to state 75
    LAMBDA          shift and go to state 32
    INT             shift and go to state 48
    STR             shift and go to state 49
    BOOL            shift and go to state 50
    ID              shift and go to state 74
    FLOAT           shift and go to state 51

    expression                     shift and go to state 121
    variable                       shift and go to state 24
    bin_ops                        shift and go to state 25
    call_stmt                      shift and go to state 73

state 69

    (76) bin_ops -> expression OR . expression
    (27) expression -> . variable
    (28) expression -> . bin_ops
    (29) expression -> . LPAREN expression RPAREN
    (45) expression -> . NOT expression
    (46) expression -> . SUB expression
    (62) expression -> . call_stmt
    (91) expression -> . LBRACKET args RBRACKET
    (92) expression -> . LBRACKET empty RBRACKET
    (93) expression -> . expression LBRACKET expression RBRACKET
    (95) expression -> . expression DOT ID LPAREN arg_list RPAREN
    (96) expression -> . LBRACE hash_elements RBRACE
    (97) expression -> . LBRACE empty RBRACE
    (115) expression -> . LAMBDA LPAREN params RPAREN COLON type ARROW expression
    (116) expression -> . LAMBDA LPAREN params RPAREN ARROW expression
    (117) expression -> . LAMBDA LPAREN RPAREN ARROW expression
    (30) variable -> . INT
    (31) variable -> . STR
    (32) variable -> . BOOL
    (33) variable -> . ID
    (34) variable -> . FLOAT
    (63) bin_ops -> . expression ADD expression
    (64) bin_ops -> . expression SUB expression
    (65) bin_ops -> . expression MUL expression
    (66) bin_ops -> . expression DIV expression
    (67) bin_ops -> . expression MOD expression
    (68) bin_ops -> . expression POW expression
    (69) bin_ops -> . expression GT expression
    (70) bin_ops -> . expression LT expression
    (71) bin_ops -> . expression GE expression
    (72) bin_ops -> . expression LE expression
    (73) bin_ops -> . expression EQ expression
    (74) bin_ops -> . expression NE expression
    (75) bin_ops -> . expression AND expression
    (76) bin_ops -> . expression OR expression
    (61) call_stmt -> . ID LPAREN arg_list RPAREN

    LPAREN          shift and go to state 26
    NOT             shift and go to state 27
    SUB             shift and go to state 28
    LBRACKET        shift and go to state 29
    LBRACE          shift and go to state 75
    LAMBDA          shift and go to state 32
    INT             shift and go to state 48
    STR             shift and go to state 49
    BOOL            shift and go to state 50
    ID              shift and go to state 74
    FLOAT           shift and go to state 51

    expression                     shift and go to state 122
    variable                       shift and go to state 24
    bin_ops                        shift and go to state 25
    call_stmt                      shift and go to state 73

state 70

    (119) optional_semicolon -> SEMICOLON .

    LPAREN          reduce using rule 119 (optional_semicolon -> SEMICOLON .)
    NOT             reduce using rule 119 (optional_semicolon -> SEMICOLON .)
    SUB             reduce using rule 119 (optional_semicolon -> SEMICOLON .)
    LBRACKET        reduce using rule 119 (optional_semicolon -> SEMICOLON .)
    LBRACE          reduce using rule 119 (optional_semicolon -> SEMICOLON .)
    LAMBDA          reduce using rule 119 (optional_semicolon -> SEMICOLON .)
    LET             reduce using rule 119 (optional_semicolon -> SEMICOLON .)
    ID              reduce using rule 119 (optional_semicolon -> SEMICOLON .)
    DISP            reduce using rule 119 (optional_semicolon -> SEMICOLON .)
    ENTRY           reduce using rule 119 (optional_semicolon -> SEMICOLON .)
    IF              reduce using rule 119 (optional_semicolon -> SEMICOLON .)
    WHILE           reduce using rule 119 (optional_semicolon -> SEMICOLON .)
    FUNCTION        reduce using rule 119 (optional_semicolon -> SEMICOLON .)
    FOR             reduce using rule 119 (optional_semicolon -> SEMICOLON .)
    CONT            reduce using rule 119 (optional_semicolon -> SEMICOLON .)
    BREAK           reduce using rule 119 (optional_semicolon -> SEMICOLON .)
    RETURN          reduce using rule 119 (optional_semicolon -> SEMICOLON .)
    TRY             reduce using rule 119 (optional_semicolon -> SEMICOLON .)
    THROW           reduce using rule 119 (optional_semicolon -> SEMICOLON .)
    ASSERT          reduce using rule 119 (optional_semicolon -> SEMICOLON .)
    ASSERT_EQ       reduce using rule 119 (optional_semicolon -> SEMICOLON .)
    ATTEMPT         reduce using rule 119 (optional_semicolon -> SEMICOLON .)
    INT             reduce using rule 119 (optional_semicolon -> SEMICOLON .)
    STR             reduce using rule 119 (optional_semicolon -> SEMICOLON .)
    BOOL            reduce using rule 119 (optional_semicolon -> SEMICOLON .)
    FLOAT           reduce using rule 119 (optional_semicolon -> SEMICOLON .)
    $end            reduce using rule 119 (optional_semicolon -> SEMICOLON .)
    RBRACE          reduce using rule 119 (optional_semicolon -> SEMICOLON .)
    OK_CHECK        reduce using rule 119 (optional_semicolon -> SEMICOLON .)
    RPAREN          reduce using rule 119 (optional_semicolon -> SEMICOLON .)
    FALLBACK        reduce using rule 119 (optional_semicolon -> SEMICOLON .)


state 71

    (120) optional_semicolon -> empty .

    LPAREN          reduce using rule 120 (optional_semicolon -> empty .)
    NOT             reduce using rule 120 (optional_semicolon -> empty .)
    SUB             reduce using rule 120 (optional_semicolon -> empty .)
    LBRACKET        reduce using rule 120 (optional_semicolon -> empty .)
    LBRACE          reduce using rule 120 (optional_semicolon -> empty .)
    LAMBDA          reduce using rule 120 (optional_semicolon -> empty .)
    LET             reduce using rule 120 (optional_semicolon -> empty .)
    ID              reduce using rule 120 (optional_semicolon -> empty .)
    DISP            reduce using rule 120 (optional_semicolon -> empty .)
    ENTRY           reduce using rule 120 (optional_semicolon -> empty .)
    IF              reduce using rule 120 (optional_semicolon -> empty .)
    WHILE           reduce using rule 120 (optional_semicolon -> empty .)
    FUNCTION        reduce using rule 120 (optional_semicolon -> empty .)
    FOR             reduce using rule 120 (optional_semicolon -> empty .)
    CONT            reduce using rule 120 (optional_semicolon -> empty .)
    BREAK           reduce using rule 120 (optional_semicolon -> empty .)
    RETURN          reduce using rule 120 (optional_semicolon -> empty .)
    TRY             reduce using rule 120 (optional_semicolon -> empty .)
    THROW           reduce using rule 120 (optional_semicolon -> empty .)
    ASSERT          reduce using rule 120 (optional_semicolon -> empty .)
    ASSERT_EQ       reduce using rule 120 (optional_semicolon -> empty .)
    ATTEMPT         reduce using rule 120 (optional_semicolon -> empty .)
    INT             reduce using rule 120 (optional_semicolon -> empty .)
    STR             reduce using rule 120 (optional_semicolon -> empty .)
    BOOL            reduce using rule 120 (optional_semicolon -> empty .)
    FLOAT           reduce using rule 120 (optional_semicolon -> empty .)
    $end            reduce using rule 120 (optional_semicolon -> empty .)
    RBRACE          reduce using rule 120 (optional_semicolon -> empty .)
    OK_CHECK        reduce using rule 120 (optional_semicolon -> empty .)
    RPAREN          reduce using rule 120 (optional_semicolon -> empty .)
    FALLBACK        reduce using rule 120 (optional_semicolon -> empty .)


state 72

    (29) expression -> LPAREN expression . RPAREN
    (93) expression -> expression . LBRACKET expression RBRACKET
    (95) expression -> expression . DOT ID LPAREN arg_list RPAREN
    (63) bin_ops -> expression . ADD expression
    (64) bin_ops -> expression . SUB expression
    (65) bin_ops -> expression . MUL expression
    (66) bin_ops -> expression . DIV expression
    (67) bin_ops -> expression . MOD expression
    (68) bin_ops -> expression . POW expression
    (69) bin_ops -> expression . GT expression
    (70) bin_ops -> expression . LT expression
    (71) bin_ops -> expression . GE expression
    (72) bin_ops -> expression . LE expression
    (73) bin_ops -> expression . EQ expression
    (74) bin_ops -> expression . NE expression
    (75) bin_ops -> expression . AND expression
    (76) bin_ops -> expression . OR expression

    RPAREN          shift and go to state 123
    LBRACKET        shift and go to state 124
    DOT             shift and go to state 55
    ADD             shift and go to state 56
    SUB             shift and go to state 57
    MUL             shift and go to state 58
    DIV             shift and go to state 59
    MOD             shift and go to state 60
    POW             shift and go to state 61
    GT              shift and go to state 62
    LT              shift and go to state 63
    GE              shift and go to state 64
    LE              shift and go to state 65
    EQ              shift and go to state 66
    NE              shift and go to state 67
    AND             shift and go to state 68
    OR              shift and go to state 69


state 73

    (62) expression -> call_stmt .

    RPAREN          reduce using rule 62 (expression -> call_stmt .)
    LBRACKET        reduce using rule 62 (expression -> call_stmt .)
    DOT             reduce using rule 62 (expression -> call_stmt .)
    ADD             reduce using rule 62 (expression -> call_stmt .)
    SUB             reduce using rule 62 (expression -> call_stmt .)
    MUL             reduce using rule 62 (expression -> call_stmt .)
    DIV             reduce using rule 62 (expression -> call_stmt .)
    MOD             reduce using rule 62 (expression -> call_stmt .)
    POW             reduce using rule 62 (expression -> call_stmt .)
    GT              reduce using rule 62 (expression -> call_stmt .)
    LT              reduce using rule 62 (expression -> call_stmt .)
    GE              reduce using rule 62 (expression -> call_stmt .)
    LE              reduce using rule 62 (expression -> call_stmt .)
    EQ              reduce using rule 62 (expression -> call_stmt .)
    NE              reduce using rule 62 (expression -> call_stmt .)
    AND             reduce using rule 62 (expression -> call_stmt .)
    OR              reduce using rule 62 (expression -> call_stmt .)
    SEMICOLON       reduce using rule 62 (expression -> call_stmt .)
    LPAREN          reduce using rule 62 (expression -> call_stmt .)
    NOT             reduce using rule 62 (expression -> call_stmt .)
    LBRACE          reduce using rule 62 (expression -> call_stmt .)
    LAMBDA          reduce using rule 62 (expression -> call_stmt .)
    LET             reduce using rule 62 (expression -> call_stmt .)
    ID              reduce using rule 62 (expression -> call_stmt .)
    DISP            reduce using rule 62 (expression -> call_stmt .)
    ENTRY           reduce using rule 62 (expression -> call_stmt .)
    IF              reduce using rule 62 (expression -> call_stmt .)
    WHILE           reduce using rule 62 (expression -> call_stmt .)
    FUNCTION        reduce using rule 62 (expression -> call_stmt .)
    FOR             reduce using rule 62 (expression -> call_stmt .)
    CONT            reduce using rule 62 (expression -> call_stmt .)
    BREAK           reduce using rule 62 (expression -> call_stmt .)
    RETURN          reduce using rule 62 (expression -> call_stmt .)
    TRY             reduce using rule 62 (expression -> call_stmt .)
    THROW           reduce using rule 62 (expression -> call_stmt .)
    ASSERT          reduce using rule 62 (expression -> call_stmt .)
    ASSERT_EQ       reduce using rule 62 (expression -> call_stmt .)
    ATTEMPT         reduce using rule 62 (expression -> call_stmt .)
    INT             reduce using rule 62 (expression -> call_stmt .)
    STR             reduce using rule 62 (expression -> call_stmt .)
    BOOL            reduce using rule 62 (expression -> call_stmt .)
    FLOAT           reduce using rule 62 (expression -> call_stmt .)
    $end            reduce using rule 62 (expression -> call_stmt .)
    RBRACKET        reduce using rule 62 (expression -> call_stmt .)
    COMMA           reduce using rule 62 (expression -> call_stmt .)
    COLON           reduce using rule 62 (expression -> call_stmt .)
    RBRACE          reduce using rule 62 (expression -> call_stmt .)
    OK_CHECK        reduce using rule 62 (expression -> call_stmt .)
    FALLBACK        reduce using rule 62 (expression -> call_stmt .)


state 74

    (33) variable -> ID .
    (61) call_stmt -> ID . LPAREN arg_list RPAREN

  ! shift/reduce conflict for LPAREN resolved as shift
    RPAREN          reduce using rule 33 (variable -> ID .)
    LBRACKET        reduce using rule 33 (variable -> ID .)
    DOT             reduce using rule 33 (variable -> ID .)
    ADD             reduce using rule 33 (variable -> ID .)
    SUB             reduce using rule 33 (variable -> ID .)
    MUL             reduce using rule 33 (variable -> ID .)
    DIV             reduce using rule 33 (variable -> ID .)
    MOD             reduce using rule 33 (variable -> ID .)
    POW             reduce using rule 33 (variable -> ID .)
    GT              reduce using rule 33 (variable -> ID .)
    LT              reduce using rule 33 (variable -> ID .)
    GE              reduce using rule 33 (variable -> ID .)
    LE              reduce using rule 33 (variable -> ID .)
    EQ              reduce using rule 33 (variable -> ID .)
    NE              reduce using rule 33 (variable -> ID .)
    AND             reduce using rule 33 (variable -> ID .)
    OR              reduce using rule 33 (variable -> ID .)
    SEMICOLON       reduce using rule 33 (variable -> ID .)
    NOT             reduce using rule 33 (variable -> ID .)
    LBRACE          reduce using rule 33 (variable -> ID .)
    LAMBDA          reduce using rule 33 (variable -> ID .)
    LET             reduce using rule 33 (variable -> ID .)
    ID              reduce using rule 33 (variable -> ID .)
    DISP            reduce using rule 33 (variable -> ID .)
    ENTRY           reduce using rule 33 (variable -> ID .)
    IF              reduce using rule 33 (variable -> ID .)
    WHILE           reduce using rule 33 (variable -> ID .)
    FUNCTION        reduce using rule 33 (variable -> ID .)
    FOR             reduce using rule 33 (variable -> ID .)
    CONT            reduce using rule 33 (variable -> ID .)
    BREAK           reduce using rule 33 (variable -> ID .)
    RETURN          reduce using rule 33 (variable -> ID .)
    TRY             reduce using rule 33 (variable -> ID .)
    THROW           reduce using rule 33 (variable -> ID .)
    ASSERT          reduce using rule 33 (variable -> ID .)
    ASSERT_EQ       reduce using rule 33 (variable -> ID .)
    ATTEMPT         reduce using rule 33 (variable -> ID .)
    INT             reduce using rule 33 (variable -> ID .)
    STR             reduce using rule 33 (variable -> ID .)
    BOOL            reduce using rule 33 (variable -> ID .)
    FLOAT           reduce using rule 33 (variable -> ID .)
    $end            reduce using rule 33 (variable -> ID .)
    RBRACKET        reduce using rule 33 (variable -> ID .)
    COMMA           reduce using rule 33 (variable -> ID .)
    COLON           reduce using rule 33 (variable -> ID .)
    RBRACE          reduce using rule 33 (variable -> ID .)
    OK_CHECK        reduce using rule 33 (variable -> ID .)
    FALLBACK        reduce using rule 33 (variable -> ID .)
    LPAREN          shift and go to state 82

  ! LPAREN          [ reduce using rule 33 (variable -> ID .) ]


state 75

    (96) expression -> LBRACE . hash_elements RBRACE
    (97) expression -> LBRACE . empty RBRACE
    (99) hash_elements -> . hash_element
    (100) hash_elements -> . hash_elements COMMA hash_element
    (118) empty -> .
    (98) hash_element -> . expression COLON expression
    (27) expression -> . variable
    (28) expression -> . bin_ops
    (29) expression -> . LPAREN expression RPAREN
    (45) expression -> . NOT expression
    (46) expression -> . SUB expression
    (62) expression -> . call_stmt
    (91) expression -> . LBRACKET args RBRACKET
    (92) expression -> . LBRACKET empty RBRACKET
    (93) expression -> . expression LBRACKET expression RBRACKET
    (95) expression -> . expression DOT ID LPAREN arg_list RPAREN
    (96) expression -> . LBRACE hash_elements RBRACE
    (97) expression -> . LBRACE empty RBRACE
    (115) expression -> . LAMBDA LPAREN params RPAREN COLON type ARROW expression
    (116) expression -> . LAMBDA LPAREN params RPAREN ARROW expression
    (117) expression -> . LAMBDA LPAREN RPAREN ARROW expression
    (30) variable -> . INT
    (31) variable -> . STR
    (32) variable -> . BOOL
    (33) variable -> . ID
    (34) variable -> . FLOAT
    (63) bin_ops -> . expression ADD expression
    (64) bin_ops -> . expression SUB expression
    (65) bin_ops -> . expression MUL expression
    (66) bin_ops -> . expression DIV expression
    (67) bin_ops -> . expression MOD expression
    (68) bin_ops -> . expression POW expression
    (69) bin_ops -> . expression GT expression
    (70) bin_ops -> . expression LT expression
    (71) bin_ops -> . expression GE expression
    (72) bin_ops -> . expression LE expression
    (73) bin_ops -> . expression EQ expression
    (74) bin_ops -> . expression NE expression
    (75) bin_ops -> . expression AND expression
    (76) bin_ops -> . expression OR expression
    (61) call_stmt -> . ID LPAREN arg_list RPAREN

    RBRACE          reduce using rule 118 (empty -> .)
    LPAREN          shift and go to state 26
    NOT             shift and go to state 27
    SUB             shift and go to state 28
    LBRACKET        shift and go to state 29
    LBRACE          shift and go to state 75
    LAMBDA          shift and go to state 32
    INT             shift and go to state 48
    STR             shift and go to state 49
    BOOL            shift and go to state 50
    ID              shift and go to state 74
    FLOAT           shift and go to state 51

    hash_elements                  shift and go to state 83
    empty                          shift and go to state 125
    hash_element                   shift and go to state 86
    expression                     shift and go to state 126
    variable                       shift and go to state 24
    bin_ops                        shift and go to state 25
    call_stmt                      shift and go to state 73

state 76

    (45) expression -> NOT expression .
    (93) expression -> expression . LBRACKET expression RBRACKET
    (95) expression -> expression . DOT ID LPAREN arg_list RPAREN
    (63) bin_ops -> expression . ADD expression
    (64) bin_ops -> expression . SUB expression
    (65) bin_ops -> expression . MUL expression
    (66) bin_ops -> expression . DIV expression
    (67) bin_ops -> expression . MOD expression
    (68) bin_ops -> expression . POW expression
    (69) bin_ops -> expression . GT expression
    (70) bin_ops -> expression . LT expression
    (71) bin_ops -> expression . GE expression
    (72) bin_ops -> expression . LE expression
    (73) bin_ops -> expression . EQ expression
    (74) bin_ops -> expression . NE expression
    (75) bin_ops -> expression . AND expression
    (76) bin_ops -> expression . OR expression

    LBRACKET        reduce using rule 45 (expression -> NOT expression .)
    DOT             reduce using rule 45 (expression -> NOT expression .)
    ADD             reduce using rule 45 (expression -> NOT expression .)
    SUB             reduce using rule 45 (expression -> NOT expression .)
    MUL             reduce using rule 45 (expression -> NOT expression .)
    DIV             reduce using rule 45 (expression -> NOT expression .)
    MOD             reduce using rule 45 (expression -> NOT expression .)
    POW             reduce using rule 45 (expression -> NOT expression .)
    GT              reduce using rule 45 (expression -> NOT expression .)
    LT              reduce using rule 45 (expression -> NOT expression .)
    GE              reduce using rule 45 (expression -> NOT expression .)
    LE              reduce using rule 45 (expression -> NOT expression .)
    EQ              reduce using rule 45 (expression -> NOT expression .)
    NE              reduce using rule 45 (expression -> NOT expression .)
    AND             reduce using rule 45 (expression -> NOT expression .)
    OR              reduce using rule 45 (expression -> NOT expression .)
    SEMICOLON       reduce using rule 45 (expression -> NOT expression .)
    LPAREN          reduce using rule 45 (expression -> NOT expression .)
    NOT             reduce using rule 45 (expression -> NOT expression .)
    LBRACE          reduce using rule 45 (expression -> NOT expression .)
    LAMBDA          reduce using rule 45 (expression -> NOT expression .)
    LET             reduce using rule 45 (expression -> NOT expression .)
    ID              reduce using rule 45 (expression -> NOT expression .)
    DISP            reduce using rule 45 (expression -> NOT expression .)
    ENTRY           reduce using rule 45 (expression -> NOT expression .)
    IF              reduce using rule 45 (expression -> NOT expression .)
    WHILE           reduce using rule 45 (expression -> NOT expression .)
    FUNCTION        reduce using rule 45 (expression -> NOT expression .)
    FOR             reduce using rule 45 (expression -> NOT expression .)
    CONT            reduce using rule 45 (expression -> NOT expression .)
    BREAK           reduce using rule 45 (expression -> NOT expression .)
    RETURN          reduce using rule 45 (expression -> NOT expression .)
    TRY             reduce using rule 45 (expression -> NOT expression .)
    THROW           reduce using rule 45 (expression -> NOT expression .)
    ASSERT          reduce using rule 45 (expression -> NOT expression .)
    ASSERT_EQ       reduce using rule 45 (expression -> NOT expression .)
    ATTEMPT         reduce using rule 45 (expression -> NOT expression .)
    INT             reduce using rule 45 (expression -> NOT expression .)
    STR             reduce using rule 45 (expression -> NOT expression .)
    BOOL            reduce using rule 45 (expression -> NOT expression .)
    FLOAT           reduce using rule 45 (expression -> NOT expression .)
    $end            reduce using rule 45 (expression -> NOT expression .)
    RPAREN          reduce using rule 45 (expression -> NOT expression .)
    RBRACKET        reduce using rule 45 (expression -> NOT expression .)
    COMMA           reduce using rule 45 (expression -> NOT expression .)
    COLON           reduce using rule 45 (expression -> NOT expression .)
    RBRACE          reduce using rule 45 (expression -> NOT expression .)
    OK_CHECK        reduce using rule 45 (expression -> NOT expression .)
    FALLBACK        reduce using rule 45 (expression -> NOT expression .)

  ! LBRACKET        [ shift and go to state 124 ]
  ! DOT             [ shift and go to state 55 ]
  ! ADD             [ shift and go to state 56 ]
  ! SUB             [ shift and go to state 57 ]
  ! MUL             [ shift and go to state 58 ]
  ! DIV             [ shift and go to state 59 ]
  ! MOD             [ shift and go to state 60 ]
  ! POW             [ shift and go to state 61 ]
  ! GT              [ shift and go to state 62 ]
  ! LT              [ shift and go to state 63 ]
  ! GE              [ shift and go to state 64 ]
  ! LE              [ shift and go to state 65 ]
  ! EQ              [ shift and go to state 66 ]
  ! NE              [ shift and go to state 67 ]
  ! AND             [ shift and go to state 68 ]
  ! OR              [ shift and go to state 69 ]


state 77

    (46) expression -> SUB expression .
    (93) expression -> expression . LBRACKET expression RBRACKET
    (95) expression -> expression . DOT ID LPAREN arg_list RPAREN
    (63) bin_ops -> expression . ADD expression
    (64) bin_ops -> expression . SUB expression
    (65) bin_ops -> expression . MUL expression
    (66) bin_ops -> expression . DIV expression
    (67) bin_ops -> expression . MOD expression
    (68) bin_ops -> expression . POW expression
    (69) bin_ops -> expression . GT expression
    (70) bin_ops -> expression . LT expression
    (71) bin_ops -> expression . GE expression
    (72) bin_ops -> expression . LE expression
    (73) bin_ops -> expression . EQ expression
    (74) bin_ops -> expression . NE expression
    (75) bin_ops -> expression . AND expression
    (76) bin_ops -> expression . OR expression

    LBRACKET        reduce using rule 46 (expression -> SUB expression .)
    DOT             reduce using rule 46 (expression -> SUB expression .)
    ADD             reduce using rule 46 (expression -> SUB expression .)
    SUB             reduce using rule 46 (expression -> SUB expression .)
    MUL             reduce using rule 46 (expression -> SUB expression .)
    DIV             reduce using rule 46 (expression -> SUB expression .)
    MOD             reduce using rule 46 (expression -> SUB expression .)
    POW             reduce using rule 46 (expression -> SUB expression .)
    GT              reduce using rule 46 (expression -> SUB expression .)
    LT              reduce using rule 46 (expression -> SUB expression .)
    GE              reduce using rule 46 (expression -> SUB expression .)
    LE              reduce using rule 46 (expression -> SUB expression .)
    EQ              reduce using rule 46 (expression -> SUB expression .)
    NE              reduce using rule 46 (expression -> SUB expression .)
    AND             reduce using rule 46 (expression -> SUB expression .)
    OR              reduce using rule 46 (expression -> SUB expression .)
    SEMICOLON       reduce using rule 46 (expression -> SUB expression .)
    LPAREN          reduce using rule 46 (expression -> SUB expression .)
    NOT             reduce using rule 46 (expression -> SUB expression .)
    LBRACE          reduce using rule 46 (expression -> SUB expression .)
    LAMBDA          reduce using rule 46 (expression -> SUB expression .)
    LET             reduce using rule 46 (expression -> SUB expression .)
    ID              reduce using rule 46 (expression -> SUB expression .)
    DISP            reduce using rule 46 (expression -> SUB expression .)
    ENTRY           reduce using rule 46 (expression -> SUB expression .)
    IF              reduce using rule 46 (expression -> SUB expression .)
    WHILE           reduce using rule 46 (expression -> SUB expression .)
    FUNCTION        reduce using rule 46 (expression -> SUB expression .)
    FOR             reduce using rule 46 (expression -> SUB expression .)
    CONT            reduce using rule 46 (expression -> SUB expression .)
    BREAK           reduce using rule 46 (expression -> SUB expression .)
    RETURN          reduce using rule 46 (expression -> SUB expression .)
    TRY             reduce using rule 46 (expression -> SUB expression .)
    THROW           reduce using rule 46 (expression -> SUB expression .)
    ASSERT          reduce using rule 46 (expression -> SUB expression .)
    ASSERT_EQ       reduce using rule 46 (expression -> SUB expression .)
    ATTEMPT         reduce using rule 46 (expression -> SUB expression .)
    INT             reduce using rule 46 (expression -> SUB expression .)
    STR             reduce using rule 46 (expression -> SUB expression .)
    BOOL            reduce using rule 46 (expression -> SUB expression .)
    FLOAT           reduce using rule 46 (expression -> SUB expression .)
    $end            reduce using rule 46 (expression -> SUB expression .)
    RPAREN          reduce using rule 46 (expression -> SUB expression .)
    RBRACKET        reduce using rule 46 (expression -> SUB expression .)
    COMMA           reduce using rule 46 (expression -> SUB expression .)
    COLON           reduce using rule 46 (expression -> SUB expression .)
    RBRACE          reduce using rule 46 (expression -> SUB expression .)
    OK_CHECK        reduce using rule 46 (expression -> SUB expression .)
    FALLBACK        reduce using rule 46 (expression -> SUB expression .)

  ! LBRACKET        [ shift and go to state 124 ]
  ! DOT             [ shift and go to state 55 ]
  ! ADD             [ shift and go to state 56 ]
  ! SUB             [ shift and go to state 57 ]
  ! MUL             [ shift and go to state 58 ]
  ! DIV             [ shift and go to state 59 ]
  ! MOD             [ shift and go to state 60 ]
  ! POW             [ shift and go to state 61 ]
  ! GT              [ shift and go to state 62 ]
  ! LT              [ shift and go to state 63 ]
  ! GE              [ shift and go to state 64 ]
  ! LE              [ shift and go to state 65 ]
  ! EQ              [ shift and go to state 66 ]
  ! NE              [ shift and go to state 67 ]
  ! AND             [ shift and go to state 68 ]
  ! OR              [ shift and go to state 69 ]


state 78

    (91) expression -> LBRACKET args . RBRACKET
    (58) args -> args . COMMA expression

    RBRACKET        shift and go to state 127
    COMMA           shift and go to state 128


state 79

    (92) expression -> LBRACKET empty . RBRACKET

    RBRACKET        shift and go to state 129


state 80

    (57) args -> expression .
    (93) expression -> expression . LBRACKET expression RBRACKET
    (95) expression -> expression . DOT ID LPAREN arg_list RPAREN
    (63) bin_ops -> expression . ADD expression
    (64) bin_ops -> expression . SUB expression
    (65) bin_ops -> expression . MUL expression
    (66) bin_ops -> expression . DIV expression
    (67) bin_ops -> expression . MOD expression
    (68) bin_ops -> expression . POW expression
    (69) bin_ops -> expression . GT expression
    (70) bin_ops -> expression . LT expression
    (71) bin_ops -> expression . GE expression
    (72) bin_ops -> expression . LE expression
    (73) bin_ops -> expression . EQ expression
    (74) bin_ops -> expression . NE expression
    (75) bin_ops -> expression . AND expression
    (76) bin_ops -> expression . OR expression

    RBRACKET        reduce using rule 57 (args -> expression .)
    COMMA           reduce using rule 57 (args -> expression .)
    RPAREN          reduce using rule 57 (args -> expression .)
    LBRACKET        shift and go to state 124
    DOT             shift and go to state 55
    ADD             shift and go to state 56
    SUB             shift and go to state 57
    MUL             shift and go to state 58
    DIV             shift and go to state 59
    MOD             shift and go to state 60
    POW             shift and go to state 61
    GT              shift and go to state 62
    LT              shift and go to state 63
    GE              shift and go to state 64
    LE              shift and go to state 65
    EQ              shift and go to state 66
    NE              shift and go to state 67
    AND             shift and go to state 68
    OR              shift and go to state 69


state 81

    (90) assign_stmt -> ID ASSIGN . expression optional_semicolon
    (27) expression -> . variable
    (28) expression -> . bin_ops
    (29) expression -> . LPAREN expression RPAREN
    (45) expression -> . NOT expression
    (46) expression -> . SUB expression
    (62) expression -> . call_stmt
    (91) expression -> . LBRACKET args RBRACKET
    (92) expression -> . LBRACKET empty RBRACKET
    (93) expression -> . expression LBRACKET expression RBRACKET
    (95) expression -> . expression DOT ID LPAREN arg_list RPAREN
    (96) expression -> . LBRACE hash_elements RBRACE
    (97) expression -> . LBRACE empty RBRACE
    (115) expression -> . LAMBDA LPAREN params RPAREN COLON type ARROW expression
    (116) expression -> . LAMBDA LPAREN params RPAREN ARROW expression
    (117) expression -> . LAMBDA LPAREN RPAREN ARROW expression
    (30) variable -> . INT
    (31) variable -> . STR
    (32) variable -> . BOOL
    (33) variable -> . ID
    (34) variable -> . FLOAT
    (63) bin_ops -> . expression ADD expression
    (64) bin_ops -> . expression SUB expression
    (65) bin_ops -> . expression MUL expression
    (66) bin_ops -> . expression DIV expression
    (67) bin_ops -> . expression MOD expression
    (68) bin_ops -> . expression POW expression
    (69) bin_ops -> . expression GT expression
    (70) bin_ops -> . expression LT expression
    (71) bin_ops -> . expression GE expression
    (72) bin_ops -> . expression LE expression
    (73) bin_ops -> . expression EQ expression
    (74) bin_ops -> . expression NE expression
    (75) bin_ops -> . expression AND expression
    (76) bin_ops -> . expression OR expression
    (61) call_stmt -> . ID LPAREN arg_list RPAREN

    LPAREN          shift and go to state 26
    NOT             shift and go to state 27
    SUB             shift and go to state 28
    LBRACKET        shift and go to state 29
    LBRACE          shift and go to state 75
    LAMBDA          shift and go to state 32
    INT             shift and go to state 48
    STR             shift and go to state 49
    BOOL            shift and go to state 50
    ID              shift and go to state 74
    FLOAT           shift and go to state 51

    expression                     shift and go to state 130
    variable                       shift and go to state 24
    bin_ops                        shift and go to state 25
    call_stmt                      shift and go to state 73

state 82

    (61) call_stmt -> ID LPAREN . arg_list RPAREN
    (59) arg_list -> . args
    (60) arg_list -> . empty
    (57) args -> . expression
    (58) args -> . args COMMA expression
    (118) empty -> .
    (27) expression -> . variable
    (28) expression -> . bin_ops
    (29) expression -> . LPAREN expression RPAREN
    (45) expression -> . NOT expression
    (46) expression -> . SUB expression
    (62) expression -> . call_stmt
    (91) expression -> . LBRACKET args RBRACKET
    (92) expression -> . LBRACKET empty RBRACKET
    (93) expression -> . expression LBRACKET expression RBRACKET
    (95) expression -> . expression DOT ID LPAREN arg_list RPAREN
    (96) expression -> . LBRACE hash_elements RBRACE
    (97) expression -> . LBRACE empty RBRACE
    (115) expression -> . LAMBDA LPAREN params RPAREN COLON type ARROW expression
    (116) expression -> . LAMBDA LPAREN params RPAREN ARROW expression
    (117) expression -> . LAMBDA LPAREN RPAREN ARROW expression
    (30) variable -> . INT
    (31) variable -> . STR
    (32) variable -> . BOOL
    (33) variable -> . ID
    (34) variable -> . FLOAT
    (63) bin_ops -> . expression ADD expression
    (64) bin_ops -> . expression SUB expression
    (65) bin_ops -> . expression MUL expression
    (66) bin_ops -> . expression DIV expression
    (67) bin_ops -> . expression MOD expression
    (68) bin_ops -> . expression POW expression
    (69) bin_ops -> . expression GT expression
    (70) bin_ops -> . expression LT expression
    (71) bin_ops -> . expression GE expression
    (72) bin_ops -> . expression LE expression
    (73) bin_ops -> . expression EQ expression
    (74) bin_ops -> . expression NE expression
    (75) bin_ops -> . expression AND expression
    (76) bin_ops -> . expression OR expression
    (61) call_stmt -> . ID LPAREN arg_list RPAREN

    RPAREN          reduce using rule 118 (empty -> .)
    LPAREN          shift and go to state 26
    NOT             shift and go to state 27
    SUB             shift and go to state 28
    LBRACKET        shift and go to state 29
    LBRACE          shift and go to state 75
    LAMBDA          shift and go to state 32
    INT             shift and go to state 48
    STR             shift and go to state 49
    BOOL            shift and go to state 50
    ID              shift and go to state 74
    FLOAT           shift and go to state 51

    arg_list                       shift and go to state 131
    args                           shift and go to state 132
    empty                          shift and go to state 133
    expression                     shift and go to state 80
    variable                       shift and go to state 24
    bin_ops                        shift and go to state 25
    call_stmt                      shift and go to state 73

state 83

    (96) expression -> LBRACE hash_elements . RBRACE
    (100) hash_elements -> hash_elements . COMMA hash_element

    RBRACE          shift and go to state 134
    COMMA           shift and go to state 135


state 84

    (97) expression -> LBRACE empty . RBRACE
    (23) statement -> empty .

  ! shift/reduce conflict for RBRACE resolved as shift
    RBRACE          shift and go to state 136
    LPAREN          reduce using rule 23 (statement -> empty .)
    NOT             reduce using rule 23 (statement -> empty .)
    SUB             reduce using rule 23 (statement -> empty .)
    LBRACKET        reduce using rule 23 (statement -> empty .)
    LBRACE          reduce using rule 23 (statement -> empty .)
    LAMBDA          reduce using rule 23 (statement -> empty .)
    LET             reduce using rule 23 (statement -> empty .)
    ID              reduce using rule 23 (statement -> empty .)
    DISP            reduce using rule 23 (statement -> empty .)
    ENTRY           reduce using rule 23 (statement -> empty .)
    IF              reduce using rule 23 (statement -> empty .)
    WHILE           reduce using rule 23 (statement -> empty .)
    FUNCTION        reduce using rule 23 (statement -> empty .)
    FOR             reduce using rule 23 (statement -> empty .)
    CONT            reduce using rule 23 (statement -> empty .)
    BREAK           reduce using rule 23 (statement -> empty .)
    RETURN          reduce using rule 23 (statement -> empty .)
    TRY             reduce using rule 23 (statement -> empty .)
    THROW           reduce using rule 23 (statement -> empty .)
    ASSERT          reduce using rule 23 (statement -> empty .)
    ASSERT_EQ       reduce using rule 23 (statement -> empty .)
    ATTEMPT         reduce using rule 23 (statement -> empty .)
    INT             reduce using rule 23 (statement -> empty .)
    STR             reduce using rule 23 (statement -> empty .)
    BOOL            reduce using rule 23 (statement -> empty .)
    FLOAT           reduce using rule 23 (statement -> empty .)

  ! RBRACE          [ reduce using rule 23 (statement -> empty .) ]


state 85

    (35) block -> LBRACE statements . RBRACE
    (22) statements -> statements . statement
    (2) statement -> . expression optional_semicolon
    (3) statement -> . assign_stmt
    (4) statement -> . statement_index_assign
    (5) statement -> . disp_stmt
    (6) statement -> . entry_stmt
    (7) statement -> . If_Else_stmt
    (8) statement -> . while_stmt
    (9) statement -> . block
    (10) statement -> . function_stmt
    (11) statement -> . for_stmt
    (12) statement -> . continue_stmt
    (13) statement -> . break_stmt
    (14) statement -> . return_stmt
    (15) statement -> . call_stmt
    (16) statement -> . try_ok_stmt
    (17) statement -> . throw_stmt
    (18) statement -> . assert_stmt
    (19) statement -> . assert_eq_stmt
    (20) statement -> . attempt_stmt
    (23) statement -> . empty
    (27) expression -> . variable
    (28) expression -> . bin_ops
    (29) expression -> . LPAREN expression RPAREN
    (45) expression -> . NOT expression
    (46) expression -> . SUB expression
    (62) expression -> . call_stmt
    (91) expression -> . LBRACKET args RBRACKET
    (92) expression -> . LBRACKET empty RBRACKET
    (93) expression -> . expression LBRACKET expression RBRACKET
    (95) expression -> . expression DOT ID LPAREN arg_list RPAREN
    (96) expression -> . LBRACE hash_elements RBRACE
    (97) expression -> . LBRACE empty RBRACE
    (115) expression -> . LAMBDA LPAREN params RPAREN COLON type ARROW expression
    (116) expression -> . LAMBDA LPAREN params RPAREN ARROW expression
    (117) expression -> . LAMBDA LPAREN RPAREN ARROW expression
    (88) assign_stmt -> . LET ID COLON type ASSIGN expression optional_semicolon
    (89) assign_stmt -> . LET ID ASSIGN expression optional_semicolon
    (90) assign_stmt -> . ID ASSIGN expression optional_semicolon
    (94) statement_index_assign -> . expression LBRACKET expression RBRACKET ASSIGN expression optional_semicolon
    (24) disp_stmt -> . DISP LPAREN expression RPAREN optional_semicolon
    (25) entry_stmt -> . ENTRY LPAREN expression RPAREN optional_semicolon
    (26) entry_stmt -> . ENTRY optional_semicolon
    (36) If_Else_stmt -> . IF expression block
    (37) If_Else_stmt -> . IF expression block ELSE block
    (38) while_stmt -> . WHILE expression block
    (35) block -> . LBRACE statements RBRACE
    (55) function_stmt -> . FUNCTION ID COLON type param_list COLON block
    (56) function_stmt -> . FUNCTION ID param_list COLON block
    (39) for_stmt -> . FOR LPAREN statement expression SEMICOLON statement RPAREN block
    (40) for_stmt -> . FOR expression block
    (41) continue_stmt -> . CONT optional_semicolon
    (42) break_stmt -> . BREAK optional_semicolon
    (43) return_stmt -> . RETURN expression optional_semicolon
    (44) return_stmt -> . RETURN optional_semicolon
    (61) call_stmt -> . ID LPAREN arg_list RPAREN
    (102) try_ok_stmt -> . TRY COLON block OK_CHECK LBRACKET ID COMMA ID RBRACKET COLON block
    (103) try_ok_stmt -> . TRY COLON block OK_CHECK LBRACKET ID RBRACKET COLON block
    (104) try_ok_stmt -> . TRY COLON block OK_CHECK COLON block
    (105) try_ok_stmt -> . TRY COLON statements OK_CHECK LBRACKET ID COMMA ID RBRACKET COLON statements
    (106) try_ok_stmt -> . TRY COLON statements OK_CHECK LBRACKET ID RBRACKET COLON statements
    (107) try_ok_stmt -> . TRY COLON statements OK_CHECK COLON statements
    (101) throw_stmt -> . THROW expression optional_semicolon
    (108) assert_stmt -> . ASSERT expression COMMA expression optional_semicolon
    (109) assert_stmt -> . ASSERT expression optional_semicolon
    (110) assert_eq_stmt -> . ASSERT_EQ expression COMMA expression optional_semicolon
    (111) attempt_stmt -> . ATTEMPT LPAREN expression RPAREN COLON block FALLBACK COLON block
    (112) attempt_stmt -> . ATTEMPT LPAREN expression RPAREN COLON block
    (113) attempt_stmt -> . ATTEMPT LPAREN expression RPAREN COLON statements FALLBACK COLON statements
    (114) attempt_stmt -> . ATTEMPT LPAREN expression RPAREN COLON statements
    (118) empty -> .
    (30) variable -> . INT
    (31) variable -> . STR
    (32) variable -> . BOOL
    (33) variable -> . ID
    (34) variable -> . FLOAT
    (63) bin_ops -> . expression ADD expression
    (64) bin_ops -> . expression SUB expression
    (65) bin_ops -> . expression MUL expression
    (66) bin_ops -> . expression DIV expression
    (67) bin_ops -> . expression MOD expression
    (68) bin_ops -> . expression POW expression
    (69) bin_ops -> . expression GT expression
    (70) bin_ops -> . expression LT expression
    (71) bin_ops -> . expression GE expression
    (72) bin_ops -> . expression LE expression
    (73) bin_ops -> . expression EQ expression
    (74) bin_ops -> . expression NE expression
    (75) bin_ops -> . expression AND expression
    (76) bin_ops -> . expression OR expression

  ! shift/reduce conflict for RBRACE resolved as shift
  ! shift/reduce conflict for LPAREN resolved as shift
  ! shift/reduce conflict for NOT resolved as shift
  ! shift/reduce conflict for SUB resolved as shift
  ! shift/reduce conflict for LBRACKET resolved as shift
  ! shift/reduce conflict for LBRACE resolved as shift
  ! shift/reduce conflict for LAMBDA resolved as shift
  ! shift/reduce conflict for LET resolved as shift
  ! shift/reduce conflict for ID resolved as shift
  ! shift/reduce conflict for DISP resolved as shift
  ! shift/reduce conflict for ENTRY resolved as shift
  ! shift/reduce conflict for IF resolved as shift
  ! shift/reduce conflict for WHILE resolved as shift
  ! shift/reduce conflict for FUNCTION resolved as shift
  ! shift/reduce conflict for FOR resolved as shift
  ! shift/reduce conflict for CONT resolved as shift
  ! shift/reduce conflict for BREAK resolved as shift
  ! shift/reduce conflict for RETURN resolved as shift
  ! shift/reduce conflict for TRY resolved as shift
  ! shift/reduce conflict for THROW resolved as shift
  ! shift/reduce conflict for ASSERT resolved as shift
  ! shift/reduce conflict for ASSERT_EQ resolved as shift
  ! shift/reduce conflict for ATTEMPT resolved as shift
  ! shift/reduce conflict for INT resolved as shift
  ! shift/reduce conflict for STR resolved as shift
  ! shift/reduce conflict for BOOL resolved as shift
  ! shift/reduce conflict for FLOAT resolved as shift
    RBRACE          shift and go to state 137
    LPAREN          shift and go to state 26
    NOT             shift and go to state 27
    SUB             shift and go to state 28
    LBRACKET        shift and go to state 29
    LBRACE          shift and go to state 31
    LAMBDA          shift and go to state 32
    LET             shift and go to state 33
    ID              shift and go to state 30
    DISP            shift and go to state 34
    ENTRY           shift and go to state 35
    IF              shift and go to state 36
    WHILE           shift and go to state 37
    FUNCTION        shift and go to state 38
    FOR             shift and go to state 39
    CONT            shift and go to state 40
    BREAK           shift and go to state 41
    RETURN          shift and go to state 42
    TRY             shift and go to state 43
    THROW           shift and go to state 44
    ASSERT          shift and go to state 45
    ASSERT_EQ       shift and go to state 46
    ATTEMPT         shift and go to state 47
    INT             shift and go to state 48
    STR             shift and go to state 49
    BOOL            shift and go to state 50
    FLOAT           shift and go to state 51

  ! RBRACE          [ reduce using rule 118 (empty -> .) ]
  ! LPAREN          [ reduce using rule 118 (empty -> .) ]
  ! NOT             [ reduce using rule 118 (empty -> .) ]
  ! SUB             [ reduce using rule 118 (empty -> .) ]
  ! LBRACKET        [ reduce using rule 118 (empty -> .) ]
  ! LBRACE          [ reduce using rule 118 (empty -> .) ]
  ! LAMBDA          [ reduce using rule 118 (empty -> .) ]
  ! LET             [ reduce using rule 118 (empty -> .) ]
  ! ID              [ reduce using rule 118 (empty -> .) ]
  ! DISP            [ reduce using rule 118 (empty -> .) ]
  ! ENTRY           [ reduce using rule 118 (empty -> .) ]
  ! IF              [ reduce using rule 118 (empty -> .) ]
  ! WHILE           [ reduce using rule 118 (empty -> .) ]
  ! FUNCTION        [ reduce using rule 118 (empty -> .) ]
  ! FOR             [ reduce using rule 118 (empty -> .) ]
  ! CONT            [ reduce using rule 118 (empty -> .) ]
  ! BREAK           [ reduce using rule 118 (empty -> .) ]
  ! RETURN          [ reduce using rule 118 (empty -> .) ]
  ! TRY             [ reduce using rule 118 (empty -> .) ]
  ! THROW           [ reduce using rule 118 (empty -> .) ]
  ! ASSERT          [ reduce using rule 118 (empty -> .) ]
  ! ASSERT_EQ       [ reduce using rule 118 (empty -> .) ]
  ! ATTEMPT         [ reduce using rule 118 (empty -> .) ]
  ! INT             [ reduce using rule 118 (empty -> .) ]
  ! STR             [ reduce using rule 118 (empty -> .) ]
  ! BOOL            [ reduce using rule 118 (empty -> .) ]
  ! FLOAT           [ reduce using rule 118 (empty -> .) ]

    statement                      shift and go to state 52
    expression                     shift and go to state 4
    assign_stmt                    shift and go to state 5
    statement_index_assign         shift and go to state 6
    disp_stmt                      shift and go to state 7
    entry_stmt                     shift and go to state 8
    If_Else_stmt                   shift and go to state 9
    while_stmt                     shift and go to state 10
    block                          shift and go to state 11
    function_stmt                  shift and go to state 12
    for_stmt                       shift and go to state 13
    continue_stmt                  shift and go to state 14
    break_stmt                     shift and go to state 15
    return_stmt                    shift and go to state 16
    call_stmt                      shift and go to state 17
    try_ok_stmt                    shift and go to state 18
    throw_stmt                     shift and go to state 19
    assert_stmt                    shift and go to state 20
    assert_eq_stmt                 shift and go to state 21
    attempt_stmt                   shift and go to state 22
    empty                          shift and go to state 23
    variable                       shift and go to state 24
    bin_ops                        shift and go to state 25

state 86

    (99) hash_elements -> hash_element .

    RBRACE          reduce using rule 99 (hash_elements -> hash_element .)
    COMMA           reduce using rule 99 (hash_elements -> hash_element .)


state 87

    (98) hash_element -> expression . COLON expression
    (2) statement -> expression . optional_semicolon
    (93) expression -> expression . LBRACKET expression RBRACKET
    (95) expression -> expression . DOT ID LPAREN arg_list RPAREN
    (94) statement_index_assign -> expression . LBRACKET expression RBRACKET ASSIGN expression optional_semicolon
    (63) bin_ops -> expression . ADD expression
    (64) bin_ops -> expression . SUB expression
    (65) bin_ops -> expression . MUL expression
    (66) bin_ops -> expression . DIV expression
    (67) bin_ops -> expression . MOD expression
    (68) bin_ops -> expression . POW expression
    (69) bin_ops -> expression . GT expression
    (70) bin_ops -> expression . LT expression
    (71) bin_ops -> expression . GE expression
    (72) bin_ops -> expression . LE expression
    (73) bin_ops -> expression . EQ expression
    (74) bin_ops -> expression . NE expression
    (75) bin_ops -> expression . AND expression
    (76) bin_ops -> expression . OR expression
    (119) optional_semicolon -> . SEMICOLON
    (120) optional_semicolon -> . empty
    (118) empty -> .

  ! shift/reduce conflict for SUB resolved as shift
  ! shift/reduce conflict for LBRACKET resolved as shift
    COLON           shift and go to state 138
    LBRACKET        shift and go to state 54
    DOT             shift and go to state 55
    ADD             shift and go to state 56
    SUB             shift and go to state 57
    MUL             shift and go to state 58
    DIV             shift and go to state 59
    MOD             shift and go to state 60
    POW             shift and go to state 61
    GT              shift and go to state 62
    LT              shift and go to state 63
    GE              shift and go to state 64
    LE              shift and go to state 65
    EQ              shift and go to state 66
    NE              shift and go to state 67
    AND             shift and go to state 68
    OR              shift and go to state 69
    SEMICOLON       shift and go to state 70
    RBRACE          reduce using rule 118 (empty -> .)
    LPAREN          reduce using rule 118 (empty -> .)
    NOT             reduce using rule 118 (empty -> .)
    LBRACE          reduce using rule 118 (empty -> .)
    LAMBDA          reduce using rule 118 (empty -> .)
    LET             reduce using rule 118 (empty -> .)
    ID              reduce using rule 118 (empty -> .)
    DISP            reduce using rule 118 (empty -> .)
    ENTRY           reduce using rule 118 (empty -> .)
    IF              reduce using rule 118 (empty -> .)
    WHILE           reduce using rule 118 (empty -> .)
    FUNCTION        reduce using rule 118 (empty -> .)
    FOR             reduce using rule 118 (empty -> .)
    CONT            reduce using rule 118 (empty -> .)
    BREAK           reduce using rule 118 (empty -> .)
    RETURN          reduce using rule 118 (empty -> .)
    TRY             reduce using rule 118 (empty -> .)
    THROW           reduce using rule 118 (empty -> .)
    ASSERT          reduce using rule 118 (empty -> .)
    ASSERT_EQ       reduce using rule 118 (empty -> .)
    ATTEMPT         reduce using rule 118 (empty -> .)
    INT             reduce using rule 118 (empty -> .)
    STR             reduce using rule 118 (empty -> .)
    BOOL            reduce using rule 118 (empty -> .)
    FLOAT           reduce using rule 118 (empty -> .)

  ! SUB             [ reduce using rule 118 (empty -> .) ]
  ! LBRACKET        [ reduce using rule 118 (empty -> .) ]

    optional_semicolon             shift and go to state 53
    empty                          shift and go to state 71

state 88

    (115) expression -> LAMBDA LPAREN . params RPAREN COLON type ARROW expression
    (116) expression -> LAMBDA LPAREN . params RPAREN ARROW expression
    (117) expression -> LAMBDA LPAREN . RPAREN ARROW expression
    (51) params -> . param
    (52) params -> . params COMMA param
    (47) param -> . ID COLON type ASSIGN expression
    (48) param -> . ID COLON type
    (49) param -> . ID ASSIGN expression
    (50) param -> . ID

    RPAREN          shift and go to state 140
    ID              shift and go to state 142

    params                         shift and go to state 139
    param                          shift and go to state 141

state 89

    (88) assign_stmt -> LET ID . COLON type ASSIGN expression optional_semicolon
    (89) assign_stmt -> LET ID . ASSIGN expression optional_semicolon

    COLON           shift and go to state 143
    ASSIGN          shift and go to state 144


state 90

    (24) disp_stmt -> DISP LPAREN . expression RPAREN optional_semicolon
    (27) expression -> . variable
    (28) expression -> . bin_ops
    (29) expression -> . LPAREN expression RPAREN
    (45) expression -> . NOT expression
    (46) expression -> . SUB expression
    (62) expression -> . call_stmt
    (91) expression -> . LBRACKET args RBRACKET
    (92) expression -> . LBRACKET empty RBRACKET
    (93) expression -> . expression LBRACKET expression RBRACKET
    (95) expression -> . expression DOT ID LPAREN arg_list RPAREN
    (96) expression -> . LBRACE hash_elements RBRACE
    (97) expression -> . LBRACE empty RBRACE
    (115) expression -> . LAMBDA LPAREN params RPAREN COLON type ARROW expression
    (116) expression -> . LAMBDA LPAREN params RPAREN ARROW expression
    (117) expression -> . LAMBDA LPAREN RPAREN ARROW expression
    (30) variable -> . INT
    (31) variable -> . STR
    (32) variable -> . BOOL
    (33) variable -> . ID
    (34) variable -> . FLOAT
    (63) bin_ops -> . expression ADD expression
    (64) bin_ops -> . expression SUB expression
    (65) bin_ops -> . expression MUL expression
    (66) bin_ops -> . expression DIV expression
    (67) bin_ops -> . expression MOD expression
    (68) bin_ops -> . expression POW expression
    (69) bin_ops -> . expression GT expression
    (70) bin_ops -> . expression LT expression
    (71) bin_ops -> . expression GE expression
    (72) bin_ops -> . expression LE expression
    (73) bin_ops -> . expression EQ expression
    (74) bin_ops -> . expression NE expression
    (75) bin_ops -> . expression AND expression
    (76) bin_ops -> . expression OR expression
    (61) call_stmt -> . ID LPAREN arg_list RPAREN

    LPAREN          shift and go to state 26
    NOT             shift and go to state 27
    SUB             shift and go to state 28
    LBRACKET        shift and go to state 29
    LBRACE          shift and go to state 75
    LAMBDA          shift and go to state 32
    INT             shift and go to state 48
    STR             shift and go to state 49
    BOOL            shift and go to state 50
    ID              shift and go to state 74
    FLOAT           shift and go to state 51

    expression                     shift and go to state 145
    variable                       shift and go to state 24
    bin_ops                        shift and go to state 25
    call_stmt                      shift and go to state 73

state 91

    (25) entry_stmt -> ENTRY LPAREN . expression RPAREN optional_semicolon
    (27) expression -> . variable
    (28) expression -> . bin_ops
    (29) expression -> . LPAREN expression RPAREN
    (45) expression -> . NOT expression
    (46) expression -> . SUB expression
    (62) expression -> . call_stmt
    (91) expression -> . LBRACKET args RBRACKET
    (92) expression -> . LBRACKET empty RBRACKET
    (93) expression -> . expression LBRACKET expression RBRACKET
    (95) expression -> . expression DOT ID LPAREN arg_list RPAREN
    (96) expression -> . LBRACE hash_elements RBRACE
    (97) expression -> . LBRACE empty RBRACE
    (115) expression -> . LAMBDA LPAREN params RPAREN COLON type ARROW expression
    (116) expression -> . LAMBDA LPAREN params RPAREN ARROW expression
    (117) expression -> . LAMBDA LPAREN RPAREN ARROW expression
    (30) variable -> . INT
    (31) variable -> . STR
    (32) variable -> . BOOL
    (33) variable -> . ID
    (34) variable -> . FLOAT
    (63) bin_ops -> . expression ADD expression
    (64) bin_ops -> . expression SUB expression
    (65) bin_ops -> . expression MUL expression
    (66) bin_ops -> . expression DIV expression
    (67) bin_ops -> . expression MOD expression
    (68) bin_ops -> . expression POW expression
    (69) bin_ops -> . expression GT expression
    (70) bin_ops -> . expression LT expression
    (71) bin_ops -> . expression GE expression
    (72) bin_ops -> . expression LE expression
    (73) bin_ops -> . expression EQ expression
    (74) bin_ops -> . expression NE expression
    (75) bin_ops -> . expression AND expression
    (76) bin_ops -> . expression OR expression
    (61) call_stmt -> . ID LPAREN arg_list RPAREN

    LPAREN          shift and go to state 26
    NOT             shift and go to state 27
    SUB             shift and go to state 28
    LBRACKET        shift and go to state 29
    LBRACE          shift and go to state 75
    LAMBDA          shift and go to state 32
    INT             shift and go to state 48
    STR             shift and go to state 49
    BOOL            shift and go to state 50
    ID              shift and go to state 74
    FLOAT           shift and go to state 51

    expression                     shift and go to state 146
    variable                       shift and go to state 24
    bin_ops                        shift and go to state 25
    call_stmt                      shift and go to state 73

state 92

    (26) entry_stmt -> ENTRY optional_semicolon .

    LPAREN          reduce using rule 26 (entry_stmt -> ENTRY optional_semicolon .)
    NOT             reduce using rule 26 (entry_stmt -> ENTRY optional_semicolon .)
    SUB             reduce using rule 26 (entry_stmt -> ENTRY optional_semicolon .)
    LBRACKET        reduce using rule 26 (entry_stmt -> ENTRY optional_semicolon .)
    LBRACE          reduce using rule 26 (entry_stmt -> ENTRY optional_semicolon .)
    LAMBDA          reduce using rule 26 (entry_stmt -> ENTRY optional_semicolon .)
    LET             reduce using rule 26 (entry_stmt -> ENTRY optional_semicolon .)
    ID              reduce using rule 26 (entry_stmt -> ENTRY optional_semicolon .)
    DISP            reduce using rule 26 (entry_stmt -> ENTRY optional_semicolon .)
    ENTRY           reduce using rule 26 (entry_stmt -> ENTRY optional_semicolon .)
    IF              reduce using rule 26 (entry_stmt -> ENTRY optional_semicolon .)
    WHILE           reduce using rule 26 (entry_stmt -> ENTRY optional_semicolon .)
    FUNCTION        reduce using rule 26 (entry_stmt -> ENTRY optional_semicolon .)
    FOR             reduce using rule 26 (entry_stmt -> ENTRY optional_semicolon .)
    CONT            reduce using rule 26 (entry_stmt -> ENTRY optional_semicolon .)
    BREAK           reduce using rule 26 (entry_stmt -> ENTRY optional_semicolon .)
    RETURN          reduce using rule 26 (entry_stmt -> ENTRY optional_semicolon .)
    TRY             reduce using rule 26 (entry_stmt -> ENTRY optional_semicolon .)
    THROW           reduce using rule 26 (entry_stmt -> ENTRY optional_semicolon .)
    ASSERT          reduce using rule 26 (entry_stmt -> ENTRY optional_semicolon .)
    ASSERT_EQ       reduce using rule 26 (entry_stmt -> ENTRY optional_semicolon .)
    ATTEMPT         reduce using rule 26 (entry_stmt -> ENTRY optional_semicolon .)
    INT             reduce using rule 26 (entry_stmt -> ENTRY optional_semicolon .)
    STR             reduce using rule 26 (entry_stmt -> ENTRY optional_semicolon .)
    BOOL            reduce using rule 26 (entry_stmt -> ENTRY optional_semicolon .)
    FLOAT           reduce using rule 26 (entry_stmt -> ENTRY optional_semicolon .)
    $end            reduce using rule 26 (entry_stmt -> ENTRY optional_semicolon .)
    RBRACE          reduce using rule 26 (entry_stmt -> ENTRY optional_semicolon .)
    OK_CHECK        reduce using rule 26 (entry_stmt -> ENTRY optional_semicolon .)
    RPAREN          reduce using rule 26 (entry_stmt -> ENTRY optional_semicolon .)
    FALLBACK        reduce using rule 26 (entry_stmt -> ENTRY optional_semicolon .)


state 93

    (36) If_Else_stmt -> IF expression . block
    (37) If_Else_stmt -> IF expression . block ELSE block
    (93) expression -> expression . LBRACKET expression RBRACKET
    (95) expression -> expression . DOT ID LPAREN arg_list RPAREN
    (63) bin_ops -> expression . ADD expression
    (64) bin_ops -> expression . SUB expression
    (65) bin_ops -> expression . MUL expression
    (66) bin_ops -> expression . DIV expression
    (67) bin_ops -> expression . MOD expression
    (68) bin_ops -> expression . POW expression
    (69) bin_ops -> expression . GT expression
    (70) bin_ops -> expression . LT expression
    (71) bin_ops -> expression . GE expression
    (72) bin_ops -> expression . LE expression
    (73) bin_ops -> expression . EQ expression
    (74) bin_ops -> expression . NE expression
    (75) bin_ops -> expression . AND expression
    (76) bin_ops -> expression . OR expression
    (35) block -> . LBRACE statements RBRACE

    LBRACKET        shift and go to state 124
    DOT             shift and go to state 55
    ADD             shift and go to state 56
    SUB             shift and go to state 57
    MUL             shift and go to state 58
    DIV             shift and go to state 59
    MOD             shift and go to state 60
    POW             shift and go to state 61
    GT              shift and go to state 62
    LT              shift and go to state 63
    GE              shift and go to state 64
    LE              shift and go to state 65
    EQ              shift and go to state 66
    NE              shift and go to state 67
    AND             shift and go to state 68
    OR              shift and go to state 69
    LBRACE          shift and go to state 148

    block                          shift and go to state 147

state 94

    (38) while_stmt -> WHILE expression . block
    (93) expression -> expression . LBRACKET expression RBRACKET
    (95) expression -> expression . DOT ID LPAREN arg_list RPAREN
    (63) bin_ops -> expression . ADD expression
    (64) bin_ops -> expression . SUB expression
    (65) bin_ops -> expression . MUL expression
    (66) bin_ops -> expression . DIV expression
    (67) bin_ops -> expression . MOD expression
    (68) bin_ops -> expression . POW expression
    (69) bin_ops -> expression . GT expression
    (70) bin_ops -> expression . LT expression
    (71) bin_ops -> expression . GE expression
    (72) bin_ops -> expression . LE expression
    (73) bin_ops -> expression . EQ expression
    (74) bin_ops -> expression . NE expression
    (75) bin_ops -> expression . AND expression
    (76) bin_ops -> expression . OR expression
    (35) block -> . LBRACE statements RBRACE

    LBRACKET        shift and go to state 124
    DOT             shift and go to state 55
    ADD             shift and go to state 56
    SUB             shift and go to state 57
    MUL             shift and go to state 58
    DIV             shift and go to state 59
    MOD             shift and go to state 60
    POW             shift and go to state 61
    GT              shift and go to state 62
    LT              shift and go to state 63
    GE              shift and go to state 64
    LE              shift and go to state 65
    EQ              shift and go to state 66
    NE              shift and go to state 67
    AND             shift and go to state 68
    OR              shift and go to state 69
    LBRACE          shift and go to state 148

    block                          shift and go to state 149

state 95

    (55) function_stmt -> FUNCTION ID . COLON type param_list COLON block
    (56) function_stmt -> FUNCTION ID . param_list COLON block
    (53) param_list -> . LBRACKET params RBRACKET
    (54) param_list -> . LBRACKET empty RBRACKET

    COLON           shift and go to state 150
    LBRACKET        shift and go to state 152

    param_list                     shift and go to state 151

state 96

    (39) for_stmt -> FOR LPAREN . statement expression SEMICOLON statement RPAREN block
    (29) expression -> LPAREN . expression RPAREN
    (2) statement -> . expression optional_semicolon
    (3) statement -> . assign_stmt
    (4) statement -> . statement_index_assign
    (5) statement -> . disp_stmt
    (6) statement -> . entry_stmt
    (7) statement -> . If_Else_stmt
    (8) statement -> . while_stmt
    (9) statement -> . block
    (10) statement -> . function_stmt
    (11) statement -> . for_stmt
    (12) statement -> . continue_stmt
    (13) statement -> . break_stmt
    (14) statement -> . return_stmt
    (15) statement -> . call_stmt
    (16) statement -> . try_ok_stmt
    (17) statement -> . throw_stmt
    (18) statement -> . assert_stmt
    (19) statement -> . assert_eq_stmt
    (20) statement -> . attempt_stmt
    (23) statement -> . empty
    (27) expression -> . variable
    (28) expression -> . bin_ops
    (29) expression -> . LPAREN expression RPAREN
    (45) expression -> . NOT expression
    (46) expression -> . SUB expression
    (62) expression -> . call_stmt
    (91) expression -> . LBRACKET args RBRACKET
    (92) expression -> . LBRACKET empty RBRACKET
    (93) expression -> . expression LBRACKET expression RBRACKET
    (95) expression -> . expression DOT ID LPAREN arg_list RPAREN
    (96) expression -> . LBRACE hash_elements RBRACE
    (97) expression -> . LBRACE empty RBRACE
    (115) expression -> . LAMBDA LPAREN params RPAREN COLON type ARROW expression
    (116) expression -> . LAMBDA LPAREN params RPAREN ARROW expression
    (117) expression -> . LAMBDA LPAREN RPAREN ARROW expression
    (88) assign_stmt -> . LET ID COLON type ASSIGN expression optional_semicolon
    (89) assign_stmt -> . LET ID ASSIGN expression optional_semicolon
    (90) assign_stmt -> . ID ASSIGN expression optional_semicolon
    (94) statement_index_assign -> . expression LBRACKET expression RBRACKET ASSIGN expression optional_semicolon
    (24) disp_stmt -> . DISP LPAREN expression RPAREN optional_semicolon
    (25) entry_stmt -> . ENTRY LPAREN expression RPAREN optional_semicolon
    (26) entry_stmt -> . ENTRY optional_semicolon
    (36) If_Else_stmt -> . IF expression block
    (37) If_Else_stmt -> . IF expression block ELSE block
    (38) while_stmt -> . WHILE expression block
    (35) block -> . LBRACE statements RBRACE
    (55) function_stmt -> . FUNCTION ID COLON type param_list COLON block
    (56) function_stmt -> . FUNCTION ID param_list COLON block
    (39) for_stmt -> . FOR LPAREN statement expression SEMICOLON statement RPAREN block
    (40) for_stmt -> . FOR expression block
    (41) continue_stmt -> . CONT optional_semicolon
    (42) break_stmt -> . BREAK optional_semicolon
    (43) return_stmt -> . RETURN expression optional_semicolon
    (44) return_stmt -> . RETURN optional_semicolon
    (61) call_stmt -> . ID LPAREN arg_list RPAREN
    (102) try_ok_stmt -> . TRY COLON block OK_CHECK LBRACKET ID COMMA ID RBRACKET COLON block
    (103) try_ok_stmt -> . TRY COLON block OK_CHECK LBRACKET ID RBRACKET COLON block
    (104) try_ok_stmt -> . TRY COLON block OK_CHECK COLON block
    (105) try_ok_stmt -> . TRY COLON statements OK_CHECK LBRACKET ID COMMA ID RBRACKET COLON statements
    (106) try_ok_stmt -> . TRY COLON statements OK_CHECK LBRACKET ID RBRACKET COLON statements
    (107) try_ok_stmt -> . TRY COLON statements OK_CHECK COLON statements
    (101) throw_stmt -> . THROW expression optional_semicolon
    (108) assert_stmt -> . ASSERT expression COMMA expression optional_semicolon
    (109) assert_stmt -> . ASSERT expression optional_semicolon
    (110) assert_eq_stmt -> . ASSERT_EQ expression COMMA expression optional_semicolon
    (111) attempt_stmt -> . ATTEMPT LPAREN expression RPAREN COLON block FALLBACK COLON block
    (112) attempt_stmt -> . ATTEMPT LPAREN expression RPAREN COLON block
    (113) attempt_stmt -> . ATTEMPT LPAREN expression RPAREN COLON statements FALLBACK COLON statements
    (114) attempt_stmt -> . ATTEMPT LPAREN expression RPAREN COLON statements
    (118) empty -> .
    (30) variable -> . INT
    (31) variable -> . STR
    (32) variable -> . BOOL
    (33) variable -> . ID
    (34) variable -> . FLOAT
    (63) bin_ops -> . expression ADD expression
    (64) bin_ops -> . expression SUB expression
    (65) bin_ops -> . expression MUL expression
    (66) bin_ops -> . expression DIV expression
    (67) bin_ops -> . expression MOD expression
    (68) bin_ops -> . expression POW expression
    (69) bin_ops -> . expression GT expression
    (70) bin_ops -> . expression LT expression
    (71) bin_ops -> . expression GE expression
    (72) bin_ops -> . expression LE expression
    (73) bin_ops -> . expression EQ expression
    (74) bin_ops -> . expression NE expression
    (75) bin_ops -> . expression AND expression
    (76) bin_ops -> . expression OR expression

  ! shift/reduce conflict for LPAREN resolved as shift
  ! shift/reduce conflict for NOT resolved as shift
  ! shift/reduce conflict for SUB resolved as shift
  ! shift/reduce conflict for LBRACKET resolved as shift
  ! shift/reduce conflict for LBRACE resolved as shift
  ! shift/reduce conflict for LAMBDA resolved as shift
  ! shift/reduce conflict for ID resolved as shift
  ! shift/reduce conflict for INT resolved as shift
  ! shift/reduce conflict for STR resolved as shift
  ! shift/reduce conflict for BOOL resolved as shift
  ! shift/reduce conflict for FLOAT resolved as shift
    LPAREN          shift and go to state 26
    NOT             shift and go to state 27
    SUB             shift and go to state 28
    LBRACKET        shift and go to state 29
    LBRACE          shift and go to state 31
    LAMBDA          shift and go to state 32
    LET             shift and go to state 33
    ID              shift and go to state 30
    DISP            shift and go to state 34
    ENTRY           shift and go to state 35
    IF              shift and go to state 36
    WHILE           shift and go to state 37
    FUNCTION        shift and go to state 38
    FOR             shift and go to state 39
    CONT            shift and go to state 40
    BREAK           shift and go to state 41
    RETURN          shift and go to state 42
    TRY             shift and go to state 43
    THROW           shift and go to state 44
    ASSERT          shift and go to state 45
    ASSERT_EQ       shift and go to state 46
    ATTEMPT         shift and go to state 47
    INT             shift and go to state 48
    STR             shift and go to state 49
    BOOL            shift and go to state 50
    FLOAT           shift and go to state 51

  ! LPAREN          [ reduce using rule 118 (empty -> .) ]
  ! NOT             [ reduce using rule 118 (empty -> .) ]
  ! SUB             [ reduce using rule 118 (empty -> .) ]
  ! LBRACKET        [ reduce using rule 118 (empty -> .) ]
  ! LBRACE          [ reduce using rule 118 (empty -> .) ]
  ! LAMBDA          [ reduce using rule 118 (empty -> .) ]
  ! INT             [ reduce using rule 118 (empty -> .) ]
  ! STR             [ reduce using rule 118 (empty -> .) ]
  ! BOOL            [ reduce using rule 118 (empty -> .) ]
  ! ID              [ reduce using rule 118 (empty -> .) ]
  ! FLOAT           [ reduce using rule 118 (empty -> .) ]

    statement                      shift and go to state 153
    expression                     shift and go to state 154
    block                          shift and go to state 11
    assign_stmt                    shift and go to state 5
    statement_index_assign         shift and go to state 6
    disp_stmt                      shift and go to state 7
    entry_stmt                     shift and go to state 8
    If_Else_stmt                   shift and go to state 9
    while_stmt                     shift and go to state 10
    function_stmt                  shift and go to state 12
    for_stmt                       shift and go to state 13
    continue_stmt                  shift and go to state 14
    break_stmt                     shift and go to state 15
    return_stmt                    shift and go to state 16
    call_stmt                      shift and go to state 17
    try_ok_stmt                    shift and go to state 18
    throw_stmt                     shift and go to state 19
    assert_stmt                    shift and go to state 20
    assert_eq_stmt                 shift and go to state 21
    attempt_stmt                   shift and go to state 22
    empty                          shift and go to state 23
    variable                       shift and go to state 24
    bin_ops                        shift and go to state 25

state 97

    (40) for_stmt -> FOR expression . block
    (93) expression -> expression . LBRACKET expression RBRACKET
    (95) expression -> expression . DOT ID LPAREN arg_list RPAREN
    (63) bin_ops -> expression . ADD expression
    (64) bin_ops -> expression . SUB expression
    (65) bin_ops -> expression . MUL expression
    (66) bin_ops -> expression . DIV expression
    (67) bin_ops -> expression . MOD expression
    (68) bin_ops -> expression . POW expression
    (69) bin_ops -> expression . GT expression
    (70) bin_ops -> expression . LT expression
    (71) bin_ops -> expression . GE expression
    (72) bin_ops -> expression . LE expression
    (73) bin_ops -> expression . EQ expression
    (74) bin_ops -> expression . NE expression
    (75) bin_ops -> expression . AND expression
    (76) bin_ops -> expression . OR expression
    (35) block -> . LBRACE statements RBRACE

    LBRACKET        shift and go to state 124
    DOT             shift and go to state 55
    ADD             shift and go to state 56
    SUB             shift and go to state 57
    MUL             shift and go to state 58
    DIV             shift and go to state 59
    MOD             shift and go to state 60
    POW             shift and go to state 61
    GT              shift and go to state 62
    LT              shift and go to state 63
    GE              shift and go to state 64
    LE              shift and go to state 65
    EQ              shift and go to state 66
    NE              shift and go to state 67
    AND             shift and go to state 68
    OR              shift and go to state 69
    LBRACE          shift and go to state 148

    block                          shift and go to state 155

state 98

    (41) continue_stmt -> CONT optional_semicolon .

    LPAREN          reduce using rule 41 (continue_stmt -> CONT optional_semicolon .)
    NOT             reduce using rule 41 (continue_stmt -> CONT optional_semicolon .)
    SUB             reduce using rule 41 (continue_stmt -> CONT optional_semicolon .)
    LBRACKET        reduce using rule 41 (continue_stmt -> CONT optional_semicolon .)
    LBRACE          reduce using rule 41 (continue_stmt -> CONT optional_semicolon .)
    LAMBDA          reduce using rule 41 (continue_stmt -> CONT optional_semicolon .)
    LET             reduce using rule 41 (continue_stmt -> CONT optional_semicolon .)
    ID              reduce using rule 41 (continue_stmt -> CONT optional_semicolon .)
    DISP            reduce using rule 41 (continue_stmt -> CONT optional_semicolon .)
    ENTRY           reduce using rule 41 (continue_stmt -> CONT optional_semicolon .)
    IF              reduce using rule 41 (continue_stmt -> CONT optional_semicolon .)
    WHILE           reduce using rule 41 (continue_stmt -> CONT optional_semicolon .)
    FUNCTION        reduce using rule 41 (continue_stmt -> CONT optional_semicolon .)
    FOR             reduce using rule 41 (continue_stmt -> CONT optional_semicolon .)
    CONT            reduce using rule 41 (continue_stmt -> CONT optional_semicolon .)
    BREAK           reduce using rule 41 (continue_stmt -> CONT optional_semicolon .)
    RETURN          reduce using rule 41 (continue_stmt -> CONT optional_semicolon .)
    TRY             reduce using rule 41 (continue_stmt -> CONT optional_semicolon .)
    THROW           reduce using rule 41 (continue_stmt -> CONT optional_semicolon .)
    ASSERT          reduce using rule 41 (continue_stmt -> CONT optional_semicolon .)
    ASSERT_EQ       reduce using rule 41 (continue_stmt -> CONT optional_semicolon .)
    ATTEMPT         reduce using rule 41 (continue_stmt -> CONT optional_semicolon .)
    INT             reduce using rule 41 (continue_stmt -> CONT optional_semicolon .)
    STR             reduce using rule 41 (continue_stmt -> CONT optional_semicolon .)
    BOOL            reduce using rule 41 (continue_stmt -> CONT optional_semicolon .)
    FLOAT           reduce using rule 41 (continue_stmt -> CONT optional_semicolon .)
    $end            reduce using rule 41 (continue_stmt -> CONT optional_semicolon .)
    RBRACE          reduce using rule 41 (continue_stmt -> CONT optional_semicolon .)
    OK_CHECK        reduce using rule 41 (continue_stmt -> CONT optional_semicolon .)
    RPAREN          reduce using rule 41 (continue_stmt -> CONT optional_semicolon .)
    FALLBACK        reduce using rule 41 (continue_stmt -> CONT optional_semicolon .)


state 99

    (42) break_stmt -> BREAK optional_semicolon .

    LPAREN          reduce using rule 42 (break_stmt -> BREAK optional_semicolon .)
    NOT             reduce using rule 42 (break_stmt -> BREAK optional_semicolon .)
    SUB             reduce using rule 42 (break_stmt -> BREAK optional_semicolon .)
    LBRACKET        reduce using rule 42 (break_stmt -> BREAK optional_semicolon .)
    LBRACE          reduce using rule 42 (break_stmt -> BREAK optional_semicolon .)
    LAMBDA          reduce using rule 42 (break_stmt -> BREAK optional_semicolon .)
    LET             reduce using rule 42 (break_stmt -> BREAK optional_semicolon .)
    ID              reduce using rule 42 (break_stmt -> BREAK optional_semicolon .)
    DISP            reduce using rule 42 (break_stmt -> BREAK optional_semicolon .)
    ENTRY           reduce using rule 42 (break_stmt -> BREAK optional_semicolon .)
    IF              reduce using rule 42 (break_stmt -> BREAK optional_semicolon .)
    WHILE           reduce using rule 42 (break_stmt -> BREAK optional_semicolon .)
    FUNCTION        reduce using rule 42 (break_stmt -> BREAK optional_semicolon .)
    FOR             reduce using rule 42 (break_stmt -> BREAK optional_semicolon .)
    CONT            reduce using rule 42 (break_stmt -> BREAK optional_semicolon .)
    BREAK           reduce using rule 42 (break_stmt -> BREAK optional_semicolon .)
    RETURN          reduce using rule 42 (break_stmt -> BREAK optional_semicolon .)
    TRY             reduce using rule 42 (break_stmt -> BREAK optional_semicolon .)
    THROW           reduce using rule 42 (break_stmt -> BREAK optional_semicolon .)
    ASSERT          reduce using rule 42 (break_stmt -> BREAK optional_semicolon .)
    ASSERT_EQ       reduce using rule 42 (break_stmt -> BREAK optional_semicolon .)
    ATTEMPT         reduce using rule 42 (break_stmt -> BREAK optional_semicolon .)
    INT             reduce using rule 42 (break_stmt -> BREAK optional_semicolon .)
    STR             reduce using rule 42 (break_stmt -> BREAK optional_semicolon .)
    BOOL            reduce using rule 42 (break_stmt -> BREAK optional_semicolon .)
    FLOAT           reduce using rule 42 (break_stmt -> BREAK optional_semicolon .)
    $end            reduce using rule 42 (break_stmt -> BREAK optional_semicolon .)
    RBRACE          reduce using rule 42 (break_stmt -> BREAK optional_semicolon .)
    OK_CHECK        reduce using rule 42 (break_stmt -> BREAK optional_semicolon .)
    RPAREN          reduce using rule 42 (break_stmt -> BREAK optional_semicolon .)
    FALLBACK        reduce using rule 42 (break_stmt -> BREAK optional_semicolon .)


state 100

    (43) return_stmt -> RETURN expression . optional_semicolon
    (93) expression -> expression . LBRACKET expression RBRACKET
    (95) expression -> expression . DOT ID LPAREN arg_list RPAREN
    (63) bin_ops -> expression . ADD expression
    (64) bin_ops -> expression . SUB expression
    (65) bin_ops -> expression . MUL expression
    (66) bin_ops -> expression . DIV expression
    (67) bin_ops -> expression . MOD expression
    (68) bin_ops -> expression . POW expression
    (69) bin_ops -> expression . GT expression
    (70) bin_ops -> expression . LT expression
    (71) bin_ops -> expression . GE expression
    (72) bin_ops -> expression . LE expression
    (73) bin_ops -> expression . EQ expression
    (74) bin_ops -> expression . NE expression
    (75) bin_ops -> expression . AND expression
    (76) bin_ops -> expression . OR expression
    (119) optional_semicolon -> . SEMICOLON
    (120) optional_semicolon -> . empty
    (118) empty -> .

  ! shift/reduce conflict for SUB resolved as shift
  ! shift/reduce conflict for LBRACKET resolved as shift
    LBRACKET        shift and go to state 124
    DOT             shift and go to state 55
    ADD             shift and go to state 56
    SUB             shift and go to state 57
    MUL             shift and go to state 58
    DIV             shift and go to state 59
    MOD             shift and go to state 60
    POW             shift and go to state 61
    GT              shift and go to state 62
    LT              shift and go to state 63
    GE              shift and go to state 64
    LE              shift and go to state 65
    EQ              shift and go to state 66
    NE              shift and go to state 67
    AND             shift and go to state 68
    OR              shift and go to state 69
    SEMICOLON       shift and go to state 70
    LPAREN          reduce using rule 118 (empty -> .)
    NOT             reduce using rule 118 (empty -> .)
    LBRACE          reduce using rule 118 (empty -> .)
    LAMBDA          reduce using rule 118 (empty -> .)
    LET             reduce using rule 118 (empty -> .)
    ID              reduce using rule 118 (empty -> .)
    DISP            reduce using rule 118 (empty -> .)
    ENTRY           reduce using rule 118 (empty -> .)
    IF              reduce using rule 118 (empty -> .)
    WHILE           reduce using rule 118 (empty -> .)
    FUNCTION        reduce using rule 118 (empty -> .)
    FOR             reduce using rule 118 (empty -> .)
    CONT            reduce using rule 118 (empty -> .)
    BREAK           reduce using rule 118 (empty -> .)
    RETURN          reduce using rule 118 (empty -> .)
    TRY             reduce using rule 118 (empty -> .)
    THROW           reduce using rule 118 (empty -> .)
    ASSERT          reduce using rule 118 (empty -> .)
    ASSERT_EQ       reduce using rule 118 (empty -> .)
    ATTEMPT         reduce using rule 118 (empty -> .)
    INT             reduce using rule 118 (empty -> .)
    STR             reduce using rule 118 (empty -> .)
    BOOL            reduce using rule 118 (empty -> .)
    FLOAT           reduce using rule 118 (empty -> .)
    $end            reduce using rule 118 (empty -> .)
    RBRACE          reduce using rule 118 (empty -> .)
    OK_CHECK        reduce using rule 118 (empty -> .)
    RPAREN          reduce using rule 118 (empty -> .)
    FALLBACK        reduce using rule 118 (empty -> .)

  ! SUB             [ reduce using rule 118 (empty -> .) ]
  ! LBRACKET        [ reduce using rule 118 (empty -> .) ]

    optional_semicolon             shift and go to state 156
    empty                          shift and go to state 71

state 101

    (44) return_stmt -> RETURN optional_semicolon .

    LPAREN          reduce using rule 44 (return_stmt -> RETURN optional_semicolon .)
    NOT             reduce using rule 44 (return_stmt -> RETURN optional_semicolon .)
    SUB             reduce using rule 44 (return_stmt -> RETURN optional_semicolon .)
    LBRACKET        reduce using rule 44 (return_stmt -> RETURN optional_semicolon .)
    LBRACE          reduce using rule 44 (return_stmt -> RETURN optional_semicolon .)
    LAMBDA          reduce using rule 44 (return_stmt -> RETURN optional_semicolon .)
    LET             reduce using rule 44 (return_stmt -> RETURN optional_semicolon .)
    ID              reduce using rule 44 (return_stmt -> RETURN optional_semicolon .)
    DISP            reduce using rule 44 (return_stmt -> RETURN optional_semicolon .)
    ENTRY           reduce using rule 44 (return_stmt -> RETURN optional_semicolon .)
    IF              reduce using rule 44 (return_stmt -> RETURN optional_semicolon .)
    WHILE           reduce using rule 44 (return_stmt -> RETURN optional_semicolon .)
    FUNCTION        reduce using rule 44 (return_stmt -> RETURN optional_semicolon .)
    FOR             reduce using rule 44 (return_stmt -> RETURN optional_semicolon .)
    CONT            reduce using rule 44 (return_stmt -> RETURN optional_semicolon .)
    BREAK           reduce using rule 44 (return_stmt -> RETURN optional_semicolon .)
    RETURN          reduce using rule 44 (return_stmt -> RETURN optional_semicolon .)
    TRY             reduce using rule 44 (return_stmt -> RETURN optional_semicolon .)
    THROW           reduce using rule 44 (return_stmt -> RETURN optional_semicolon .)
    ASSERT          reduce using rule 44 (return_stmt -> RETURN optional_semicolon .)
    ASSERT_EQ       reduce using rule 44 (return_stmt -> RETURN optional_semicolon .)
    ATTEMPT         reduce using rule 44 (return_stmt -> RETURN optional_semicolon .)
    INT             reduce using rule 44 (return_stmt -> RETURN optional_semicolon .)
    STR             reduce using rule 44 (return_stmt -> RETURN optional_semicolon .)
    BOOL            reduce using rule 44 (return_stmt -> RETURN optional_semicolon .)
    FLOAT           reduce using rule 44 (return_stmt -> RETURN optional_semicolon .)
    $end            reduce using rule 44 (return_stmt -> RETURN optional_semicolon .)
    RBRACE          reduce using rule 44 (return_stmt -> RETURN optional_semicolon .)
    OK_CHECK        reduce using rule 44 (return_stmt -> RETURN optional_semicolon .)
    RPAREN          reduce using rule 44 (return_stmt -> RETURN optional_semicolon .)
    FALLBACK        reduce using rule 44 (return_stmt -> RETURN optional_semicolon .)


state 102

    (102) try_ok_stmt -> TRY COLON . block OK_CHECK LBRACKET ID COMMA ID RBRACKET COLON block
    (103) try_ok_stmt -> TRY COLON . block OK_CHECK LBRACKET ID RBRACKET COLON block
    (104) try_ok_stmt -> TRY COLON . block OK_CHECK COLON block
    (105) try_ok_stmt -> TRY COLON . statements OK_CHECK LBRACKET ID COMMA ID RBRACKET COLON statements
    (106) try_ok_stmt -> TRY COLON . statements OK_CHECK LBRACKET ID RBRACKET COLON statements
    (107) try_ok_stmt -> TRY COLON . statements OK_CHECK COLON statements
    (35) block -> . LBRACE statements RBRACE
    (21) statements -> . statement
    (22) statements -> . statements statement
    (2) statement -> . expression optional_semicolon
    (3) statement -> . assign_stmt
    (4) statement -> . statement_index_assign
    (5) statement -> . disp_stmt
    (6) statement -> . entry_stmt
    (7) statement -> . If_Else_stmt
    (8) statement -> . while_stmt
    (9) statement -> . block
    (10) statement -> . function_stmt
    (11) statement -> . for_stmt
    (12) statement -> . continue_stmt
    (13) statement -> . break_stmt
    (14) statement -> . return_stmt
    (15) statement -> . call_stmt
    (16) statement -> . try_ok_stmt
    (17) statement -> . throw_stmt
    (18) statement -> . assert_stmt
    (19) statement -> . assert_eq_stmt
    (20) statement -> . attempt_stmt
    (23) statement -> . empty
    (27) expression -> . variable
    (28) expression -> . bin_ops
    (29) expression -> . LPAREN expression RPAREN
    (45) expression -> . NOT expression
    (46) expression -> . SUB expression
    (62) expression -> . call_stmt
    (91) expression -> . LBRACKET args RBRACKET
    (92) expression -> . LBRACKET empty RBRACKET
    (93) expression -> . expression LBRACKET expression RBRACKET
    (95) expression -> . expression DOT ID LPAREN arg_list RPAREN
    (96) expression -> . LBRACE hash_elements RBRACE
    (97) expression -> . LBRACE empty RBRACE
    (115) expression -> . LAMBDA LPAREN params RPAREN COLON type ARROW expression
    (116) expression -> . LAMBDA LPAREN params RPAREN ARROW expression
    (117) expression -> . LAMBDA LPAREN RPAREN ARROW expression
    (88) assign_stmt -> . LET ID COLON type ASSIGN expression optional_semicolon
    (89) assign_stmt -> . LET ID ASSIGN expression optional_semicolon
    (90) assign_stmt -> . ID ASSIGN expression optional_semicolon
    (94) statement_index_assign -> . expression LBRACKET expression RBRACKET ASSIGN expression optional_semicolon
    (24) disp_stmt -> . DISP LPAREN expression RPAREN optional_semicolon
    (25) entry_stmt -> . ENTRY LPAREN expression RPAREN optional_semicolon
    (26) entry_stmt -> . ENTRY optional_semicolon
    (36) If_Else_stmt -> . IF expression block
    (37) If_Else_stmt -> . IF expression block ELSE block
    (38) while_stmt -> . WHILE expression block
    (55) function_stmt -> . FUNCTION ID COLON type param_list COLON block
    (56) function_stmt -> . FUNCTION ID param_list COLON block
    (39) for_stmt -> . FOR LPAREN statement expression SEMICOLON statement RPAREN block
    (40) for_stmt -> . FOR expression block
    (41) continue_stmt -> . CONT optional_semicolon
    (42) break_stmt -> . BREAK optional_semicolon
    (43) return_stmt -> . RETURN expression optional_semicolon
    (44) return_stmt -> . RETURN optional_semicolon
    (61) call_stmt -> . ID LPAREN arg_list RPAREN
    (102) try_ok_stmt -> . TRY COLON block OK_CHECK LBRACKET ID COMMA ID RBRACKET COLON block
    (103) try_ok_stmt -> . TRY COLON block OK_CHECK LBRACKET ID RBRACKET COLON block
    (104) try_ok_stmt -> . TRY COLON block OK_CHECK COLON block
    (105) try_ok_stmt -> . TRY COLON statements OK_CHECK LBRACKET ID COMMA ID RBRACKET COLON statements
    (106) try_ok_stmt -> . TRY COLON statements OK_CHECK LBRACKET ID RBRACKET COLON statements
    (107) try_ok_stmt -> . TRY COLON statements OK_CHECK COLON statements
    (101) throw_stmt -> . THROW expression optional_semicolon
    (108) assert_stmt -> . ASSERT expression COMMA expression optional_semicolon
    (109) assert_stmt -> . ASSERT expression optional_semicolon
    (110) assert_eq_stmt -> . ASSERT_EQ expression COMMA expression optional_semicolon
    (111) attempt_stmt -> . ATTEMPT LPAREN expression RPAREN COLON block FALLBACK COLON block
    (112) attempt_stmt -> . ATTEMPT LPAREN expression RPAREN COLON block
    (113) attempt_stmt -> . ATTEMPT LPAREN expression RPAREN COLON statements FALLBACK COLON statements
    (114) attempt_stmt -> . ATTEMPT LPAREN expression RPAREN COLON statements
    (118) empty -> .
    (30) variable -> . INT
    (31) variable -> . STR
    (32) variable -> . BOOL
    (33) variable -> . ID
    (34) variable -> . FLOAT
    (63) bin_ops -> . expression ADD expression
    (64) bin_ops -> . expression SUB expression
    (65) bin_ops -> . expression MUL expression
    (66) bin_ops -> . expression DIV expression
    (67) bin_ops -> . expression MOD expression
    (68) bin_ops -> . expression POW expression
    (69) bin_ops -> . expression GT expression
    (70) bin_ops -> . expression LT expression
    (71) bin_ops -> . expression GE expression
    (72) bin_ops -> . expression LE expression
    (73) bin_ops -> . expression EQ expression
    (74) bin_ops -> . expression NE expression
    (75) bin_ops -> . expression AND expression
    (76) bin_ops -> . expression OR expression

  ! shift/reduce conflict for LPAREN resolved as shift
  ! shift/reduce conflict for NOT resolved as shift
  ! shift/reduce conflict for SUB resolved as shift
  ! shift/reduce conflict for LBRACKET resolved as shift
  ! shift/reduce conflict for LBRACE resolved as shift
  ! shift/reduce conflict for LAMBDA resolved as shift
  ! shift/reduce conflict for LET resolved as shift
  ! shift/reduce conflict for ID resolved as shift
  ! shift/reduce conflict for DISP resolved as shift
  ! shift/reduce conflict for ENTRY resolved as shift
  ! shift/reduce conflict for IF resolved as shift
  ! shift/reduce conflict for WHILE resolved as shift
  ! shift/reduce conflict for FUNCTION resolved as shift
  ! shift/reduce conflict for FOR resolved as shift
  ! shift/reduce conflict for CONT resolved as shift
  ! shift/reduce conflict for BREAK resolved as shift
  ! shift/reduce conflict for RETURN resolved as shift
  ! shift/reduce conflict for TRY resolved as shift
  ! shift/reduce conflict for THROW resolved as shift
  ! shift/reduce conflict for ASSERT resolved as shift
  ! shift/reduce conflict for ASSERT_EQ resolved as shift
  ! shift/reduce conflict for ATTEMPT resolved as shift
  ! shift/reduce conflict for INT resolved as shift
  ! shift/reduce conflict for STR resolved as shift
  ! shift/reduce conflict for BOOL resolved as shift
  ! shift/reduce conflict for FLOAT resolved as shift
    LBRACE          shift and go to state 159
    LPAREN          shift and go to state 26
    NOT             shift and go to state 27
    SUB             shift and go to state 28
    LBRACKET        shift and go to state 29
    LAMBDA          shift and go to state 32
    LET             shift and go to state 33
    ID              shift and go to state 30
    DISP            shift and go to state 34
    ENTRY           shift and go to state 35
    IF              shift and go to state 36
    WHILE           shift and go to state 37
    FUNCTION        shift and go to state 38
    FOR             shift and go to state 39
    CONT            shift and go to state 40
    BREAK           shift and go to state 41
    RETURN          shift and go to state 42
    TRY             shift and go to state 43
    THROW           shift and go to state 44
    ASSERT          shift and go to state 45
    ASSERT_EQ       shift and go to state 46
    ATTEMPT         shift and go to state 47
    OK_CHECK        reduce using rule 118 (empty -> .)
    INT             shift and go to state 48
    STR             shift and go to state 49
    BOOL            shift and go to state 50
    FLOAT           shift and go to state 51

  ! LPAREN          [ reduce using rule 118 (empty -> .) ]
  ! NOT             [ reduce using rule 118 (empty -> .) ]
  ! SUB             [ reduce using rule 118 (empty -> .) ]
  ! LBRACKET        [ reduce using rule 118 (empty -> .) ]
  ! LBRACE          [ reduce using rule 118 (empty -> .) ]
  ! LAMBDA          [ reduce using rule 118 (empty -> .) ]
  ! LET             [ reduce using rule 118 (empty -> .) ]
  ! ID              [ reduce using rule 118 (empty -> .) ]
  ! DISP            [ reduce using rule 118 (empty -> .) ]
  ! ENTRY           [ reduce using rule 118 (empty -> .) ]
  ! IF              [ reduce using rule 118 (empty -> .) ]
  ! WHILE           [ reduce using rule 118 (empty -> .) ]
  ! FUNCTION        [ reduce using rule 118 (empty -> .) ]
  ! FOR             [ reduce using rule 118 (empty -> .) ]
  ! CONT            [ reduce using rule 118 (empty -> .) ]
  ! BREAK           [ reduce using rule 118 (empty -> .) ]
  ! RETURN          [ reduce using rule 118 (empty -> .) ]
  ! TRY             [ reduce using rule 118 (empty -> .) ]
  ! THROW           [ reduce using rule 118 (empty -> .) ]
  ! ASSERT          [ reduce using rule 118 (empty -> .) ]
  ! ASSERT_EQ       [ reduce using rule 118 (empty -> .) ]
  ! ATTEMPT         [ reduce using rule 118 (empty -> .) ]
  ! INT             [ reduce using rule 118 (empty -> .) ]
  ! STR             [ reduce using rule 118 (empty -> .) ]
  ! BOOL            [ reduce using rule 118 (empty -> .) ]
  ! FLOAT           [ reduce using rule 118 (empty -> .) ]

    block                          shift and go to state 157
    statements                     shift and go to state 158
    statement                      shift and go to state 3
    expression                     shift and go to state 4
    assign_stmt                    shift and go to state 5
    statement_index_assign         shift and go to state 6
    disp_stmt                      shift and go to state 7
    entry_stmt                     shift and go to state 8
    If_Else_stmt                   shift and go to state 9
    while_stmt                     shift and go to state 10
    function_stmt                  shift and go to state 12
    for_stmt                       shift and go to state 13
    continue_stmt                  shift and go to state 14
    break_stmt                     shift and go to state 15
    return_stmt                    shift and go to state 16
    call_stmt                      shift and go to state 17
    try_ok_stmt                    shift and go to state 18
    throw_stmt                     shift and go to state 19
    assert_stmt                    shift and go to state 20
    assert_eq_stmt                 shift and go to state 21
    attempt_stmt                   shift and go to state 22
    empty                          shift and go to state 23
    variable                       shift and go to state 24
    bin_ops                        shift and go to state 25

state 103

    (101) throw_stmt -> THROW expression . optional_semicolon
    (93) expression -> expression . LBRACKET expression RBRACKET
    (95) expression -> expression . DOT ID LPAREN arg_list RPAREN
    (63) bin_ops -> expression . ADD expression
    (64) bin_ops -> expression . SUB expression
    (65) bin_ops -> expression . MUL expression
    (66) bin_ops -> expression . DIV expression
    (67) bin_ops -> expression . MOD expression
    (68) bin_ops -> expression . POW expression
    (69) bin_ops -> expression . GT expression
    (70) bin_ops -> expression . LT expression
    (71) bin_ops -> expression . GE expression
    (72) bin_ops -> expression . LE expression
    (73) bin_ops -> expression . EQ expression
    (74) bin_ops -> expression . NE expression
    (75) bin_ops -> expression . AND expression
    (76) bin_ops -> expression . OR expression
    (119) optional_semicolon -> . SEMICOLON
    (120) optional_semicolon -> . empty
    (118) empty -> .

  ! shift/reduce conflict for SUB resolved as shift
  ! shift/reduce conflict for LBRACKET resolved as shift
    LBRACKET        shift and go to state 124
    DOT             shift and go to state 55
    ADD             shift and go to state 56
    SUB             shift and go to state 57
    MUL             shift and go to state 58
    DIV             shift and go to state 59
    MOD             shift and go to state 60
    POW             shift and go to state 61
    GT              shift and go to state 62
    LT              shift and go to state 63
    GE              shift and go to state 64
    LE              shift and go to state 65
    EQ              shift and go to state 66
    NE              shift and go to state 67
    AND             shift and go to state 68
    OR              shift and go to state 69
    SEMICOLON       shift and go to state 70
    LPAREN          reduce using rule 118 (empty -> .)
    NOT             reduce using rule 118 (empty -> .)
    LBRACE          reduce using rule 118 (empty -> .)
    LAMBDA          reduce using rule 118 (empty -> .)
    LET             reduce using rule 118 (empty -> .)
    ID              reduce using rule 118 (empty -> .)
    DISP            reduce using rule 118 (empty -> .)
    ENTRY           reduce using rule 118 (empty -> .)
    IF              reduce using rule 118 (empty -> .)
    WHILE           reduce using rule 118 (empty -> .)
    FUNCTION        reduce using rule 118 (empty -> .)
    FOR             reduce using rule 118 (empty -> .)
    CONT            reduce using rule 118 (empty -> .)
    BREAK           reduce using rule 118 (empty -> .)
    RETURN          reduce using rule 118 (empty -> .)
    TRY             reduce using rule 118 (empty -> .)
    THROW           reduce using rule 118 (empty -> .)
    ASSERT          reduce using rule 118 (empty -> .)
    ASSERT_EQ       reduce using rule 118 (empty -> .)
    ATTEMPT         reduce using rule 118 (empty -> .)
    INT             reduce using rule 118 (empty -> .)
    STR             reduce using rule 118 (empty -> .)
    BOOL            reduce using rule 118 (empty -> .)
    FLOAT           reduce using rule 118 (empty -> .)
    $end            reduce using rule 118 (empty -> .)
    RBRACE          reduce using rule 118 (empty -> .)
    OK_CHECK        reduce using rule 118 (empty -> .)
    RPAREN          reduce using rule 118 (empty -> .)
    FALLBACK        reduce using rule 118 (empty -> .)

  ! SUB             [ reduce using rule 118 (empty -> .) ]
  ! LBRACKET        [ reduce using rule 118 (empty -> .) ]

    optional_semicolon             shift and go to state 160
    empty                          shift and go to state 71

state 104

    (108) assert_stmt -> ASSERT expression . COMMA expression optional_semicolon
    (109) assert_stmt -> ASSERT expression . optional_semicolon
    (93) expression -> expression . LBRACKET expression RBRACKET
    (95) expression -> expression . DOT ID LPAREN arg_list RPAREN
    (63) bin_ops -> expression . ADD expression
    (64) bin_ops -> expression . SUB expression
    (65) bin_ops -> expression . MUL expression
    (66) bin_ops -> expression . DIV expression
    (67) bin_ops -> expression . MOD expression
    (68) bin_ops -> expression . POW expression
    (69) bin_ops -> expression . GT expression
    (70) bin_ops -> expression . LT expression
    (71) bin_ops -> expression . GE expression
    (72) bin_ops -> expression . LE expression
    (73) bin_ops -> expression . EQ expression
    (74) bin_ops -> expression . NE expression
    (75) bin_ops -> expression . AND expression
    (76) bin_ops -> expression . OR expression
    (119) optional_semicolon -> . SEMICOLON
    (120) optional_semicolon -> . empty
    (118) empty -> .

  ! shift/reduce conflict for SUB resolved as shift
  ! shift/reduce conflict for LBRACKET resolved as shift
    COMMA           shift and go to state 161
    LBRACKET        shift and go to state 124
    DOT             shift and go to state 55
    ADD             shift and go to state 56
    SUB             shift and go to state 57
    MUL             shift and go to state 58
    DIV             shift and go to state 59
    MOD             shift and go to state 60
    POW             shift and go to state 61
    GT              shift and go to state 62
    LT              shift and go to state 63
    GE              shift and go to state 64
    LE              shift and go to state 65
    EQ              shift and go to state 66
    NE              shift and go to state 67
    AND             shift and go to state 68
    OR              shift and go to state 69
    SEMICOLON       shift and go to state 70
    LPAREN          reduce using rule 118 (empty -> .)
    NOT             reduce using rule 118 (empty -> .)
    LBRACE          reduce using rule 118 (empty -> .)
    LAMBDA          reduce using rule 118 (empty -> .)
    LET             reduce using rule 118 (empty -> .)
    ID              reduce using rule 118 (empty -> .)
    DISP            reduce using rule 118 (empty -> .)
    ENTRY           reduce using rule 118 (empty -> .)
    IF              reduce using rule 118 (empty -> .)
    WHILE           reduce using rule 118 (empty -> .)
    FUNCTION        reduce using rule 118 (empty -> .)
    FOR             reduce using rule 118 (empty -> .)
    CONT            reduce using rule 118 (empty -> .)
    BREAK           reduce using rule 118 (empty -> .)
    RETURN          reduce using rule 118 (empty -> .)
    TRY             reduce using rule 118 (empty -> .)
    THROW           reduce using rule 118 (empty -> .)
    ASSERT          reduce using rule 118 (empty -> .)
    ASSERT_EQ       reduce using rule 118 (empty -> .)
    ATTEMPT         reduce using rule 118 (empty -> .)
    INT             reduce using rule 118 (empty -> .)
    STR             reduce using rule 118 (empty -> .)
    BOOL            reduce using rule 118 (empty -> .)
    FLOAT           reduce using rule 118 (empty -> .)
    $end            reduce using rule 118 (empty -> .)
    RBRACE          reduce using rule 118 (empty -> .)
    OK_CHECK        reduce using rule 118 (empty -> .)
    RPAREN          reduce using rule 118 (empty -> .)
    FALLBACK        reduce using rule 118 (empty -> .)

  ! SUB             [ reduce using rule 118 (empty -> .) ]
  ! LBRACKET        [ reduce using rule 118 (empty -> .) ]

    optional_semicolon             shift and go to state 162
    empty                          shift and go to state 71

state 105

    (110) assert_eq_stmt -> ASSERT_EQ expression . COMMA expression optional_semicolon
    (93) expression -> expression . LBRACKET expression RBRACKET
    (95) expression -> expression . DOT ID LPAREN arg_list RPAREN
    (63) bin_ops -> expression . ADD expression
    (64) bin_ops -> expression . SUB expression
    (65) bin_ops -> expression . MUL expression
    (66) bin_ops -> expression . DIV expression
    (67) bin_ops -> expression . MOD expression
    (68) bin_ops -> expression . POW expression
    (69) bin_ops -> expression . GT expression
    (70) bin_ops -> expression . LT expression
    (71) bin_ops -> expression . GE expression
    (72) bin_ops -> expression . LE expression
    (73) bin_ops -> expression . EQ expression
    (74) bin_ops -> expression . NE expression
    (75) bin_ops -> expression . AND expression
    (76) bin_ops -> expression . OR expression

    COMMA           shift and go to state 163
    LBRACKET        shift and go to state 124
    DOT             shift and go to state 55
    ADD             shift and go to state 56
    SUB             shift and go to state 57
    MUL             shift and go to state 58
    DIV             shift and go to state 59
    MOD             shift and go to state 60
    POW             shift and go to state 61
    GT              shift and go to state 62
    LT              shift and go to state 63
    GE              shift and go to state 64
    LE              shift and go to state 65
    EQ              shift and go to state 66
    NE              shift and go to state 67
    AND             shift and go to state 68
    OR              shift and go to state 69


state 106

    (111) attempt_stmt -> ATTEMPT LPAREN . expression RPAREN COLON block FALLBACK COLON block
    (112) attempt_stmt -> ATTEMPT LPAREN . expression RPAREN COLON block
    (113) attempt_stmt -> ATTEMPT LPAREN . expression RPAREN COLON statements FALLBACK COLON statements
    (114) attempt_stmt -> ATTEMPT LPAREN . expression RPAREN COLON statements
    (27) expression -> . variable
    (28) expression -> . bin_ops
    (29) expression -> . LPAREN expression RPAREN
    (45) expression -> . NOT expression
    (46) expression -> . SUB expression
    (62) expression -> . call_stmt
    (91) expression -> . LBRACKET args RBRACKET
    (92) expression -> . LBRACKET empty RBRACKET
    (93) expression -> . expression LBRACKET expression RBRACKET
    (95) expression -> . expression DOT ID LPAREN arg_list RPAREN
    (96) expression -> . LBRACE hash_elements RBRACE
    (97) expression -> . LBRACE empty RBRACE
    (115) expression -> . LAMBDA LPAREN params RPAREN COLON type ARROW expression
    (116) expression -> . LAMBDA LPAREN params RPAREN ARROW expression
    (117) expression -> . LAMBDA LPAREN RPAREN ARROW expression
    (30) variable -> . INT
    (31) variable -> . STR
    (32) variable -> . BOOL
    (33) variable -> . ID
    (34) variable -> . FLOAT
    (63) bin_ops -> . expression ADD expression
    (64) bin_ops -> . expression SUB expression
    (65) bin_ops -> . expression MUL expression
    (66) bin_ops -> . expression DIV expression
    (67) bin_ops -> . expression MOD expression
    (68) bin_ops -> . expression POW expression
    (69) bin_ops -> . expression GT expression
    (70) bin_ops -> . expression LT expression
    (71) bin_ops -> . expression GE expression
    (72) bin_ops -> . expression LE expression
    (73) bin_ops -> . expression EQ expression
    (74) bin_ops -> . expression NE expression
    (75) bin_ops -> . expression AND expression
    (76) bin_ops -> . expression OR expression
    (61) call_stmt -> . ID LPAREN arg_list RPAREN

    LPAREN          shift and go to state 26
    NOT             shift and go to state 27
    SUB             shift and go to state 28
    LBRACKET        shift and go to state 29
    LBRACE          shift and go to state 75
    LAMBDA          shift and go to state 32
    INT             shift and go to state 48
    STR             shift and go to state 49
    BOOL            shift and go to state 50
    ID              shift and go to state 74
    FLOAT           shift and go to state 51

    expression                     shift and go to state 164
    variable                       shift and go to state 24
    bin_ops                        shift and go to state 25
    call_stmt                      shift and go to state 73

state 107

    (93) expression -> expression LBRACKET expression . RBRACKET
    (94) statement_index_assign -> expression LBRACKET expression . RBRACKET ASSIGN expression optional_semicolon
    (93) expression -> expression . LBRACKET expression RBRACKET
    (95) expression -> expression . DOT ID LPAREN arg_list RPAREN
    (63) bin_ops -> expression . ADD expression
    (64) bin_ops -> expression . SUB expression
    (65) bin_ops -> expression . MUL expression
    (66) bin_ops -> expression . DIV expression
    (67) bin_ops -> expression . MOD expression
    (68) bin_ops -> expression . POW expression
    (69) bin_ops -> expression . GT expression
    (70) bin_ops -> expression . LT expression
    (71) bin_ops -> expression . GE expression
    (72) bin_ops -> expression . LE expression
    (73) bin_ops -> expression . EQ expression
    (74) bin_ops -> expression . NE expression
    (75) bin_ops -> expression . AND expression
    (76) bin_ops -> expression . OR expression

    RBRACKET        shift and go to state 165
    LBRACKET        shift and go to state 124
    DOT             shift and go to state 55
    ADD             shift and go to state 56
    SUB             shift and go to state 57
    MUL             shift and go to state 58
    DIV             shift and go to state 59
    MOD             shift and go to state 60
    POW             shift and go to state 61
    GT              shift and go to state 62
    LT              shift and go to state 63
    GE              shift and go to state 64
    LE              shift and go to state 65
    EQ              shift and go to state 66
    NE              shift and go to state 67
    AND             shift and go to state 68
    OR              shift and go to state 69


state 108

    (95) expression -> expression DOT ID . LPAREN arg_list RPAREN

    LPAREN          shift and go to state 166


state 109

    (63) bin_ops -> expression ADD expression .
    (93) expression -> expression . LBRACKET expression RBRACKET
    (95) expression -> expression . DOT ID LPAREN arg_list RPAREN
    (63) bin_ops -> expression . ADD expression
    (64) bin_ops -> expression . SUB expression
    (65) bin_ops -> expression . MUL expression
    (66) bin_ops -> expression . DIV expression
    (67) bin_ops -> expression . MOD expression
    (68) bin_ops -> expression . POW expression
    (69) bin_ops -> expression . GT expression
    (70) bin_ops -> expression . LT expression
    (71) bin_ops -> expression . GE expression
    (72) bin_ops -> expression . LE expression
    (73) bin_ops -> expression . EQ expression
    (74) bin_ops -> expression . NE expression
    (75) bin_ops -> expression . AND expression
    (76) bin_ops -> expression . OR expression

    LBRACKET        reduce using rule 63 (bin_ops -> expression ADD expression .)
    DOT             reduce using rule 63 (bin_ops -> expression ADD expression .)
    ADD             reduce using rule 63 (bin_ops -> expression ADD expression .)
    SUB             reduce using rule 63 (bin_ops -> expression ADD expression .)
    GT              reduce using rule 63 (bin_ops -> expression ADD expression .)
    LT              reduce using rule 63 (bin_ops -> expression ADD expression .)
    GE              reduce using rule 63 (bin_ops -> expression ADD expression .)
    LE              reduce using rule 63 (bin_ops -> expression ADD expression .)
    EQ              reduce using rule 63 (bin_ops -> expression ADD expression .)
    NE              reduce using rule 63 (bin_ops -> expression ADD expression .)
    AND             reduce using rule 63 (bin_ops -> expression ADD expression .)
    OR              reduce using rule 63 (bin_ops -> expression ADD expression .)
    SEMICOLON       reduce using rule 63 (bin_ops -> expression ADD expression .)
    LPAREN          reduce using rule 63 (bin_ops -> expression ADD expression .)
    NOT             reduce using rule 63 (bin_ops -> expression ADD expression .)
    LBRACE          reduce using rule 63 (bin_ops -> expression ADD expression .)
    LAMBDA          reduce using rule 63 (bin_ops -> expression ADD expression .)
    LET             reduce using rule 63 (bin_ops -> expression ADD expression .)
    ID              reduce using rule 63 (bin_ops -> expression ADD expression .)
    DISP            reduce using rule 63 (bin_ops -> expression ADD expression .)
    ENTRY           reduce using rule 63 (bin_ops -> expression ADD expression .)
    IF              reduce using rule 63 (bin_ops -> expression ADD expression .)
    WHILE           reduce using rule 63 (bin_ops -> expression ADD expression .)
    FUNCTION        reduce using rule 63 (bin_ops -> expression ADD expression .)
    FOR             reduce using rule 63 (bin_ops -> expression ADD expression .)
    CONT            reduce using rule 63 (bin_ops -> expression ADD expression .)
    BREAK           reduce using rule 63 (bin_ops -> expression ADD expression .)
    RETURN          reduce using rule 63 (bin_ops -> expression ADD expression .)
    TRY             reduce using rule 63 (bin_ops -> expression ADD expression .)
    THROW           reduce using rule 63 (bin_ops -> expression ADD expression .)
    ASSERT          reduce using rule 63 (bin_ops -> expression ADD expression .)
    ASSERT_EQ       reduce using rule 63 (bin_ops -> expression ADD expression .)
    ATTEMPT         reduce using rule 63 (bin_ops -> expression ADD expression .)
    INT             reduce using rule 63 (bin_ops -> expression ADD expression .)
    STR             reduce using rule 63 (bin_ops -> expression ADD expression .)
    BOOL            reduce using rule 63 (bin_ops -> expression ADD expression .)
    FLOAT           reduce using rule 63 (bin_ops -> expression ADD expression .)
    $end            reduce using rule 63 (bin_ops -> expression ADD expression .)
    RPAREN          reduce using rule 63 (bin_ops -> expression ADD expression .)
    RBRACKET        reduce using rule 63 (bin_ops -> expression ADD expression .)
    COMMA           reduce using rule 63 (bin_ops -> expression ADD expression .)
    COLON           reduce using rule 63 (bin_ops -> expression ADD expression .)
    RBRACE          reduce using rule 63 (bin_ops -> expression ADD expression .)
    OK_CHECK        reduce using rule 63 (bin_ops -> expression ADD expression .)
    FALLBACK        reduce using rule 63 (bin_ops -> expression ADD expression .)
    MUL             shift and go to state 58
    DIV             shift and go to state 59
    MOD             shift and go to state 60
    POW             shift and go to state 61

  ! MUL             [ reduce using rule 63 (bin_ops -> expression ADD expression .) ]
  ! DIV             [ reduce using rule 63 (bin_ops -> expression ADD expression .) ]
  ! MOD             [ reduce using rule 63 (bin_ops -> expression ADD expression .) ]
  ! POW             [ reduce using rule 63 (bin_ops -> expression ADD expression .) ]
  ! LBRACKET        [ shift and go to state 124 ]
  ! DOT             [ shift and go to state 55 ]
  ! ADD             [ shift and go to state 56 ]
  ! SUB             [ shift and go to state 57 ]
  ! GT              [ shift and go to state 62 ]
  ! LT              [ shift and go to state 63 ]
  ! GE              [ shift and go to state 64 ]
  ! LE              [ shift and go to state 65 ]
  ! EQ              [ shift and go to state 66 ]
  ! NE              [ shift and go to state 67 ]
  ! AND             [ shift and go to state 68 ]
  ! OR              [ shift and go to state 69 ]


state 110

    (64) bin_ops -> expression SUB expression .
    (93) expression -> expression . LBRACKET expression RBRACKET
    (95) expression -> expression . DOT ID LPAREN arg_list RPAREN
    (63) bin_ops -> expression . ADD expression
    (64) bin_ops -> expression . SUB expression
    (65) bin_ops -> expression . MUL expression
    (66) bin_ops -> expression . DIV expression
    (67) bin_ops -> expression . MOD expression
    (68) bin_ops -> expression . POW expression
    (69) bin_ops -> expression . GT expression
    (70) bin_ops -> expression . LT expression
    (71) bin_ops -> expression . GE expression
    (72) bin_ops -> expression . LE expression
    (73) bin_ops -> expression . EQ expression
    (74) bin_ops -> expression . NE expression
    (75) bin_ops -> expression . AND expression
    (76) bin_ops -> expression . OR expression

    LBRACKET        reduce using rule 64 (bin_ops -> expression SUB expression .)
    DOT             reduce using rule 64 (bin_ops -> expression SUB expression .)
    ADD             reduce using rule 64 (bin_ops -> expression SUB expression .)
    SUB             reduce using rule 64 (bin_ops -> expression SUB expression .)
    GT              reduce using rule 64 (bin_ops -> expression SUB expression .)
    LT              reduce using rule 64 (bin_ops -> expression SUB expression .)
    GE              reduce using rule 64 (bin_ops -> expression SUB expression .)
    LE              reduce using rule 64 (bin_ops -> expression SUB expression .)
    EQ              reduce using rule 64 (bin_ops -> expression SUB expression .)
    NE              reduce using rule 64 (bin_ops -> expression SUB expression .)
    AND             reduce using rule 64 (bin_ops -> expression SUB expression .)
    OR              reduce using rule 64 (bin_ops -> expression SUB expression .)
    SEMICOLON       reduce using rule 64 (bin_ops -> expression SUB expression .)
    LPAREN          reduce using rule 64 (bin_ops -> expression SUB expression .)
    NOT             reduce using rule 64 (bin_ops -> expression SUB expression .)
    LBRACE          reduce using rule 64 (bin_ops -> expression SUB expression .)
    LAMBDA          reduce using rule 64 (bin_ops -> expression SUB expression .)
    LET             reduce using rule 64 (bin_ops -> expression SUB expression .)
    ID              reduce using rule 64 (bin_ops -> expression SUB expression .)
    DISP            reduce using rule 64 (bin_ops -> expression SUB expression .)
    ENTRY           reduce using rule 64 (bin_ops -> expression SUB expression .)
    IF              reduce using rule 64 (bin_ops -> expression SUB expression .)
    WHILE           reduce using rule 64 (bin_ops -> expression SUB expression .)
    FUNCTION        reduce using rule 64 (bin_ops -> expression SUB expression .)
    FOR             reduce using rule 64 (bin_ops -> expression SUB expression .)
    CONT            reduce using rule 64 (bin_ops -> expression SUB expression .)
    BREAK           reduce using rule 64 (bin_ops -> expression SUB expression .)
    RETURN          reduce using rule 64 (bin_ops -> expression SUB expression .)
    TRY             reduce using rule 64 (bin_ops -> expression SUB expression .)
    THROW           reduce using rule 64 (bin_ops -> expression SUB expression .)
    ASSERT          reduce using rule 64 (bin_ops -> expression SUB expression .)
    ASSERT_EQ       reduce using rule 64 (bin_ops -> expression SUB expression .)
    ATTEMPT         reduce using rule 64 (bin_ops -> expression SUB expression .)
    INT             reduce using rule 64 (bin_ops -> expression SUB expression .)
    STR             reduce using rule 64 (bin_ops -> expression SUB expression .)
    BOOL            reduce using rule 64 (bin_ops -> expression SUB expression .)
    FLOAT           reduce using rule 64 (bin_ops -> expression SUB expression .)
    $end            reduce using rule 64 (bin_ops -> expression SUB expression .)
    RPAREN          reduce using rule 64 (bin_ops -> expression SUB expression .)
    RBRACKET        reduce using rule 64 (bin_ops -> expression SUB expression .)
    COMMA           reduce using rule 64 (bin_ops -> expression SUB expression .)
    COLON           reduce using rule 64 (bin_ops -> expression SUB expression .)
    RBRACE          reduce using rule 64 (bin_ops -> expression SUB expression .)
    OK_CHECK        reduce using rule 64 (bin_ops -> expression SUB expression .)
    FALLBACK        reduce using rule 64 (bin_ops -> expression SUB expression .)
    MUL             shift and go to state 58
    DIV             shift and go to state 59
    MOD             shift and go to state 60
    POW             shift and go to state 61

  ! MUL             [ reduce using rule 64 (bin_ops -> expression SUB expression .) ]
  ! DIV             [ reduce using rule 64 (bin_ops -> expression SUB expression .) ]
  ! MOD             [ reduce using rule 64 (bin_ops -> expression SUB expression .) ]
  ! POW             [ reduce using rule 64 (bin_ops -> expression SUB expression .) ]
  ! LBRACKET        [ shift and go to state 124 ]
  ! DOT             [ shift and go to state 55 ]
  ! ADD             [ shift and go to state 56 ]
  ! SUB             [ shift and go to state 57 ]
  ! GT              [ shift and go to state 62 ]
  ! LT              [ shift and go to state 63 ]
  ! GE              [ shift and go to state 64 ]
  ! LE              [ shift and go to state 65 ]
  ! EQ              [ shift and go to state 66 ]
  ! NE              [ shift and go to state 67 ]
  ! AND             [ shift and go to state 68 ]
  ! OR              [ shift and go to state 69 ]


state 111

    (65) bin_ops -> expression MUL expression .
    (93) expression -> expression . LBRACKET expression RBRACKET
    (95) expression -> expression . DOT ID LPAREN arg_list RPAREN
    (63) bin_ops -> expression . ADD expression
    (64) bin_ops -> expression . SUB expression
    (65) bin_ops -> expression . MUL expression
    (66) bin_ops -> expression . DIV expression
    (67) bin_ops -> expression . MOD expression
    (68) bin_ops -> expression . POW expression
    (69) bin_ops -> expression . GT expression
    (70) bin_ops -> expression . LT expression
    (71) bin_ops -> expression . GE expression
    (72) bin_ops -> expression . LE expression
    (73) bin_ops -> expression . EQ expression
    (74) bin_ops -> expression . NE expression
    (75) bin_ops -> expression . AND expression
    (76) bin_ops -> expression . OR expression

    LBRACKET        reduce using rule 65 (bin_ops -> expression MUL expression .)
    DOT             reduce using rule 65 (bin_ops -> expression MUL expression .)
    ADD             reduce using rule 65 (bin_ops -> expression MUL expression .)
    SUB             reduce using rule 65 (bin_ops -> expression MUL expression .)
    MUL             reduce using rule 65 (bin_ops -> expression MUL expression .)
    DIV             reduce using rule 65 (bin_ops -> expression MUL expression .)
    MOD             reduce using rule 65 (bin_ops -> expression MUL expression .)
    GT              reduce using rule 65 (bin_ops -> expression MUL expression .)
    LT              reduce using rule 65 (bin_ops -> expression MUL expression .)
    GE              reduce using rule 65 (bin_ops -> expression MUL expression .)
    LE              reduce using rule 65 (bin_ops -> expression MUL expression .)
    EQ              reduce using rule 65 (bin_ops -> expression MUL expression .)
    NE              reduce using rule 65 (bin_ops -> expression MUL expression .)
    AND             reduce using rule 65 (bin_ops -> expression MUL expression .)
    OR              reduce using rule 65 (bin_ops -> expression MUL expression .)
    SEMICOLON       reduce using rule 65 (bin_ops -> expression MUL expression .)
    LPAREN          reduce using rule 65 (bin_ops -> expression MUL expression .)
    NOT             reduce using rule 65 (bin_ops -> expression MUL expression .)
    LBRACE          reduce using rule 65 (bin_ops -> expression MUL expression .)
    LAMBDA          reduce using rule 65 (bin_ops -> expression MUL expression .)
    LET             reduce using rule 65 (bin_ops -> expression MUL expression .)
    ID              reduce using rule 65 (bin_ops -> expression MUL expression .)
    DISP            reduce using rule 65 (bin_ops -> expression MUL expression .)
    ENTRY           reduce using rule 65 (bin_ops -> expression MUL expression .)
    IF              reduce using rule 65 (bin_ops -> expression MUL expression .)
    WHILE           reduce using rule 65 (bin_ops -> expression MUL expression .)
    FUNCTION        reduce using rule 65 (bin_ops -> expression MUL expression .)
    FOR             reduce using rule 65 (bin_ops -> expression MUL expression .)
    CONT            reduce using rule 65 (bin_ops -> expression MUL expression .)
    BREAK           reduce using rule 65 (bin_ops -> expression MUL expression .)
    RETURN          reduce using rule 65 (bin_ops -> expression MUL expression .)
    TRY             reduce using rule 65 (bin_ops -> expression MUL expression .)
    THROW           reduce using rule 65 (bin_ops -> expression MUL expression .)
    ASSERT          reduce using rule 65 (bin_ops -> expression MUL expression .)
    ASSERT_EQ       reduce using rule 65 (bin_ops -> expression MUL expression .)
    ATTEMPT         reduce using rule 65 (bin_ops -> expression MUL expression .)
    INT             reduce using rule 65 (bin_ops -> expression MUL expression .)
    STR             reduce using rule 65 (bin_ops -> expression MUL expression .)
    BOOL            reduce using rule 65 (bin_ops -> expression MUL expression .)
    FLOAT           reduce using rule 65 (bin_ops -> expression MUL expression .)
    $end            reduce using rule 65 (bin_ops -> expression MUL expression .)
    RPAREN          reduce using rule 65 (bin_ops -> expression MUL expression .)
    RBRACKET        reduce using rule 65 (bin_ops -> expression MUL expression .)
    COMMA           reduce using rule 65 (bin_ops -> expression MUL expression .)
    COLON           reduce using rule 65 (bin_ops -> expression MUL expression .)
    RBRACE          reduce using rule 65 (bin_ops -> expression MUL expression .)
    OK_CHECK        reduce using rule 65 (bin_ops -> expression MUL expression .)
    FALLBACK        reduce using rule 65 (bin_ops -> expression MUL expression .)
    POW             shift and go to state 61

  ! POW             [ reduce using rule 65 (bin_ops -> expression MUL expression .) ]
  ! LBRACKET        [ shift and go to state 124 ]
  ! DOT             [ shift and go to state 55 ]
  ! ADD             [ shift and go to state 56 ]
  ! SUB             [ shift and go to state 57 ]
  ! MUL             [ shift and go to state 58 ]
  ! DIV             [ shift and go to state 59 ]
  ! MOD             [ shift and go to state 60 ]
  ! GT              [ shift and go to state 62 ]
  ! LT              [ shift and go to state 63 ]
  ! GE              [ shift and go to state 64 ]
  ! LE              [ shift and go to state 65 ]
  ! EQ              [ shift and go to state 66 ]
  ! NE              [ shift and go to state 67 ]
  ! AND             [ shift and go to state 68 ]
  ! OR              [ shift and go to state 69 ]


state 112

    (66) bin_ops -> expression DIV expression .
    (93) expression -> expression . LBRACKET expression RBRACKET
    (95) expression -> expression . DOT ID LPAREN arg_list RPAREN
    (63) bin_ops -> expression . ADD expression
    (64) bin_ops -> expression . SUB expression
    (65) bin_ops -> expression . MUL expression
    (66) bin_ops -> expression . DIV expression
    (67) bin_ops -> expression . MOD expression
    (68) bin_ops -> expression . POW expression
    (69) bin_ops -> expression . GT expression
    (70) bin_ops -> expression . LT expression
    (71) bin_ops -> expression . GE expression
    (72) bin_ops -> expression . LE expression
    (73) bin_ops -> expression . EQ expression
    (74) bin_ops -> expression . NE expression
    (75) bin_ops -> expression . AND expression
    (76) bin_ops -> expression . OR expression

    LBRACKET        reduce using rule 66 (bin_ops -> expression DIV expression .)
    DOT             reduce using rule 66 (bin_ops -> expression DIV expression .)
    ADD             reduce using rule 66 (bin_ops -> expression DIV expression .)
    SUB             reduce using rule 66 (bin_ops -> expression DIV expression .)
    MUL             reduce using rule 66 (bin_ops -> expression DIV expression .)
    DIV             reduce using rule 66 (bin_ops -> expression DIV expression .)
    MOD             reduce using rule 66 (bin_ops -> expression DIV expression .)
    GT              reduce using rule 66 (bin_ops -> expression DIV expression .)
    LT              reduce using rule 66 (bin_ops -> expression DIV expression .)
    GE              reduce using rule 66 (bin_ops -> expression DIV expression .)
    LE              reduce using rule 66 (bin_ops -> expression DIV expression .)
    EQ              reduce using rule 66 (bin_ops -> expression DIV expression .)
    NE              reduce using rule 66 (bin_ops -> expression DIV expression .)
    AND             reduce using rule 66 (bin_ops -> expression DIV expression .)
    OR              reduce using rule 66 (bin_ops -> expression DIV expression .)
    SEMICOLON       reduce using rule 66 (bin_ops -> expression DIV expression .)
    LPAREN          reduce using rule 66 (bin_ops -> expression DIV expression .)
    NOT             reduce using rule 66 (bin_ops -> expression DIV expression .)
    LBRACE          reduce using rule 66 (bin_ops -> expression DIV expression .)
    LAMBDA          reduce using rule 66 (bin_ops -> expression DIV expression .)
    LET             reduce using rule 66 (bin_ops -> expression DIV expression .)
    ID              reduce using rule 66 (bin_ops -> expression DIV expression .)
    DISP            reduce using rule 66 (bin_ops -> expression DIV expression .)
    ENTRY           reduce using rule 66 (bin_ops -> expression DIV expression .)
    IF              reduce using rule 66 (bin_ops -> expression DIV expression .)
    WHILE           reduce using rule 66 (bin_ops -> expression DIV expression .)
    FUNCTION        reduce using rule 66 (bin_ops -> expression DIV expression .)
    FOR             reduce using rule 66 (bin_ops -> expression DIV expression .)
    CONT            reduce using rule 66 (bin_ops -> expression DIV expression .)
    BREAK           reduce using rule 66 (bin_ops -> expression DIV expression .)
    RETURN          reduce using rule 66 (bin_ops -> expression DIV expression .)
    TRY             reduce using rule 66 (bin_ops -> expression DIV expression .)
    THROW           reduce using rule 66 (bin_ops -> expression DIV expression .)
    ASSERT          reduce using rule 66 (bin_ops -> expression DIV expression .)
    ASSERT_EQ       reduce using rule 66 (bin_ops -> expression DIV expression .)
    ATTEMPT         reduce using rule 66 (bin_ops -> expression DIV expression .)
    INT             reduce using rule 66 (bin_ops -> expression DIV expression .)
    STR             reduce using rule 66 (bin_ops -> expression DIV expression .)
    BOOL            reduce using rule 66 (bin_ops -> expression DIV expression .)
    FLOAT           reduce using rule 66 (bin_ops -> expression DIV expression .)
    $end            reduce using rule 66 (bin_ops -> expression DIV expression .)
    RPAREN          reduce using rule 66 (bin_ops -> expression DIV expression .)
    RBRACKET        reduce using rule 66 (bin_ops -> expression DIV expression .)
    COMMA           reduce using rule 66 (bin_ops -> expression DIV expression .)
    COLON           reduce using rule 66 (bin_ops -> expression DIV expression .)
    RBRACE          reduce using rule 66 (bin_ops -> expression DIV expression .)
    OK_CHECK        reduce using rule 66 (bin_ops -> expression DIV expression .)
    FALLBACK        reduce using rule 66 (bin_ops -> expression DIV expression .)
    POW             shift and go to state 61

  ! POW             [ reduce using rule 66 (bin_ops -> expression DIV expression .) ]
  ! LBRACKET        [ shift and go to state 124 ]
  ! DOT             [ shift and go to state 55 ]
  ! ADD             [ shift and go to state 56 ]
  ! SUB             [ shift and go to state 57 ]
  ! MUL             [ shift and go to state 58 ]
  ! DIV             [ shift and go to state 59 ]
  ! MOD             [ shift and go to state 60 ]
  ! GT              [ shift and go to state 62 ]
  ! LT              [ shift and go to state 63 ]
  ! GE              [ shift and go to state 64 ]
  ! LE              [ shift and go to state 65 ]
  ! EQ              [ shift and go to state 66 ]
  ! NE              [ shift and go to state 67 ]
  ! AND             [ shift and go to state 68 ]
  ! OR              [ shift and go to state 69 ]


state 113

    (67) bin_ops -> expression MOD expression .
    (93) expression -> expression . LBRACKET expression RBRACKET
    (95) expression -> expression . DOT ID LPAREN arg_list RPAREN
    (63) bin_ops -> expression . ADD expression
    (64) bin_ops -> expression . SUB expression
    (65) bin_ops -> expression . MUL expression
    (66) bin_ops -> expression . DIV expression
    (67) bin_ops -> expression . MOD expression
    (68) bin_ops -> expression . POW expression
    (69) bin_ops -> expression . GT expression
    (70) bin_ops -> expression . LT expression
    (71) bin_ops -> expression . GE expression
    (72) bin_ops -> expression . LE expression
    (73) bin_ops -> expression . EQ expression
    (74) bin_ops -> expression . NE expression
    (75) bin_ops -> expression . AND expression
    (76) bin_ops -> expression . OR expression

    LBRACKET        reduce using rule 67 (bin_ops -> expression MOD expression .)
    DOT             reduce using rule 67 (bin_ops -> expression MOD expression .)
    ADD             reduce using rule 67 (bin_ops -> expression MOD expression .)
    SUB             reduce using rule 67 (bin_ops -> expression MOD expression .)
    MUL             reduce using rule 67 (bin_ops -> expression MOD expression .)
    DIV             reduce using rule 67 (bin_ops -> expression MOD expression .)
    MOD             reduce using rule 67 (bin_ops -> expression MOD expression .)
    GT              reduce using rule 67 (bin_ops -> expression MOD expression .)
    LT              reduce using rule 67 (bin_ops -> expression MOD expression .)
    GE              reduce using rule 67 (bin_ops -> expression MOD expression .)
    LE              reduce using rule 67 (bin_ops -> expression MOD expression .)
    EQ              reduce using rule 67 (bin_ops -> expression MOD expression .)
    NE              reduce using rule 67 (bin_ops -> expression MOD expression .)
    AND             reduce using rule 67 (bin_ops -> expression MOD expression .)
    OR              reduce using rule 67 (bin_ops -> expression MOD expression .)
    SEMICOLON       reduce using rule 67 (bin_ops -> expression MOD expression .)
    LPAREN          reduce using rule 67 (bin_ops -> expression MOD expression .)
    NOT             reduce using rule 67 (bin_ops -> expression MOD expression .)
    LBRACE          reduce using rule 67 (bin_ops -> expression MOD expression .)
    LAMBDA          reduce using rule 67 (bin_ops -> expression MOD expression .)
    LET             reduce using rule 67 (bin_ops -> expression MOD expression .)
    ID              reduce using rule 67 (bin_ops -> expression MOD expression .)
    DISP            reduce using rule 67 (bin_ops -> expression MOD expression .)
    ENTRY           reduce using rule 67 (bin_ops -> expression MOD expression .)
    IF              reduce using rule 67 (bin_ops -> expression MOD expression .)
    WHILE           reduce using rule 67 (bin_ops -> expression MOD expression .)
    FUNCTION        reduce using rule 67 (bin_ops -> expression MOD expression .)
    FOR             reduce using rule 67 (bin_ops -> expression MOD expression .)
    CONT            reduce using rule 67 (bin_ops -> expression MOD expression .)
    BREAK           reduce using rule 67 (bin_ops -> expression MOD expression .)
    RETURN          reduce using rule 67 (bin_ops -> expression MOD expression .)
    TRY             reduce using rule 67 (bin_ops -> expression MOD expression .)
    THROW           reduce using rule 67 (bin_ops -> expression MOD expression .)
    ASSERT          reduce using rule 67 (bin_ops -> expression MOD expression .)
    ASSERT_EQ       reduce using rule 67 (bin_ops -> expression MOD expression .)
    ATTEMPT         reduce using rule 67 (bin_ops -> expression MOD expression .)
    INT             reduce using rule 67 (bin_ops -> expression MOD expression .)
    STR             reduce using rule 67 (bin_ops -> expression MOD expression .)
    BOOL            reduce using rule 67 (bin_ops -> expression MOD expression .)
    FLOAT           reduce using rule 67 (bin_ops -> expression MOD expression .)
    $end            reduce using rule 67 (bin_ops -> expression MOD expression .)
    RPAREN          reduce using rule 67 (bin_ops -> expression MOD expression .)
    RBRACKET        reduce using rule 67 (bin_ops -> expression MOD expression .)
    COMMA           reduce using rule 67 (bin_ops -> expression MOD expression .)
    COLON           reduce using rule 67 (bin_ops -> expression MOD expression .)
    RBRACE          reduce using rule 67 (bin_ops -> expression MOD expression .)
    OK_CHECK        reduce using rule 67 (bin_ops -> expression MOD expression .)
    FALLBACK        reduce using rule 67 (bin_ops -> expression MOD expression .)
    POW             shift and go to state 61

  ! POW             [ reduce using rule 67 (bin_ops -> expression MOD expression .) ]
  ! LBRACKET        [ shift and go to state 124 ]
  ! DOT             [ shift and go to state 55 ]
  ! ADD             [ shift and go to state 56 ]
  ! SUB             [ shift and go to state 57 ]
  ! MUL             [ shift and go to state 58 ]
  ! DIV             [ shift and go to state 59 ]
  ! MOD             [ shift and go to state 60 ]
  ! GT              [ shift and go to state 62 ]
  ! LT              [ shift and go to state 63 ]
  ! GE              [ shift and go to state 64 ]
  ! LE              [ shift and go to state 65 ]
  ! EQ              [ shift and go to state 66 ]
  ! NE              [ shift and go to state 67 ]
  ! AND             [ shift and go to state 68 ]
  ! OR              [ shift and go to state 69 ]


state 114

    (68) bin_ops -> expression POW expression .
    (93) expression -> expression . LBRACKET expression RBRACKET
    (95) expression -> expression . DOT ID LPAREN arg_list RPAREN
    (63) bin_ops -> expression . ADD expression
    (64) bin_ops -> expression . SUB expression
    (65) bin_ops -> expression . MUL expression
    (66) bin_ops -> expression . DIV expression
    (67) bin_ops -> expression . MOD expression
    (68) bin_ops -> expression . POW expression
    (69) bin_ops -> expression . GT expression
    (70) bin_ops -> expression . LT expression
    (71) bin_ops -> expression . GE expression
    (72) bin_ops -> expression . LE expression
    (73) bin_ops -> expression . EQ expression
    (74) bin_ops -> expression . NE expression
    (75) bin_ops -> expression . AND expression
    (76) bin_ops -> expression . OR expression

    LBRACKET        reduce using rule 68 (bin_ops -> expression POW expression .)
    DOT             reduce using rule 68 (bin_ops -> expression POW expression .)
    ADD             reduce using rule 68 (bin_ops -> expression POW expression .)
    SUB             reduce using rule 68 (bin_ops -> expression POW expression .)
    MUL             reduce using rule 68 (bin_ops -> expression POW expression .)
    DIV             reduce using rule 68 (bin_ops -> expression POW expression .)
    MOD             reduce using rule 68 (bin_ops -> expression POW expression .)
    GT              reduce using rule 68 (bin_ops -> expression POW expression .)
    LT              reduce using rule 68 (bin_ops -> expression POW expression .)
    GE              reduce using rule 68 (bin_ops -> expression POW expression .)
    LE              reduce using rule 68 (bin_ops -> expression POW expression .)
    EQ              reduce using rule 68 (bin_ops -> expression POW expression .)
    NE              reduce using rule 68 (bin_ops -> expression POW expression .)
    AND             reduce using rule 68 (bin_ops -> expression POW expression .)
    OR              reduce using rule 68 (bin_ops -> expression POW expression .)
    SEMICOLON       reduce using rule 68 (bin_ops -> expression POW expression .)
    LPAREN          reduce using rule 68 (bin_ops -> expression POW expression .)
    NOT             reduce using rule 68 (bin_ops -> expression POW expression .)
    LBRACE          reduce using rule 68 (bin_ops -> expression POW expression .)
    LAMBDA          reduce using rule 68 (bin_ops -> expression POW expression .)
    LET             reduce using rule 68 (bin_ops -> expression POW expression .)
    ID              reduce using rule 68 (bin_ops -> expression POW expression .)
    DISP            reduce using rule 68 (bin_ops -> expression POW expression .)
    ENTRY           reduce using rule 68 (bin_ops -> expression POW expression .)
    IF              reduce using rule 68 (bin_ops -> expression POW expression .)
    WHILE           reduce using rule 68 (bin_ops -> expression POW expression .)
    FUNCTION        reduce using rule 68 (bin_ops -> expression POW expression .)
    FOR             reduce using rule 68 (bin_ops -> expression POW expression .)
    CONT            reduce using rule 68 (bin_ops -> expression POW expression .)
    BREAK           reduce using rule 68 (bin_ops -> expression POW expression .)
    RETURN          reduce using rule 68 (bin_ops -> expression POW expression .)
    TRY             reduce using rule 68 (bin_ops -> expression POW expression .)
    THROW           reduce using rule 68 (bin_ops -> expression POW expression .)
    ASSERT          reduce using rule 68 (bin_ops -> expression POW expression .)
    ASSERT_EQ       reduce using rule 68 (bin_ops -> expression POW expression .)
    ATTEMPT         reduce using rule 68 (bin_ops -> expression POW expression .)
    INT             reduce using rule 68 (bin_ops -> expression POW expression .)
    STR             reduce using rule 68 (bin_ops -> expression POW expression .)
    BOOL            reduce using rule 68 (bin_ops -> expression POW expression .)
    FLOAT           reduce using rule 68 (bin_ops -> expression POW expression .)
    $end            reduce using rule 68 (bin_ops -> expression POW expression .)
    RPAREN          reduce using rule 68 (bin_ops -> expression POW expression .)
    RBRACKET        reduce using rule 68 (bin_ops -> expression POW expression .)
    COMMA           reduce using rule 68 (bin_ops -> expression POW expression .)
    COLON           reduce using rule 68 (bin_ops -> expression POW expression .)
    RBRACE          reduce using rule 68 (bin_ops -> expression POW expression .)
    OK_CHECK        reduce using rule 68 (bin_ops -> expression POW expression .)
    FALLBACK        reduce using rule 68 (bin_ops -> expression POW expression .)
    POW             shift and go to state 61

  ! POW             [ reduce using rule 68 (bin_ops -> expression POW expression .) ]
  ! LBRACKET        [ shift and go to state 124 ]
  ! DOT             [ shift and go to state 55 ]
  ! ADD             [ shift and go to state 56 ]
  ! SUB             [ shift and go to state 57 ]
  ! MUL             [ shift and go to state 58 ]
  ! DIV             [ shift and go to state 59 ]
  ! MOD             [ shift and go to state 60 ]
  ! GT              [ shift and go to state 62 ]
  ! LT              [ shift and go to state 63 ]
  ! GE              [ shift and go to state 64 ]
  ! LE              [ shift and go to state 65 ]
  ! EQ              [ shift and go to state 66 ]
  ! NE              [ shift and go to state 67 ]
  ! AND             [ shift and go to state 68 ]
  ! OR              [ shift and go to state 69 ]


state 115

    (69) bin_ops -> expression GT expression .
    (93) expression -> expression . LBRACKET expression RBRACKET
    (95) expression -> expression . DOT ID LPAREN arg_list RPAREN
    (63) bin_ops -> expression . ADD expression
    (64) bin_ops -> expression . SUB expression
    (65) bin_ops -> expression . MUL expression
    (66) bin_ops -> expression . DIV expression
    (67) bin_ops -> expression . MOD expression
    (68) bin_ops -> expression . POW expression
    (69) bin_ops -> expression . GT expression
    (70) bin_ops -> expression . LT expression
    (71) bin_ops -> expression . GE expression
    (72) bin_ops -> expression . LE expression
    (73) bin_ops -> expression . EQ expression
    (74) bin_ops -> expression . NE expression
    (75) bin_ops -> expression . AND expression
    (76) bin_ops -> expression . OR expression

    LBRACKET        reduce using rule 69 (bin_ops -> expression GT expression .)
    DOT             reduce using rule 69 (bin_ops -> expression GT expression .)
    GT              reduce using rule 69 (bin_ops -> expression GT expression .)
    LT              reduce using rule 69 (bin_ops -> expression GT expression .)
    GE              reduce using rule 69 (bin_ops -> expression GT expression .)
    LE              reduce using rule 69 (bin_ops -> expression GT expression .)
    EQ              reduce using rule 69 (bin_ops -> expression GT expression .)
    NE              reduce using rule 69 (bin_ops -> expression GT expression .)
    AND             reduce using rule 69 (bin_ops -> expression GT expression .)
    OR              reduce using rule 69 (bin_ops -> expression GT expression .)
    SEMICOLON       reduce using rule 69 (bin_ops -> expression GT expression .)
    LPAREN          reduce using rule 69 (bin_ops -> expression GT expression .)
    NOT             reduce using rule 69 (bin_ops -> expression GT expression .)
    LBRACE          reduce using rule 69 (bin_ops -> expression GT expression .)
    LAMBDA          reduce using rule 69 (bin_ops -> expression GT expression .)
    LET             reduce using rule 69 (bin_ops -> expression GT expression .)
    ID              reduce using rule 69 (bin_ops -> expression GT expression .)
    DISP            reduce using rule 69 (bin_ops -> expression GT expression .)
    ENTRY           reduce using rule 69 (bin_ops -> expression GT expression .)
    IF              reduce using rule 69 (bin_ops -> expression GT expression .)
    WHILE           reduce using rule 69 (bin_ops -> expression GT expression .)
    FUNCTION        reduce using rule 69 (bin_ops -> expression GT expression .)
    FOR             reduce using rule 69 (bin_ops -> expression GT expression .)
    CONT            reduce using rule 69 (bin_ops -> expression GT expression .)
    BREAK           reduce using rule 69 (bin_ops -> expression GT expression .)
    RETURN          reduce using rule 69 (bin_ops -> expression GT expression .)
    TRY             reduce using rule 69 (bin_ops -> expression GT expression .)
    THROW           reduce using rule 69 (bin_ops -> expression GT expression .)
    ASSERT          reduce using rule 69 (bin_ops -> expression GT expression .)
    ASSERT_EQ       reduce using rule 69 (bin_ops -> expression GT expression .)
    ATTEMPT         reduce using rule 69 (bin_ops -> expression GT expression .)
    INT             reduce using rule 69 (bin_ops -> expression GT expression .)
    STR             reduce using rule 69 (bin_ops -> expression GT expression .)
    BOOL            reduce using rule 69 (bin_ops -> expression GT expression .)
    FLOAT           reduce using rule 69 (bin_ops -> expression GT expression .)
    $end            reduce using rule 69 (bin_ops -> expression GT expression .)
    RPAREN          reduce using rule 69 (bin_ops -> expression GT expression .)
    RBRACKET        reduce using rule 69 (bin_ops -> expression GT expression .)
    COMMA           reduce using rule 69 (bin_ops -> expression GT expression .)
    COLON           reduce using rule 69 (bin_ops -> expression GT expression .)
    RBRACE          reduce using rule 69 (bin_ops -> expression GT expression .)
    OK_CHECK        reduce using rule 69 (bin_ops -> expression GT expression .)
    FALLBACK        reduce using rule 69 (bin_ops -> expression GT expression .)
    ADD             shift and go to state 56
    SUB             shift and go to state 57
    MUL             shift and go to state 58
    DIV             shift and go to state 59
    MOD             shift and go to state 60
    POW             shift and go to state 61

  ! ADD             [ reduce using rule 69 (bin_ops -> expression GT expression .) ]
  ! SUB             [ reduce using rule 69 (bin_ops -> expression GT expression .) ]
  ! MUL             [ reduce using rule 69 (bin_ops -> expression GT expression .) ]
  ! DIV             [ reduce using rule 69 (bin_ops -> expression GT expression .) ]
  ! MOD             [ reduce using rule 69 (bin_ops -> expression GT expression .) ]
  ! POW             [ reduce using rule 69 (bin_ops -> expression GT expression .) ]
  ! LBRACKET        [ shift and go to state 124 ]
  ! DOT             [ shift and go to state 55 ]
  ! GT              [ shift and go to state 62 ]
  ! LT              [ shift and go to state 63 ]
  ! GE              [ shift and go to state 64 ]
  ! LE              [ shift and go to state 65 ]
  ! EQ              [ shift and go to state 66 ]
  ! NE              [ shift and go to state 67 ]
  ! AND             [ shift and go to state 68 ]
  ! OR              [ shift and go to state 69 ]


state 116

    (70) bin_ops -> expression LT expression .
    (93) expression -> expression . LBRACKET expression RBRACKET
    (95) expression -> expression . DOT ID LPAREN arg_list RPAREN
    (63) bin_ops -> expression . ADD expression
    (64) bin_ops -> expression . SUB expression
    (65) bin_ops -> expression . MUL expression
    (66) bin_ops -> expression . DIV expression
    (67) bin_ops -> expression . MOD expression
    (68) bin_ops -> expression . POW expression
    (69) bin_ops -> expression . GT expression
    (70) bin_ops -> expression . LT expression
    (71) bin_ops -> expression . GE expression
    (72) bin_ops -> expression . LE expression
    (73) bin_ops -> expression . EQ expression
    (74) bin_ops -> expression . NE expression
    (75) bin_ops -> expression . AND expression
    (76) bin_ops -> expression . OR expression

    LBRACKET        reduce using rule 70 (bin_ops -> expression LT expression .)
    DOT             reduce using rule 70 (bin_ops -> expression LT expression .)
    GT              reduce using rule 70 (bin_ops -> expression LT expression .)
    LT              reduce using rule 70 (bin_ops -> expression LT expression .)
    GE              reduce using rule 70 (bin_ops -> expression LT expression .)
    LE              reduce using rule 70 (bin_ops -> expression LT expression .)
    EQ              reduce using rule 70 (bin_ops -> expression LT expression .)
    NE              reduce using rule 70 (bin_ops -> expression LT expression .)
    AND             reduce using rule 70 (bin_ops -> expression LT expression .)
    OR              reduce using rule 70 (bin_ops -> expression LT expression .)
    SEMICOLON       reduce using rule 70 (bin_ops -> expression LT expression .)
    LPAREN          reduce using rule 70 (bin_ops -> expression LT expression .)
    NOT             reduce using rule 70 (bin_ops -> expression LT expression .)
    LBRACE          reduce using rule 70 (bin_ops -> expression LT expression .)
    LAMBDA          reduce using rule 70 (bin_ops -> expression LT expression .)
    LET             reduce using rule 70 (bin_ops -> expression LT expression .)
    ID              reduce using rule 70 (bin_ops -> expression LT expression .)
    DISP            reduce using rule 70 (bin_ops -> expression LT expression .)
    ENTRY           reduce using rule 70 (bin_ops -> expression LT expression .)
    IF              reduce using rule 70 (bin_ops -> expression LT expression .)
    WHILE           reduce using rule 70 (bin_ops -> expression LT expression .)
    FUNCTION        reduce using rule 70 (bin_ops -> expression LT expression .)
    FOR             reduce using rule 70 (bin_ops -> expression LT expression .)
    CONT            reduce using rule 70 (bin_ops -> expression LT expression .)
    BREAK           reduce using rule 70 (bin_ops -> expression LT expression .)
    RETURN          reduce using rule 70 (bin_ops -> expression LT expression .)
    TRY             reduce using rule 70 (bin_ops -> expression LT expression .)
    THROW           reduce using rule 70 (bin_ops -> expression LT expression .)
    ASSERT          reduce using rule 70 (bin_ops -> expression LT expression .)
    ASSERT_EQ       reduce using rule 70 (bin_ops -> expression LT expression .)
    ATTEMPT         reduce using rule 70 (bin_ops -> expression LT expression .)
    INT             reduce using rule 70 (bin_ops -> expression LT expression .)
    STR             reduce using rule 70 (bin_ops -> expression LT expression .)
    BOOL            reduce using rule 70 (bin_ops -> expression LT expression .)
    FLOAT           reduce using rule 70 (bin_ops -> expression LT expression .)
    $end            reduce using rule 70 (bin_ops -> expression LT expression .)
    RPAREN          reduce using rule 70 (bin_ops -> expression LT expression .)
    RBRACKET        reduce using rule 70 (bin_ops -> expression LT expression .)
    COMMA           reduce using rule 70 (bin_ops -> expression LT expression .)
    COLON           reduce using rule 70 (bin_ops -> expression LT expression .)
    RBRACE          reduce using rule 70 (bin_ops -> expression LT expression .)
    OK_CHECK        reduce using rule 70 (bin_ops -> expression LT expression .)
    FALLBACK        reduce using rule 70 (bin_ops -> expression LT expression .)
    ADD             shift and go to state 56
    SUB             shift and go to state 57
    MUL             shift and go to state 58
    DIV             shift and go to state 59
    MOD             shift and go to state 60
    POW             shift and go to state 61

  ! ADD             [ reduce using rule 70 (bin_ops -> expression LT expression .) ]
  ! SUB             [ reduce using rule 70 (bin_ops -> expression LT expression .) ]
  ! MUL             [ reduce using rule 70 (bin_ops -> expression LT expression .) ]
  ! DIV             [ reduce using rule 70 (bin_ops -> expression LT expression .) ]
  ! MOD             [ reduce using rule 70 (bin_ops -> expression LT expression .) ]
  ! POW             [ reduce using rule 70 (bin_ops -> expression LT expression .) ]
  ! LBRACKET        [ shift and go to state 124 ]
  ! DOT             [ shift and go to state 55 ]
  ! GT              [ shift and go to state 62 ]
  ! LT              [ shift and go to state 63 ]
  ! GE              [ shift and go to state 64 ]
  ! LE              [ shift and go to state 65 ]
  ! EQ              [ shift and go to state 66 ]
  ! NE              [ shift and go to state 67 ]
  ! AND             [ shift and go to state 68 ]
  ! OR              [ shift and go to state 69 ]


state 117

    (71) bin_ops -> expression GE expression .
    (93) expression -> expression . LBRACKET expression RBRACKET
    (95) expression -> expression . DOT ID LPAREN arg_list RPAREN
    (63) bin_ops -> expression . ADD expression
    (64) bin_ops -> expression . SUB expression
    (65) bin_ops -> expression . MUL expression
    (66) bin_ops -> expression . DIV expression
    (67) bin_ops -> expression . MOD expression
    (68) bin_ops -> expression . POW expression
    (69) bin_ops -> expression . GT expression
    (70) bin_ops -> expression . LT expression
    (71) bin_ops -> expression . GE expression
    (72) bin_ops -> expression . LE expression
    (73) bin_ops -> expression . EQ expression
    (74) bin_ops -> expression . NE expression
    (75) bin_ops -> expression . AND expression
    (76) bin_ops -> expression . OR expression

    LBRACKET        reduce using rule 71 (bin_ops -> expression GE expression .)
    DOT             reduce using rule 71 (bin_ops -> expression GE expression .)
    GT              reduce using rule 71 (bin_ops -> expression GE expression .)
    LT              reduce using rule 71 (bin_ops -> expression GE expression .)
    GE              reduce using rule 71 (bin_ops -> expression GE expression .)
    LE              reduce using rule 71 (bin_ops -> expression GE expression .)
    EQ              reduce using rule 71 (bin_ops -> expression GE expression .)
    NE              reduce using rule 71 (bin_ops -> expression GE expression .)
    AND             reduce using rule 71 (bin_ops -> expression GE expression .)
    OR              reduce using rule 71 (bin_ops -> expression GE expression .)
    SEMICOLON       reduce using rule 71 (bin_ops -> expression GE expression .)
    LPAREN          reduce using rule 71 (bin_ops -> expression GE expression .)
    NOT             reduce using rule 71 (bin_ops -> expression GE expression .)
    LBRACE          reduce using rule 71 (bin_ops -> expression GE expression .)
    LAMBDA          reduce using rule 71 (bin_ops -> expression GE expression .)
    LET             reduce using rule 71 (bin_ops -> expression GE expression .)
    ID              reduce using rule 71 (bin_ops -> expression GE expression .)
    DISP            reduce using rule 71 (bin_ops -> expression GE expression .)
    ENTRY           reduce using rule 71 (bin_ops -> expression GE expression .)
    IF              reduce using rule 71 (bin_ops -> expression GE expression .)
    WHILE           reduce using rule 71 (bin_ops -> expression GE expression .)
    FUNCTION        reduce using rule 71 (bin_ops -> expression GE expression .)
    FOR             reduce using rule 71 (bin_ops -> expression GE expression .)
    CONT            reduce using rule 71 (bin_ops -> expression GE expression .)
    BREAK           reduce using rule 71 (bin_ops -> expression GE expression .)
    RETURN          reduce using rule 71 (bin_ops -> expression GE expression .)
    TRY             reduce using rule 71 (bin_ops -> expression GE expression .)
    THROW           reduce using rule 71 (bin_ops -> expression GE expression .)
    ASSERT          reduce using rule 71 (bin_ops -> expression GE expression .)
    ASSERT_EQ       reduce using rule 71 (bin_ops -> expression GE expression .)
    ATTEMPT         reduce using rule 71 (bin_ops -> expression GE expression .)
    INT             reduce using rule 71 (bin_ops -> expression GE expression .)
    STR             reduce using rule 71 (bin_ops -> expression GE expression .)
    BOOL            reduce using rule 71 (bin_ops -> expression GE expression .)
    FLOAT           reduce using rule 71 (bin_ops -> expression GE expression .)
    $end            reduce using rule 71 (bin_ops -> expression GE expression .)
    RPAREN          reduce using rule 71 (bin_ops -> expression GE expression .)
    RBRACKET        reduce using rule 71 (bin_ops -> expression GE expression .)
    COMMA           reduce using rule 71 (bin_ops -> expression GE expression .)
    COLON           reduce using rule 71 (bin_ops -> expression GE expression .)
    RBRACE          reduce using rule 71 (bin_ops -> expression GE expression .)
    OK_CHECK        reduce using rule 71 (bin_ops -> expression GE expression .)
    FALLBACK        reduce using rule 71 (bin_ops -> expression GE expression .)
    ADD             shift and go to state 56
    SUB             shift and go to state 57
    MUL             shift and go to state 58
    DIV             shift and go to state 59
    MOD             shift and go to state 60
    POW             shift and go to state 61

  ! ADD             [ reduce using rule 71 (bin_ops -> expression GE expression .) ]
  ! SUB             [ reduce using rule 71 (bin_ops -> expression GE expression .) ]
  ! MUL             [ reduce using rule 71 (bin_ops -> expression GE expression .) ]
  ! DIV             [ reduce using rule 71 (bin_ops -> expression GE expression .) ]
  ! MOD             [ reduce using rule 71 (bin_ops -> expression GE expression .) ]
  ! POW             [ reduce using rule 71 (bin_ops -> expression GE expression .) ]
  ! LBRACKET        [ shift and go to state 124 ]
  ! DOT             [ shift and go to state 55 ]
  ! GT              [ shift and go to state 62 ]
  ! LT              [ shift and go to state 63 ]
  ! GE              [ shift and go to state 64 ]
  ! LE              [ shift and go to state 65 ]
  ! EQ              [ shift and go to state 66 ]
  ! NE              [ shift and go to state 67 ]
  ! AND             [ shift and go to state 68 ]
  ! OR              [ shift and go to state 69 ]


state 118

    (72) bin_ops -> expression LE expression .
    (93) expression -> expression . LBRACKET expression RBRACKET
    (95) expression -> expression . DOT ID LPAREN arg_list RPAREN
    (63) bin_ops -> expression . ADD expression
    (64) bin_ops -> expression . SUB expression
    (65) bin_ops -> expression . MUL expression
    (66) bin_ops -> expression . DIV expression
    (67) bin_ops -> expression . MOD expression
    (68) bin_ops -> expression . POW expression
    (69) bin_ops -> expression . GT expression
    (70) bin_ops -> expression . LT expression
    (71) bin_ops -> expression . GE expression
    (72) bin_ops -> expression . LE expression
    (73) bin_ops -> expression . EQ expression
    (74) bin_ops -> expression . NE expression
    (75) bin_ops -> expression . AND expression
    (76) bin_ops -> expression . OR expression

    LBRACKET        reduce using rule 72 (bin_ops -> expression LE expression .)
    DOT             reduce using rule 72 (bin_ops -> expression LE expression .)
    GT              reduce using rule 72 (bin_ops -> expression LE expression .)
    LT              reduce using rule 72 (bin_ops -> expression LE expression .)
    GE              reduce using rule 72 (bin_ops -> expression LE expression .)
    LE              reduce using rule 72 (bin_ops -> expression LE expression .)
    EQ              reduce using rule 72 (bin_ops -> expression LE expression .)
    NE              reduce using rule 72 (bin_ops -> expression LE expression .)
    AND             reduce using rule 72 (bin_ops -> expression LE expression .)
    OR              reduce using rule 72 (bin_ops -> expression LE expression .)
    SEMICOLON       reduce using rule 72 (bin_ops -> expression LE expression .)
    LPAREN          reduce using rule 72 (bin_ops -> expression LE expression .)
    NOT             reduce using rule 72 (bin_ops -> expression LE expression .)
    LBRACE          reduce using rule 72 (bin_ops -> expression LE expression .)
    LAMBDA          reduce using rule 72 (bin_ops -> expression LE expression .)
    LET             reduce using rule 72 (bin_ops -> expression LE expression .)
    ID              reduce using rule 72 (bin_ops -> expression LE expression .)
    DISP            reduce using rule 72 (bin_ops -> expression LE expression .)
    ENTRY           reduce using rule 72 (bin_ops -> expression LE expression .)
    IF              reduce using rule 72 (bin_ops -> expression LE expression .)
    WHILE           reduce using rule 72 (bin_ops -> expression LE expression .)
    FUNCTION        reduce using rule 72 (bin_ops -> expression LE expression .)
    FOR             reduce using rule 72 (bin_ops -> expression LE expression .)
    CONT            reduce using rule 72 (bin_ops -> expression LE expression .)
    BREAK           reduce using rule 72 (bin_ops -> expression LE expression .)
    RETURN          reduce using rule 72 (bin_ops -> expression LE expression .)
    TRY             reduce using rule 72 (bin_ops -> expression LE expression .)
    THROW           reduce using rule 72 (bin_ops -> expression LE expression .)
    ASSERT          reduce using rule 72 (bin_ops -> expression LE expression .)
    ASSERT_EQ       reduce using rule 72 (bin_ops -> expression LE expression .)
    ATTEMPT         reduce using rule 72 (bin_ops -> expression LE expression .)
    INT             reduce using rule 72 (bin_ops -> expression LE expression .)
    STR             reduce using rule 72 (bin_ops -> expression LE expression .)
    BOOL            reduce using rule 72 (bin_ops -> expression LE expression .)
    FLOAT           reduce using rule 72 (bin_ops -> expression LE expression .)
    $end            reduce using rule 72 (bin_ops -> expression LE expression .)
    RPAREN          reduce using rule 72 (bin_ops -> expression LE expression .)
    RBRACKET        reduce using rule 72 (bin_ops -> expression LE expression .)
    COMMA           reduce using rule 72 (bin_ops -> expression LE expression .)
    COLON           reduce using rule 72 (bin_ops -> expression LE expression .)
    RBRACE          reduce using rule 72 (bin_ops -> expression LE expression .)
    OK_CHECK        reduce using rule 72 (bin_ops -> expression LE expression .)
    FALLBACK        reduce using rule 72 (bin_ops -> expression LE expression .)
    ADD             shift and go to state 56
    SUB             shift and go to state 57
    MUL             shift and go to state 58
    DIV             shift and go to state 59
    MOD             shift and go to state 60
    POW             shift and go to state 61

  ! ADD             [ reduce using rule 72 (bin_ops -> expression LE expression .) ]
  ! SUB             [ reduce using rule 72 (bin_ops -> expression LE expression .) ]
  ! MUL             [ reduce using rule 72 (bin_ops -> expression LE expression .) ]
  ! DIV             [ reduce using rule 72 (bin_ops -> expression LE expression .) ]
  ! MOD             [ reduce using rule 72 (bin_ops -> expression LE expression .) ]
  ! POW             [ reduce using rule 72 (bin_ops -> expression LE expression .) ]
  ! LBRACKET        [ shift and go to state 124 ]
  ! DOT             [ shift and go to state 55 ]
  ! GT              [ shift and go to state 62 ]
  ! LT              [ shift and go to state 63 ]
  ! GE              [ shift and go to state 64 ]
  ! LE              [ shift and go to state 65 ]
  ! EQ              [ shift and go to state 66 ]
  ! NE              [ shift and go to state 67 ]
  ! AND             [ shift and go to state 68 ]
  ! OR              [ shift and go to state 69 ]


state 119

    (73) bin_ops -> expression EQ expression .
    (93) expression -> expression . LBRACKET expression RBRACKET
    (95) expression -> expression . DOT ID LPAREN arg_list RPAREN
    (63) bin_ops -> expression . ADD expression
    (64) bin_ops -> expression . SUB expression
    (65) bin_ops -> expression . MUL expression
    (66) bin_ops -> expression . DIV expression
    (67) bin_ops -> expression . MOD expression
    (68) bin_ops -> expression . POW expression
    (69) bin_ops -> expression . GT expression
    (70) bin_ops -> expression . LT expression
    (71) bin_ops -> expression . GE expression
    (72) bin_ops -> expression . LE expression
    (73) bin_ops -> expression . EQ expression
    (74) bin_ops -> expression . NE expression
    (75) bin_ops -> expression . AND expression
    (76) bin_ops -> expression . OR expression

    LBRACKET        reduce using rule 73 (bin_ops -> expression EQ expression .)
    DOT             reduce using rule 73 (bin_ops -> expression EQ expression .)
    EQ              reduce using rule 73 (bin_ops -> expression EQ expression .)
    NE              reduce using rule 73 (bin_ops -> expression EQ expression .)
    AND             reduce using rule 73 (bin_ops -> expression EQ expression .)
    OR              reduce using rule 73 (bin_ops -> expression EQ expression .)
    SEMICOLON       reduce using rule 73 (bin_ops -> expression EQ expression .)
    LPAREN          reduce using rule 73 (bin_ops -> expression EQ expression .)
    NOT             reduce using rule 73 (bin_ops -> expression EQ expression .)
    LBRACE          reduce using rule 73 (bin_ops -> expression EQ expression .)
    LAMBDA          reduce using rule 73 (bin_ops -> expression EQ expression .)
    LET             reduce using rule 73 (bin_ops -> expression EQ expression .)
    ID              reduce using rule 73 (bin_ops -> expression EQ expression .)
    DISP            reduce using rule 73 (bin_ops -> expression EQ expression .)
    ENTRY           reduce using rule 73 (bin_ops -> expression EQ expression .)
    IF              reduce using rule 73 (bin_ops -> expression EQ expression .)
    WHILE           reduce using rule 73 (bin_ops -> expression EQ expression .)
    FUNCTION        reduce using rule 73 (bin_ops -> expression EQ expression .)
    FOR             reduce using rule 73 (bin_ops -> expression EQ expression .)
    CONT            reduce using rule 73 (bin_ops -> expression EQ expression .)
    BREAK           reduce using rule 73 (bin_ops -> expression EQ expression .)
    RETURN          reduce using rule 73 (bin_ops -> expression EQ expression .)
    TRY             reduce using rule 73 (bin_ops -> expression EQ expression .)
    THROW           reduce using rule 73 (bin_ops -> expression EQ expression .)
    ASSERT          reduce using rule 73 (bin_ops -> expression EQ expression .)
    ASSERT_EQ       reduce using rule 73 (bin_ops -> expression EQ expression .)
    ATTEMPT         reduce using rule 73 (bin_ops -> expression EQ expression .)
    INT             reduce using rule 73 (bin_ops -> expression EQ expression .)
    STR             reduce using rule 73 (bin_ops -> expression EQ expression .)
    BOOL            reduce using rule 73 (bin_ops -> expression EQ expression .)
    FLOAT           reduce using rule 73 (bin_ops -> expression EQ expression .)
    $end            reduce using rule 73 (bin_ops -> expression EQ expression .)
    RPAREN          reduce using rule 73 (bin_ops -> expression EQ expression .)
    RBRACKET        reduce using rule 73 (bin_ops -> expression EQ expression .)
    COMMA           reduce using rule 73 (bin_ops -> expression EQ expression .)
    COLON           reduce using rule 73 (bin_ops -> expression EQ expression .)
    RBRACE          reduce using rule 73 (bin_ops -> expression EQ expression .)
    OK_CHECK        reduce using rule 73 (bin_ops -> expression EQ expression .)
    FALLBACK        reduce using rule 73 (bin_ops -> expression EQ expression .)
    ADD             shift and go to state 56
    SUB             shift and go to state 57
    MUL             shift and go to state 58
    DIV             shift and go to state 59
    MOD             shift and go to state 60
    POW             shift and go to state 61
    GT              shift and go to state 62
    LT              shift and go to state 63
    GE              shift and go to state 64
    LE              shift and go to state 65

  ! ADD             [ reduce using rule 73 (bin_ops -> expression EQ expression .) ]
  ! SUB             [ reduce using rule 73 (bin_ops -> expression EQ expression .) ]
  ! MUL             [ reduce using rule 73 (bin_ops -> expression EQ expression .) ]
  ! DIV             [ reduce using rule 73 (bin_ops -> expression EQ expression .) ]
  ! MOD             [ reduce using rule 73 (bin_ops -> expression EQ expression .) ]
  ! POW             [ reduce using rule 73 (bin_ops -> expression EQ expression .) ]
  ! GT              [ reduce using rule 73 (bin_ops -> expression EQ expression .) ]
  ! LT              [ reduce using rule 73 (bin_ops -> expression EQ expression .) ]
  ! GE              [ reduce using rule 73 (bin_ops -> expression EQ expression .) ]
  ! LE              [ reduce using rule 73 (bin_ops -> expression EQ expression .) ]
  ! LBRACKET        [ shift and go to state 124 ]
  ! DOT             [ shift and go to state 55 ]
  ! EQ              [ shift and go to state 66 ]
  ! NE              [ shift and go to state 67 ]
  ! AND             [ shift and go to state 68 ]
  ! OR              [ shift and go to state 69 ]


state 120

    (74) bin_ops -> expression NE expression .
    (93) expression -> expression . LBRACKET expression RBRACKET
    (95) expression -> expression . DOT ID LPAREN arg_list RPAREN
    (63) bin_ops -> expression . ADD expression
    (64) bin_ops -> expression . SUB expression
    (65) bin_ops -> expression . MUL expression
    (66) bin_ops -> expression . DIV expression
    (67) bin_ops -> expression . MOD expression
    (68) bin_ops -> expression . POW expression
    (69) bin_ops -> expression . GT expression
    (70) bin_ops -> expression . LT expression
    (71) bin_ops -> expression . GE expression
    (72) bin_ops -> expression . LE expression
    (73) bin_ops -> expression . EQ expression
    (74) bin_ops -> expression . NE expression
    (75) bin_ops -> expression . AND expression
    (76) bin_ops -> expression . OR expression

    LBRACKET        reduce using rule 74 (bin_ops -> expression NE expression .)
    DOT             reduce using rule 74 (bin_ops -> expression NE expression .)
    EQ              reduce using rule 74 (bin_ops -> expression NE expression .)
    NE              reduce using rule 74 (bin_ops -> expression NE expression .)
    AND             reduce using rule 74 (bin_ops -> expression NE expression .)
    OR              reduce using rule 74 (bin_ops -> expression NE expression .)
    SEMICOLON       reduce using rule 74 (bin_ops -> expression NE expression .)
    LPAREN          reduce using rule 74 (bin_ops -> expression NE expression .)
    NOT             reduce using rule 74 (bin_ops -> expression NE expression .)
    LBRACE          reduce using rule 74 (bin_ops -> expression NE expression .)
    LAMBDA          reduce using rule 74 (bin_ops -> expression NE expression .)
    LET             reduce using rule 74 (bin_ops -> expression NE expression .)
    ID              reduce using rule 74 (bin_ops -> expression NE expression .)
    DISP            reduce using rule 74 (bin_ops -> expression NE expression .)
    ENTRY           reduce using rule 74 (bin_ops -> expression NE expression .)
    IF              reduce using rule 74 (bin_ops -> expression NE expression .)
    WHILE           reduce using rule 74 (bin_ops -> expression NE expression .)
    FUNCTION        reduce using rule 74 (bin_ops -> expression NE expression .)
    FOR             reduce using rule 74 (bin_ops -> expression NE expression .)
    CONT            reduce using rule 74 (bin_ops -> expression NE expression .)
    BREAK           reduce using rule 74 (bin_ops -> expression NE expression .)
    RETURN          reduce using rule 74 (bin_ops -> expression NE expression .)
    TRY             reduce using rule 74 (bin_ops -> expression NE expression .)
    THROW           reduce using rule 74 (bin_ops -> expression NE expression .)
    ASSERT          reduce using rule 74 (bin_ops -> expression NE expression .)
    ASSERT_EQ       reduce using rule 74 (bin_ops -> expression NE expression .)
    ATTEMPT         reduce using rule 74 (bin_ops -> expression NE expression .)
    INT             reduce using rule 74 (bin_ops -> expression NE expression .)
    STR             reduce using rule 74 (bin_ops -> expression NE expression .)
    BOOL            reduce using rule 74 (bin_ops -> expression NE expression .)
    FLOAT           reduce using rule 74 (bin_ops -> expression NE expression .)
    $end            reduce using rule 74 (bin_ops -> expression NE expression .)
    RPAREN          reduce using rule 74 (bin_ops -> expression NE expression .)
    RBRACKET        reduce using rule 74 (bin_ops -> expression NE expression .)
    COMMA           reduce using rule 74 (bin_ops -> expression NE expression .)
    COLON           reduce using rule 74 (bin_ops -> expression NE expression .)
    RBRACE          reduce using rule 74 (bin_ops -> expression NE expression .)
    OK_CHECK        reduce using rule 74 (bin_ops -> expression NE expression .)
    FALLBACK        reduce using rule 74 (bin_ops -> expression NE expression .)
    ADD             shift and go to state 56
    SUB             shift and go to state 57
    MUL             shift and go to state 58
    DIV             shift and go to state 59
    MOD             shift and go to state 60
    POW             shift and go to state 61
    GT              shift and go to state 62
    LT              shift and go to state 63
    GE              shift and go to state 64
    LE              shift and go to state 65

  ! ADD             [ reduce using rule 74 (bin_ops -> expression NE expression .) ]
  ! SUB             [ reduce using rule 74 (bin_ops -> expression NE expression .) ]
  ! MUL             [ reduce using rule 74 (bin_ops -> expression NE expression .) ]
  ! DIV             [ reduce using rule 74 (bin_ops -> expression NE expression .) ]
  ! MOD             [ reduce using rule 74 (bin_ops -> expression NE expression .) ]
  ! POW             [ reduce using rule 74 (bin_ops -> expression NE expression .) ]
  ! GT              [ reduce using rule 74 (bin_ops -> expression NE expression .) ]
  ! LT              [ reduce using rule 74 (bin_ops -> expression NE expression .) ]
  ! GE              [ reduce using rule 74 (bin_ops -> expression NE expression .) ]
  ! LE              [ reduce using rule 74 (bin_ops -> expression NE expression .) ]
  ! LBRACKET        [ shift and go to state 124 ]
  ! DOT             [ shift and go to state 55 ]
  ! EQ              [ shift and go to state 66 ]
  ! NE              [ shift and go to state 67 ]
  ! AND             [ shift and go to state 68 ]
  ! OR              [ shift and go to state 69 ]


state 121

    (75) bin_ops -> expression AND expression .
    (93) expression -> expression . LBRACKET expression RBRACKET
    (95) expression -> expression . DOT ID LPAREN arg_list RPAREN
    (63) bin_ops -> expression . ADD expression
    (64) bin_ops -> expression . SUB expression
    (65) bin_ops -> expression . MUL expression
    (66) bin_ops -> expression . DIV expression
    (67) bin_ops -> expression . MOD expression
    (68) bin_ops -> expression . POW expression
    (69) bin_ops -> expression . GT expression
    (70) bin_ops -> expression . LT expression
    (71) bin_ops -> expression . GE expression
    (72) bin_ops -> expression . LE expression
    (73) bin_ops -> expression . EQ expression
    (74) bin_ops -> expression . NE expression
    (75) bin_ops -> expression . AND expression
    (76) bin_ops -> expression . OR expression

  ! shift/reduce conflict for LBRACKET resolved as shift
  ! shift/reduce conflict for DOT resolved as shift
  ! shift/reduce conflict for ADD resolved as shift
  ! shift/reduce conflict for SUB resolved as shift
  ! shift/reduce conflict for MUL resolved as shift
  ! shift/reduce conflict for DIV resolved as shift
  ! shift/reduce conflict for MOD resolved as shift
  ! shift/reduce conflict for POW resolved as shift
  ! shift/reduce conflict for GT resolved as shift
  ! shift/reduce conflict for LT resolved as shift
  ! shift/reduce conflict for GE resolved as shift
  ! shift/reduce conflict for LE resolved as shift
  ! shift/reduce conflict for EQ resolved as shift
  ! shift/reduce conflict for NE resolved as shift
  ! shift/reduce conflict for AND resolved as shift
  ! shift/reduce conflict for OR resolved as shift
    SEMICOLON       reduce using rule 75 (bin_ops -> expression AND expression .)
    LPAREN          reduce using rule 75 (bin_ops -> expression AND expression .)
    NOT             reduce using rule 75 (bin_ops -> expression AND expression .)
    LBRACE          reduce using rule 75 (bin_ops -> expression AND expression .)
    LAMBDA          reduce using rule 75 (bin_ops -> expression AND expression .)
    LET             reduce using rule 75 (bin_ops -> expression AND expression .)
    ID              reduce using rule 75 (bin_ops -> expression AND expression .)
    DISP            reduce using rule 75 (bin_ops -> expression AND expression .)
    ENTRY           reduce using rule 75 (bin_ops -> expression AND expression .)
    IF              reduce using rule 75 (bin_ops -> expression AND expression .)
    WHILE           reduce using rule 75 (bin_ops -> expression AND expression .)
    FUNCTION        reduce using rule 75 (bin_ops -> expression AND expression .)
    FOR             reduce using rule 75 (bin_ops -> expression AND expression .)
    CONT            reduce using rule 75 (bin_ops -> expression AND expression .)
    BREAK           reduce using rule 75 (bin_ops -> expression AND expression .)
    RETURN          reduce using rule 75 (bin_ops -> expression AND expression .)
    TRY             reduce using rule 75 (bin_ops -> expression AND expression .)
    THROW           reduce using rule 75 (bin_ops -> expression AND expression .)
    ASSERT          reduce using rule 75 (bin_ops -> expression AND expression .)
    ASSERT_EQ       reduce using rule 75 (bin_ops -> expression AND expression .)
    ATTEMPT         reduce using rule 75 (bin_ops -> expression AND expression .)
    INT             reduce using rule 75 (bin_ops -> expression AND expression .)
    STR             reduce using rule 75 (bin_ops -> expression AND expression .)
    BOOL            reduce using rule 75 (bin_ops -> expression AND expression .)
    FLOAT           reduce using rule 75 (bin_ops -> expression AND expression .)
    $end            reduce using rule 75 (bin_ops -> expression AND expression .)
    RPAREN          reduce using rule 75 (bin_ops -> expression AND expression .)
    RBRACKET        reduce using rule 75 (bin_ops -> expression AND expression .)
    COMMA           reduce using rule 75 (bin_ops -> expression AND expression .)
    COLON           reduce using rule 75 (bin_ops -> expression AND expression .)
    RBRACE          reduce using rule 75 (bin_ops -> expression AND expression .)
    OK_CHECK        reduce using rule 75 (bin_ops -> expression AND expression .)
    FALLBACK        reduce using rule 75 (bin_ops -> expression AND expression .)
    LBRACKET        shift and go to state 124
    DOT             shift and go to state 55
    ADD             shift and go to state 56
    SUB             shift and go to state 57
    MUL             shift and go to state 58
    DIV             shift and go to state 59
    MOD             shift and go to state 60
    POW             shift and go to state 61
    GT              shift and go to state 62
    LT              shift and go to state 63
    GE              shift and go to state 64
    LE              shift and go to state 65
    EQ              shift and go to state 66
    NE              shift and go to state 67
    AND             shift and go to state 68
    OR              shift and go to state 69

  ! LBRACKET        [ reduce using rule 75 (bin_ops -> expression AND expression .) ]
  ! DOT             [ reduce using rule 75 (bin_ops -> expression AND expression .) ]
  ! ADD             [ reduce using rule 75 (bin_ops -> expression AND expression .) ]
  ! SUB             [ reduce using rule 75 (bin_ops -> expression AND expression .) ]
  ! MUL             [ reduce using rule 75 (bin_ops -> expression AND expression .) ]
  ! DIV             [ reduce using rule 75 (bin_ops -> expression AND expression .) ]
  ! MOD             [ reduce using rule 75 (bin_ops -> expression AND expression .) ]
  ! POW             [ reduce using rule 75 (bin_ops -> expression AND expression .) ]
  ! GT              [ reduce using rule 75 (bin_ops -> expression AND expression .) ]
  ! LT              [ reduce using rule 75 (bin_ops -> expression AND expression .) ]
  ! GE              [ reduce using rule 75 (bin_ops -> expression AND expression .) ]
  ! LE              [ reduce using rule 75 (bin_ops -> expression AND expression .) ]
  ! EQ              [ reduce using rule 75 (bin_ops -> expression AND expression .) ]
  ! NE              [ reduce using rule 75 (bin_ops -> expression AND expression .) ]
  ! AND             [ reduce using rule 75 (bin_ops -> expression AND expression .) ]
  ! OR              [ reduce using rule 75 (bin_ops -> expression AND expression .) ]


state 122

    (76) bin_ops -> expression OR expression .
    (93) expression -> expression . LBRACKET expression RBRACKET
    (95) expression -> expression . DOT ID LPAREN arg_list RPAREN
    (63) bin_ops -> expression . ADD expression
    (64) bin_ops -> expression . SUB expression
    (65) bin_ops -> expression . MUL expression
    (66) bin_ops -> expression . DIV expression
    (67) bin_ops -> expression . MOD expression
    (68) bin_ops -> expression . POW expression
    (69) bin_ops -> expression . GT expression
    (70) bin_ops -> expression . LT expression
    (71) bin_ops -> expression . GE expression
    (72) bin_ops -> expression . LE expression
    (73) bin_ops -> expression . EQ expression
    (74) bin_ops -> expression . NE expression
    (75) bin_ops -> expression . AND expression
    (76) bin_ops -> expression . OR expression

  ! shift/reduce conflict for LBRACKET resolved as shift
  ! shift/reduce conflict for DOT resolved as shift
  ! shift/reduce conflict for ADD resolved as shift
  ! shift/reduce conflict for SUB resolved as shift
  ! shift/reduce conflict for MUL resolved as shift
  ! shift/reduce conflict for DIV resolved as shift
  ! shift/reduce conflict for MOD resolved as shift
  ! shift/reduce conflict for POW resolved as shift
  ! shift/reduce conflict for GT resolved as shift
  ! shift/reduce conflict for LT resolved as shift
  ! shift/reduce conflict for GE resolved as shift
  ! shift/reduce conflict for LE resolved as shift
  ! shift/reduce conflict for EQ resolved as shift
  ! shift/reduce conflict for NE resolved as shift
  ! shift/reduce conflict for AND resolved as shift
  ! shift/reduce conflict for OR resolved as shift
    SEMICOLON       reduce using rule 76 (bin_ops -> expression OR expression .)
    LPAREN          reduce using rule 76 (bin_ops -> expression OR expression .)
    NOT             reduce using rule 76 (bin_ops -> expression OR expression .)
    LBRACE          reduce using rule 76 (bin_ops -> expression OR expression .)
    LAMBDA          reduce using rule 76 (bin_ops -> expression OR expression .)
    LET             reduce using rule 76 (bin_ops -> expression OR expression .)
    ID              reduce using rule 76 (bin_ops -> expression OR expression .)
    DISP            reduce using rule 76 (bin_ops -> expression OR expression .)
    ENTRY           reduce using rule 76 (bin_ops -> expression OR expression .)
    IF              reduce using rule 76 (bin_ops -> expression OR expression .)
    WHILE           reduce using rule 76 (bin_ops -> expression OR expression .)
    FUNCTION        reduce using rule 76 (bin_ops -> expression OR expression .)
    FOR             reduce using rule 76 (bin_ops -> expression OR expression .)
    CONT            reduce using rule 76 (bin_ops -> expression OR expression .)
    BREAK           reduce using rule 76 (bin_ops -> expression OR expression .)
    RETURN          reduce using rule 76 (bin_ops -> expression OR expression .)
    TRY             reduce using rule 76 (bin_ops -> expression OR expression .)
    THROW           reduce using rule 76 (bin_ops -> expression OR expression .)
    ASSERT          reduce using rule 76 (bin_ops -> expression OR expression .)
    ASSERT_EQ       reduce using rule 76 (bin_ops -> expression OR expression .)
    ATTEMPT         reduce using rule 76 (bin_ops -> expression OR expression .)
    INT             reduce using rule 76 (bin_ops -> expression OR expression .)
    STR             reduce using rule 76 (bin_ops -> expression OR expression .)
    BOOL            reduce using rule 76 (bin_ops -> expression OR expression .)
    FLOAT           reduce using rule 76 (bin_ops -> expression OR expression .)
    $end            reduce using rule 76 (bin_ops -> expression OR expression .)
    RPAREN          reduce using rule 76 (bin_ops -> expression OR expression .)
    RBRACKET        reduce using rule 76 (bin_ops -> expression OR expression .)
    COMMA           reduce using rule 76 (bin_ops -> expression OR expression .)
    COLON           reduce using rule 76 (bin_ops -> expression OR expression .)
    RBRACE          reduce using rule 76 (bin_ops -> expression OR expression .)
    OK_CHECK        reduce using rule 76 (bin_ops -> expression OR expression .)
    FALLBACK        reduce using rule 76 (bin_ops -> expression OR expression .)
    LBRACKET        shift and go to state 124
    DOT             shift and go to state 55
    ADD             shift and go to state 56
    SUB             shift and go to state 57
    MUL             shift and go to state 58
    DIV             shift and go to state 59
    MOD             shift and go to state 60
    POW             shift and go to state 61
    GT              shift and go to state 62
    LT              shift and go to state 63
    GE              shift and go to state 64
    LE              shift and go to state 65
    EQ              shift and go to state 66
    NE              shift and go to state 67
    AND             shift and go to state 68
    OR              shift and go to state 69

  ! LBRACKET        [ reduce using rule 76 (bin_ops -> expression OR expression .) ]
  ! DOT             [ reduce using rule 76 (bin_ops -> expression OR expression .) ]
  ! ADD             [ reduce using rule 76 (bin_ops -> expression OR expression .) ]
  ! SUB             [ reduce using rule 76 (bin_ops -> expression OR expression .) ]
  ! MUL             [ reduce using rule 76 (bin_ops -> expression OR expression .) ]
  ! DIV             [ reduce using rule 76 (bin_ops -> expression OR expression .) ]
  ! MOD             [ reduce using rule 76 (bin_ops -> expression OR expression .) ]
  ! POW             [ reduce using rule 76 (bin_ops -> expression OR expression .) ]
  ! GT              [ reduce using rule 76 (bin_ops -> expression OR expression .) ]
  ! LT              [ reduce using rule 76 (bin_ops -> expression OR expression .) ]
  ! GE              [ reduce using rule 76 (bin_ops -> expression OR expression .) ]
  ! LE              [ reduce using rule 76 (bin_ops -> expression OR expression .) ]
  ! EQ              [ reduce using rule 76 (bin_ops -> expression OR expression .) ]
  ! NE              [ reduce using rule 76 (bin_ops -> expression OR expression .) ]
  ! AND             [ reduce using rule 76 (bin_ops -> expression OR expression .) ]
  ! OR              [ reduce using rule 76 (bin_ops -> expression OR expression .) ]


state 123

    (29) expression -> LPAREN expression RPAREN .

    LBRACKET        reduce using rule 29 (expression -> LPAREN expression RPAREN .)
    DOT             reduce using rule 29 (expression -> LPAREN expression RPAREN .)
    ADD             reduce using rule 29 (expression -> LPAREN expression RPAREN .)
    SUB             reduce using rule 29 (expression -> LPAREN expression RPAREN .)
    MUL             reduce using rule 29 (expression -> LPAREN expression RPAREN .)
    DIV             reduce using rule 29 (expression -> LPAREN expression RPAREN .)
    MOD             reduce using rule 29 (expression -> LPAREN expression RPAREN .)
    POW             reduce using rule 29 (expression -> LPAREN expression RPAREN .)
    GT              reduce using rule 29 (expression -> LPAREN expression RPAREN .)
    LT              reduce using rule 29 (expression -> LPAREN expression RPAREN .)
    GE              reduce using rule 29 (expression -> LPAREN expression RPAREN .)
    LE              reduce using rule 29 (expression -> LPAREN expression RPAREN .)
    EQ              reduce using rule 29 (expression -> LPAREN expression RPAREN .)
    NE              reduce using rule 29 (expression -> LPAREN expression RPAREN .)
    AND             reduce using rule 29 (expression -> LPAREN expression RPAREN .)
    OR              reduce using rule 29 (expression -> LPAREN expression RPAREN .)
    SEMICOLON       reduce using rule 29 (expression -> LPAREN expression RPAREN .)
    LPAREN          reduce using rule 29 (expression -> LPAREN expression RPAREN .)
    NOT             reduce using rule 29 (expression -> LPAREN expression RPAREN .)
    LBRACE          reduce using rule 29 (expression -> LPAREN expression RPAREN .)
    LAMBDA          reduce using rule 29 (expression -> LPAREN expression RPAREN .)
    LET             reduce using rule 29 (expression -> LPAREN expression RPAREN .)
    ID              reduce using rule 29 (expression -> LPAREN expression RPAREN .)
    DISP            reduce using rule 29 (expression -> LPAREN expression RPAREN .)
    ENTRY           reduce using rule 29 (expression -> LPAREN expression RPAREN .)
    IF              reduce using rule 29 (expression -> LPAREN expression RPAREN .)
    WHILE           reduce using rule 29 (expression -> LPAREN expression RPAREN .)
    FUNCTION        reduce using rule 29 (expression -> LPAREN expression RPAREN .)
    FOR             reduce using rule 29 (expression -> LPAREN expression RPAREN .)
    CONT            reduce using rule 29 (expression -> LPAREN expression RPAREN .)
    BREAK           reduce using rule 29 (expression -> LPAREN expression RPAREN .)
    RETURN          reduce using rule 29 (expression -> LPAREN expression RPAREN .)
    TRY             reduce using rule 29 (expression -> LPAREN expression RPAREN .)
    THROW           reduce using rule 29 (expression -> LPAREN expression RPAREN .)
    ASSERT          reduce using rule 29 (expression -> LPAREN expression RPAREN .)
    ASSERT_EQ       reduce using rule 29 (expression -> LPAREN expression RPAREN .)
    ATTEMPT         reduce using rule 29 (expression -> LPAREN expression RPAREN .)
    INT             reduce using rule 29 (expression -> LPAREN expression RPAREN .)
    STR             reduce using rule 29 (expression -> LPAREN expression RPAREN .)
    BOOL            reduce using rule 29 (expression -> LPAREN expression RPAREN .)
    FLOAT           reduce using rule 29 (expression -> LPAREN expression RPAREN .)
    $end            reduce using rule 29 (expression -> LPAREN expression RPAREN .)
    RPAREN          reduce using rule 29 (expression -> LPAREN expression RPAREN .)
    RBRACKET        reduce using rule 29 (expression -> LPAREN expression RPAREN .)
    COMMA           reduce using rule 29 (expression -> LPAREN expression RPAREN .)
    COLON           reduce using rule 29 (expression -> LPAREN expression RPAREN .)
    RBRACE          reduce using rule 29 (expression -> LPAREN expression RPAREN .)
    OK_CHECK        reduce using rule 29 (expression -> LPAREN expression RPAREN .)
    FALLBACK        reduce using rule 29 (expression -> LPAREN expression RPAREN .)


state 124

    (93) expression -> expression LBRACKET . expression RBRACKET
    (27) expression -> . variable
    (28) expression -> . bin_ops
    (29) expression -> . LPAREN expression RPAREN
    (45) expression -> . NOT expression
    (46) expression -> . SUB expression
    (62) expression -> . call_stmt
    (91) expression -> . LBRACKET args RBRACKET
    (92) expression -> . LBRACKET empty RBRACKET
    (93) expression -> . expression LBRACKET expression RBRACKET
    (95) expression -> . expression DOT ID LPAREN arg_list RPAREN
    (96) expression -> . LBRACE hash_elements RBRACE
    (97) expression -> . LBRACE empty RBRACE
    (115) expression -> . LAMBDA LPAREN params RPAREN COLON type ARROW expression
    (116) expression -> . LAMBDA LPAREN params RPAREN ARROW expression
    (117) expression -> . LAMBDA LPAREN RPAREN ARROW expression
    (30) variable -> . INT
    (31) variable -> . STR
    (32) variable -> . BOOL
    (33) variable -> . ID
    (34) variable -> . FLOAT
    (63) bin_ops -> . expression ADD expression
    (64) bin_ops -> . expression SUB expression
    (65) bin_ops -> . expression MUL expression
    (66) bin_ops -> . expression DIV expression
    (67) bin_ops -> . expression MOD expression
    (68) bin_ops -> . expression POW expression
    (69) bin_ops -> . expression GT expression
    (70) bin_ops -> . expression LT expression
    (71) bin_ops -> . expression GE expression
    (72) bin_ops -> . expression LE expression
    (73) bin_ops -> . expression EQ expression
    (74) bin_ops -> . expression NE expression
    (75) bin_ops -> . expression AND expression
    (76) bin_ops -> . expression OR expression
    (61) call_stmt -> . ID LPAREN arg_list RPAREN

    LPAREN          shift and go to state 26
    NOT             shift and go to state 27
    SUB             shift and go to state 28
    LBRACKET        shift and go to state 29
    LBRACE          shift and go to state 75
    LAMBDA          shift and go to state 32
    INT             shift and go to state 48
    STR             shift and go to state 49
    BOOL            shift and go to state 50
    ID              shift and go to state 74
    FLOAT           shift and go to state 51

    expression                     shift and go to state 167
    variable                       shift and go to state 24
    bin_ops                        shift and go to state 25
    call_stmt                      shift and go to state 73

state 125

    (97) expression -> LBRACE empty . RBRACE

    RBRACE          shift and go to state 136


state 126

    (98) hash_element -> expression . COLON expression
    (93) expression -> expression . LBRACKET expression RBRACKET
    (95) expression -> expression . DOT ID LPAREN arg_list RPAREN
    (63) bin_ops -> expression . ADD expression
    (64) bin_ops -> expression . SUB expression
    (65) bin_ops -> expression . MUL expression
    (66) bin_ops -> expression . DIV expression
    (67) bin_ops -> expression . MOD expression
    (68) bin_ops -> expression . POW expression
    (69) bin_ops -> expression . GT expression
    (70) bin_ops -> expression . LT expression
    (71) bin_ops -> expression . GE expression
    (72) bin_ops -> expression . LE expression
    (73) bin_ops -> expression . EQ expression
    (74) bin_ops -> expression . NE expression
    (75) bin_ops -> expression . AND expression
    (76) bin_ops -> expression . OR expression

    COLON           shift and go to state 138
    LBRACKET        shift and go to state 124
    DOT             shift and go to state 55
    ADD             shift and go to state 56
    SUB             shift and go to state 57
    MUL             shift and go to state 58
    DIV             shift and go to state 59
    MOD             shift and go to state 60
    POW             shift and go to state 61
    GT              shift and go to state 62
    LT              shift and go to state 63
    GE              shift and go to state 64
    LE              shift and go to state 65
    EQ              shift and go to state 66
    NE              shift and go to state 67
    AND             shift and go to state 68
    OR              shift and go to state 69


state 127

    (91) expression -> LBRACKET args RBRACKET .

    LBRACKET        reduce using rule 91 (expression -> LBRACKET args RBRACKET .)
    DOT             reduce using rule 91 (expression -> LBRACKET args RBRACKET .)
    ADD             reduce using rule 91 (expression -> LBRACKET args RBRACKET .)
    SUB             reduce using rule 91 (expression -> LBRACKET args RBRACKET .)
    MUL             reduce using rule 91 (expression -> LBRACKET args RBRACKET .)
    DIV             reduce using rule 91 (expression -> LBRACKET args RBRACKET .)
    MOD             reduce using rule 91 (expression -> LBRACKET args RBRACKET .)
    POW             reduce using rule 91 (expression -> LBRACKET args RBRACKET .)
    GT              reduce using rule 91 (expression -> LBRACKET args RBRACKET .)
    LT              reduce using rule 91 (expression -> LBRACKET args RBRACKET .)
    GE              reduce using rule 91 (expression -> LBRACKET args RBRACKET .)
    LE              reduce using rule 91 (expression -> LBRACKET args RBRACKET .)
    EQ              reduce using rule 91 (expression -> LBRACKET args RBRACKET .)
    NE              reduce using rule 91 (expression -> LBRACKET args RBRACKET .)
    AND             reduce using rule 91 (expression -> LBRACKET args RBRACKET .)
    OR              reduce using rule 91 (expression -> LBRACKET args RBRACKET .)
    SEMICOLON       reduce using rule 91 (expression -> LBRACKET args RBRACKET .)
    LPAREN          reduce using rule 91 (expression -> LBRACKET args RBRACKET .)
    NOT             reduce using rule 91 (expression -> LBRACKET args RBRACKET .)
    LBRACE          reduce using rule 91 (expression -> LBRACKET args RBRACKET .)
    LAMBDA          reduce using rule 91 (expression -> LBRACKET args RBRACKET .)
    LET             reduce using rule 91 (expression -> LBRACKET args RBRACKET .)
    ID              reduce using rule 91 (expression -> LBRACKET args RBRACKET .)
    DISP            reduce using rule 91 (expression -> LBRACKET args RBRACKET .)
    ENTRY           reduce using rule 91 (expression -> LBRACKET args RBRACKET .)
    IF              reduce using rule 91 (expression -> LBRACKET args RBRACKET .)
    WHILE           reduce using rule 91 (expression -> LBRACKET args RBRACKET .)
    FUNCTION        reduce using rule 91 (expression -> LBRACKET args RBRACKET .)
    FOR             reduce using rule 91 (expression -> LBRACKET args RBRACKET .)
    CONT            reduce using rule 91 (expression -> LBRACKET args RBRACKET .)
    BREAK           reduce using rule 91 (expression -> LBRACKET args RBRACKET .)
    RETURN          reduce using rule 91 (expression -> LBRACKET args RBRACKET .)
    TRY             reduce using rule 91 (expression -> LBRACKET args RBRACKET .)
    THROW           reduce using rule 91 (expression -> LBRACKET args RBRACKET .)
    ASSERT          reduce using rule 91 (expression -> LBRACKET args RBRACKET .)
    ASSERT_EQ       reduce using rule 91 (expression -> LBRACKET args RBRACKET .)
    ATTEMPT         reduce using rule 91 (expression -> LBRACKET args RBRACKET .)
    INT             reduce using rule 91 (expression -> LBRACKET args RBRACKET .)
    STR             reduce using rule 91 (expression -> LBRACKET args RBRACKET .)
    BOOL            reduce using rule 91 (expression -> LBRACKET args RBRACKET .)
    FLOAT           reduce using rule 91 (expression -> LBRACKET args RBRACKET .)
    $end            reduce using rule 91 (expression -> LBRACKET args RBRACKET .)
    RPAREN          reduce using rule 91 (expression -> LBRACKET args RBRACKET .)
    RBRACKET        reduce using rule 91 (expression -> LBRACKET args RBRACKET .)
    COMMA           reduce using rule 91 (expression -> LBRACKET args RBRACKET .)
    COLON           reduce using rule 91 (expression -> LBRACKET args RBRACKET .)
    RBRACE          reduce using rule 91 (expression -> LBRACKET args RBRACKET .)
    OK_CHECK        reduce using rule 91 (expression -> LBRACKET args RBRACKET .)
    FALLBACK        reduce using rule 91 (expression -> LBRACKET args RBRACKET .)


state 128

    (58) args -> args COMMA . expression
    (27) expression -> . variable
    (28) expression -> . bin_ops
    (29) expression -> . LPAREN expression RPAREN
    (45) expression -> . NOT expression
    (46) expression -> . SUB expression
    (62) expression -> . call_stmt
    (91) expression -> . LBRACKET args RBRACKET
    (92) expression -> . LBRACKET empty RBRACKET
    (93) expression -> . expression LBRACKET expression RBRACKET
    (95) expression -> . expression DOT ID LPAREN arg_list RPAREN
    (96) expression -> . LBRACE hash_elements RBRACE
    (97) expression -> . LBRACE empty RBRACE
    (115) expression -> . LAMBDA LPAREN params RPAREN COLON type ARROW expression
    (116) expression -> . LAMBDA LPAREN params RPAREN ARROW expression
    (117) expression -> . LAMBDA LPAREN RPAREN ARROW expression
    (30) variable -> . INT
    (31) variable -> . STR
    (32) variable -> . BOOL
    (33) variable -> . ID
    (34) variable -> . FLOAT
    (63) bin_ops -> . expression ADD expression
    (64) bin_ops -> . expression SUB expression
    (65) bin_ops -> . expression MUL expression
    (66) bin_ops -> . expression DIV expression
    (67) bin_ops -> . expression MOD expression
    (68) bin_ops -> . expression POW expression
    (69) bin_ops -> . expression GT expression
    (70) bin_ops -> . expression LT expression
    (71) bin_ops -> . expression GE expression
    (72) bin_ops -> . expression LE expression
    (73) bin_ops -> . expression EQ expression
    (74) bin_ops -> . expression NE expression
    (75) bin_ops -> . expression AND expression
    (76) bin_ops -> . expression OR expression
    (61) call_stmt -> . ID LPAREN arg_list RPAREN

    LPAREN          shift and go to state 26
    NOT             shift and go to state 27
    SUB             shift and go to state 28
    LBRACKET        shift and go to state 29
    LBRACE          shift and go to state 75
    LAMBDA          shift and go to state 32
    INT             shift and go to state 48
    STR             shift and go to state 49
    BOOL            shift and go to state 50
    ID              shift and go to state 74
    FLOAT           shift and go to state 51

    expression                     shift and go to state 168
    variable                       shift and go to state 24
    bin_ops                        shift and go to state 25
    call_stmt                      shift and go to state 73

state 129

    (92) expression -> LBRACKET empty RBRACKET .

    LBRACKET        reduce using rule 92 (expression -> LBRACKET empty RBRACKET .)
    DOT             reduce using rule 92 (expression -> LBRACKET empty RBRACKET .)
    ADD             reduce using rule 92 (expression -> LBRACKET empty RBRACKET .)
    SUB             reduce using rule 92 (expression -> LBRACKET empty RBRACKET .)
    MUL             reduce using rule 92 (expression -> LBRACKET empty RBRACKET .)
    DIV             reduce using rule 92 (expression -> LBRACKET empty RBRACKET .)
    MOD             reduce using rule 92 (expression -> LBRACKET empty RBRACKET .)
    POW             reduce using rule 92 (expression -> LBRACKET empty RBRACKET .)
    GT              reduce using rule 92 (expression -> LBRACKET empty RBRACKET .)
    LT              reduce using rule 92 (expression -> LBRACKET empty RBRACKET .)
    GE              reduce using rule 92 (expression -> LBRACKET empty RBRACKET .)
    LE              reduce using rule 92 (expression -> LBRACKET empty RBRACKET .)
    EQ              reduce using rule 92 (expression -> LBRACKET empty RBRACKET .)
    NE              reduce using rule 92 (expression -> LBRACKET empty RBRACKET .)
    AND             reduce using rule 92 (expression -> LBRACKET empty RBRACKET .)
    OR              reduce using rule 92 (expression -> LBRACKET empty RBRACKET .)
    SEMICOLON       reduce using rule 92 (expression -> LBRACKET empty RBRACKET .)
    LPAREN          reduce using rule 92 (expression -> LBRACKET empty RBRACKET .)
    NOT             reduce using rule 92 (expression -> LBRACKET empty RBRACKET .)
    LBRACE          reduce using rule 92 (expression -> LBRACKET empty RBRACKET .)
    LAMBDA          reduce using rule 92 (expression -> LBRACKET empty RBRACKET .)
    LET             reduce using rule 92 (expression -> LBRACKET empty RBRACKET .)
    ID              reduce using rule 92 (expression -> LBRACKET empty RBRACKET .)
    DISP            reduce using rule 92 (expression -> LBRACKET empty RBRACKET .)
    ENTRY           reduce using rule 92 (expression -> LBRACKET empty RBRACKET .)
    IF              reduce using rule 92 (expression -> LBRACKET empty RBRACKET .)
    WHILE           reduce using rule 92 (expression -> LBRACKET empty RBRACKET .)
    FUNCTION        reduce using rule 92 (expression -> LBRACKET empty RBRACKET .)
    FOR             reduce using rule 92 (expression -> LBRACKET empty RBRACKET .)
    CONT            reduce using rule 92 (expression -> LBRACKET empty RBRACKET .)
    BREAK           reduce using rule 92 (expression -> LBRACKET empty RBRACKET .)
    RETURN          reduce using rule 92 (expression -> LBRACKET empty RBRACKET .)
    TRY             reduce using rule 92 (expression -> LBRACKET empty RBRACKET .)
    THROW           reduce using rule 92 (expression -> LBRACKET empty RBRACKET .)
    ASSERT          reduce using rule 92 (expression -> LBRACKET empty RBRACKET .)
    ASSERT_EQ       reduce using rule 92 (expression -> LBRACKET empty RBRACKET .)
    ATTEMPT         reduce using rule 92 (expression -> LBRACKET empty RBRACKET .)
    INT             reduce using rule 92 (expression -> LBRACKET empty RBRACKET .)
    STR             reduce using rule 92 (expression -> LBRACKET empty RBRACKET .)
    BOOL            reduce using rule 92 (expression -> LBRACKET empty RBRACKET .)
    FLOAT           reduce using rule 92 (expression -> LBRACKET empty RBRACKET .)
    $end            reduce using rule 92 (expression -> LBRACKET empty RBRACKET .)
    RPAREN          reduce using rule 92 (expression -> LBRACKET empty RBRACKET .)
    RBRACKET        reduce using rule 92 (expression -> LBRACKET empty RBRACKET .)
    COMMA           reduce using rule 92 (expression -> LBRACKET empty RBRACKET .)
    COLON           reduce using rule 92 (expression -> LBRACKET empty RBRACKET .)
    RBRACE          reduce using rule 92 (expression -> LBRACKET empty RBRACKET .)
    OK_CHECK        reduce using rule 92 (expression -> LBRACKET empty RBRACKET .)
    FALLBACK        reduce using rule 92 (expression -> LBRACKET empty RBRACKET .)


state 130

    (90) assign_stmt -> ID ASSIGN expression . optional_semicolon
    (93) expression -> expression . LBRACKET expression RBRACKET
    (95) expression -> expression . DOT ID LPAREN arg_list RPAREN
    (63) bin_ops -> expression . ADD expression
    (64) bin_ops -> expression . SUB expression
    (65) bin_ops -> expression . MUL expression
    (66) bin_ops -> expression . DIV expression
    (67) bin_ops -> expression . MOD expression
    (68) bin_ops -> expression . POW expression
    (69) bin_ops -> expression . GT expression
    (70) bin_ops -> expression . LT expression
    (71) bin_ops -> expression . GE expression
    (72) bin_ops -> expression . LE expression
    (73) bin_ops -> expression . EQ expression
    (74) bin_ops -> expression . NE expression
    (75) bin_ops -> expression . AND expression
    (76) bin_ops -> expression . OR expression
    (119) optional_semicolon -> . SEMICOLON
    (120) optional_semicolon -> . empty
    (118) empty -> .

  ! shift/reduce conflict for SUB resolved as shift
  ! shift/reduce conflict for LBRACKET resolved as shift
    LBRACKET        shift and go to state 124
    DOT             shift and go to state 55
    ADD             shift and go to state 56
    SUB             shift and go to state 57
    MUL             shift and go to state 58
    DIV             shift and go to state 59
    MOD             shift and go to state 60
    POW             shift and go to state 61
    GT              shift and go to state 62
    LT              shift and go to state 63
    GE              shift and go to state 64
    LE              shift and go to state 65
    EQ              shift and go to state 66
    NE              shift and go to state 67
    AND             shift and go to state 68
    OR              shift and go to state 69
    SEMICOLON       shift and go to state 70
    LPAREN          reduce using rule 118 (empty -> .)
    NOT             reduce using rule 118 (empty -> .)
    LBRACE          reduce using rule 118 (empty -> .)
    LAMBDA          reduce using rule 118 (empty -> .)
    LET             reduce using rule 118 (empty -> .)
    ID              reduce using rule 118 (empty -> .)
    DISP            reduce using rule 118 (empty -> .)
    ENTRY           reduce using rule 118 (empty -> .)
    IF              reduce using rule 118 (empty -> .)
    WHILE           reduce using rule 118 (empty -> .)
    FUNCTION        reduce using rule 118 (empty -> .)
    FOR             reduce using rule 118 (empty -> .)
    CONT            reduce using rule 118 (empty -> .)
    BREAK           reduce using rule 118 (empty -> .)
    RETURN          reduce using rule 118 (empty -> .)
    TRY             reduce using rule 118 (empty -> .)
    THROW           reduce using rule 118 (empty -> .)
    ASSERT          reduce using rule 118 (empty -> .)
    ASSERT_EQ       reduce using rule 118 (empty -> .)
    ATTEMPT         reduce using rule 118 (empty -> .)
    INT             reduce using rule 118 (empty -> .)
    STR             reduce using rule 118 (empty -> .)
    BOOL            reduce using rule 118 (empty -> .)
    FLOAT           reduce using rule 118 (empty -> .)
    $end            reduce using rule 118 (empty -> .)
    RBRACE          reduce using rule 118 (empty -> .)
    OK_CHECK        reduce using rule 118 (empty -> .)
    RPAREN          reduce using rule 118 (empty -> .)
    FALLBACK        reduce using rule 118 (empty -> .)

  ! SUB             [ reduce using rule 118 (empty -> .) ]
  ! LBRACKET        [ reduce using rule 118 (empty -> .) ]

    optional_semicolon             shift and go to state 169
    empty                          shift and go to state 71

state 131

    (61) call_stmt -> ID LPAREN arg_list . RPAREN

    RPAREN          shift and go to state 170


state 132

    (59) arg_list -> args .
    (58) args -> args . COMMA expression

    RPAREN          reduce using rule 59 (arg_list -> args .)
    COMMA           shift and go to state 128


state 133

    (60) arg_list -> empty .

    RPAREN          reduce using rule 60 (arg_list -> empty .)


state 134

    (96) expression -> LBRACE hash_elements RBRACE .

    LBRACKET        reduce using rule 96 (expression -> LBRACE hash_elements RBRACE .)
    DOT             reduce using rule 96 (expression -> LBRACE hash_elements RBRACE .)
    ADD             reduce using rule 96 (expression -> LBRACE hash_elements RBRACE .)
    SUB             reduce using rule 96 (expression -> LBRACE hash_elements RBRACE .)
    MUL             reduce using rule 96 (expression -> LBRACE hash_elements RBRACE .)
    DIV             reduce using rule 96 (expression -> LBRACE hash_elements RBRACE .)
    MOD             reduce using rule 96 (expression -> LBRACE hash_elements RBRACE .)
    POW             reduce using rule 96 (expression -> LBRACE hash_elements RBRACE .)
    GT              reduce using rule 96 (expression -> LBRACE hash_elements RBRACE .)
    LT              reduce using rule 96 (expression -> LBRACE hash_elements RBRACE .)
    GE              reduce using rule 96 (expression -> LBRACE hash_elements RBRACE .)
    LE              reduce using rule 96 (expression -> LBRACE hash_elements RBRACE .)
    EQ              reduce using rule 96 (expression -> LBRACE hash_elements RBRACE .)
    NE              reduce using rule 96 (expression -> LBRACE hash_elements RBRACE .)
    AND             reduce using rule 96 (expression -> LBRACE hash_elements RBRACE .)
    OR              reduce using rule 96 (expression -> LBRACE hash_elements RBRACE .)
    SEMICOLON       reduce using rule 96 (expression -> LBRACE hash_elements RBRACE .)
    LPAREN          reduce using rule 96 (expression -> LBRACE hash_elements RBRACE .)
    NOT             reduce using rule 96 (expression -> LBRACE hash_elements RBRACE .)
    LBRACE          reduce using rule 96 (expression -> LBRACE hash_elements RBRACE .)
    LAMBDA          reduce using rule 96 (expression -> LBRACE hash_elements RBRACE .)
    LET             reduce using rule 96 (expression -> LBRACE hash_elements RBRACE .)
    ID              reduce using rule 96 (expression -> LBRACE hash_elements RBRACE .)
    DISP            reduce using rule 96 (expression -> LBRACE hash_elements RBRACE .)
    ENTRY           reduce using rule 96 (expression -> LBRACE hash_elements RBRACE .)
    IF              reduce using rule 96 (expression -> LBRACE hash_elements RBRACE .)
    WHILE           reduce using rule 96 (expression -> LBRACE hash_elements RBRACE .)
    FUNCTION        reduce using rule 96 (expression -> LBRACE hash_elements RBRACE .)
    FOR             reduce using rule 96 (expression -> LBRACE hash_elements RBRACE .)
    CONT            reduce using rule 96 (expression -> LBRACE hash_elements RBRACE .)
    BREAK           reduce using rule 96 (expression -> LBRACE hash_elements RBRACE .)
    RETURN          reduce using rule 96 (expression -> LBRACE hash_elements RBRACE .)
    TRY             reduce using rule 96 (expression -> LBRACE hash_elements RBRACE .)
    THROW           reduce using rule 96 (expression -> LBRACE hash_elements RBRACE .)
    ASSERT          reduce using rule 96 (expression -> LBRACE hash_elements RBRACE .)
    ASSERT_EQ       reduce using rule 96 (expression -> LBRACE hash_elements RBRACE .)
    ATTEMPT         reduce using rule 96 (expression -> LBRACE hash_elements RBRACE .)
    INT             reduce using rule 96 (expression -> LBRACE hash_elements RBRACE .)
    STR             reduce using rule 96 (expression -> LBRACE hash_elements RBRACE .)
    BOOL            reduce using rule 96 (expression -> LBRACE hash_elements RBRACE .)
    FLOAT           reduce using rule 96 (expression -> LBRACE hash_elements RBRACE .)
    $end            reduce using rule 96 (expression -> LBRACE hash_elements RBRACE .)
    RPAREN          reduce using rule 96 (expression -> LBRACE hash_elements RBRACE .)
    RBRACKET        reduce using rule 96 (expression -> LBRACE hash_elements RBRACE .)
    COMMA           reduce using rule 96 (expression -> LBRACE hash_elements RBRACE .)
    COLON           reduce using rule 96 (expression -> LBRACE hash_elements RBRACE .)
    RBRACE          reduce using rule 96 (expression -> LBRACE hash_elements RBRACE .)
    OK_CHECK        reduce using rule 96 (expression -> LBRACE hash_elements RBRACE .)
    FALLBACK        reduce using rule 96 (expression -> LBRACE hash_elements RBRACE .)


state 135

    (100) hash_elements -> hash_elements COMMA . hash_element
    (98) hash_element -> . expression COLON expression
    (27) expression -> . variable
    (28) expression -> . bin_ops
    (29) expression -> . LPAREN expression RPAREN
    (45) expression -> . NOT expression
    (46) expression -> . SUB expression
    (62) expression -> . call_stmt
    (91) expression -> . LBRACKET args RBRACKET
    (92) expression -> . LBRACKET empty RBRACKET
    (93) expression -> . expression LBRACKET expression RBRACKET
    (95) expression -> . expression DOT ID LPAREN arg_list RPAREN
    (96) expression -> . LBRACE hash_elements RBRACE
    (97) expression -> . LBRACE empty RBRACE
    (115) expression -> . LAMBDA LPAREN params RPAREN COLON type ARROW expression
    (116) expression -> . LAMBDA LPAREN params RPAREN ARROW expression
    (117) expression -> . LAMBDA LPAREN RPAREN ARROW expression
    (30) variable -> . INT
    (31) variable -> . STR
    (32) variable -> . BOOL
    (33) variable -> . ID
    (34) variable -> . FLOAT
    (63) bin_ops -> . expression ADD expression
    (64) bin_ops -> . expression SUB expression
    (65) bin_ops -> . expression MUL expression
    (66) bin_ops -> . expression DIV expression
    (67) bin_ops -> . expression MOD expression
    (68) bin_ops -> . expression POW expression
    (69) bin_ops -> . expression GT expression
    (70) bin_ops -> . expression LT expression
    (71) bin_ops -> . expression GE expression
    (72) bin_ops -> . expression LE expression
    (73) bin_ops -> . expression EQ expression
    (74) bin_ops -> . expression NE expression
    (75) bin_ops -> . expression AND expression
    (76) bin_ops -> . expression OR expression
    (61) call_stmt -> . ID LPAREN arg_list RPAREN

    LPAREN          shift and go to state 26
    NOT             shift and go to state 27
    SUB             shift and go to state 28
    LBRACKET        shift and go to state 29
    LBRACE          shift and go to state 75
    LAMBDA          shift and go to state 32
    INT             shift and go to state 48
    STR             shift and go to state 49
    BOOL            shift and go to state 50
    ID              shift and go to state 74
    FLOAT           shift and go to state 51

    hash_element                   shift and go to state 171
    expression                     shift and go to state 126
    variable                       shift and go to state 24
    bin_ops                        shift and go to state 25
    call_stmt                      shift and go to state 73

state 136

    (97) expression -> LBRACE empty RBRACE .

    LBRACKET        reduce using rule 97 (expression -> LBRACE empty RBRACE .)
    DOT             reduce using rule 97 (expression -> LBRACE empty RBRACE .)
    ADD             reduce using rule 97 (expression -> LBRACE empty RBRACE .)
    SUB             reduce using rule 97 (expression -> LBRACE empty RBRACE .)
    MUL             reduce using rule 97 (expression -> LBRACE empty RBRACE .)
    DIV             reduce using rule 97 (expression -> LBRACE empty RBRACE .)
    MOD             reduce using rule 97 (expression -> LBRACE empty RBRACE .)
    POW             reduce using rule 97 (expression -> LBRACE empty RBRACE .)
    GT              reduce using rule 97 (expression -> LBRACE empty RBRACE .)
    LT              reduce using rule 97 (expression -> LBRACE empty RBRACE .)
    GE              reduce using rule 97 (expression -> LBRACE empty RBRACE .)
    LE              reduce using rule 97 (expression -> LBRACE empty RBRACE .)
    EQ              reduce using rule 97 (expression -> LBRACE empty RBRACE .)
    NE              reduce using rule 97 (expression -> LBRACE empty RBRACE .)
    AND             reduce using rule 97 (expression -> LBRACE empty RBRACE .)
    OR              reduce using rule 97 (expression -> LBRACE empty RBRACE .)
    SEMICOLON       reduce using rule 97 (expression -> LBRACE empty RBRACE .)
    LPAREN          reduce using rule 97 (expression -> LBRACE empty RBRACE .)
    NOT             reduce using rule 97 (expression -> LBRACE empty RBRACE .)
    LBRACE          reduce using rule 97 (expression -> LBRACE empty RBRACE .)
    LAMBDA          reduce using rule 97 (expression -> LBRACE empty RBRACE .)
    LET             reduce using rule 97 (expression -> LBRACE empty RBRACE .)
    ID              reduce using rule 97 (expression -> LBRACE empty RBRACE .)
    DISP            reduce using rule 97 (expression -> LBRACE empty RBRACE .)
    ENTRY           reduce using rule 97 (expression -> LBRACE empty RBRACE .)
    IF              reduce using rule 97 (expression -> LBRACE empty RBRACE .)
    WHILE           reduce using rule 97 (expression -> LBRACE empty RBRACE .)
    FUNCTION        reduce using rule 97 (expression -> LBRACE empty RBRACE .)
    FOR             reduce using rule 97 (expression -> LBRACE empty RBRACE .)
    CONT            reduce using rule 97 (expression -> LBRACE empty RBRACE .)
    BREAK           reduce using rule 97 (expression -> LBRACE empty RBRACE .)
    RETURN          reduce using rule 97 (expression -> LBRACE empty RBRACE .)
    TRY             reduce using rule 97 (expression -> LBRACE empty RBRACE .)
    THROW           reduce using rule 97 (expression -> LBRACE empty RBRACE .)
    ASSERT          reduce using rule 97 (expression -> LBRACE empty RBRACE .)
    ASSERT_EQ       reduce using rule 97 (expression -> LBRACE empty RBRACE .)
    ATTEMPT         reduce using rule 97 (expression -> LBRACE empty RBRACE .)
    INT             reduce using rule 97 (expression -> LBRACE empty RBRACE .)
    STR             reduce using rule 97 (expression -> LBRACE empty RBRACE .)
    BOOL            reduce using rule 97 (expression -> LBRACE empty RBRACE .)
    FLOAT           reduce using rule 97 (expression -> LBRACE empty RBRACE .)
    $end            reduce using rule 97 (expression -> LBRACE empty RBRACE .)
    RPAREN          reduce using rule 97 (expression -> LBRACE empty RBRACE .)
    RBRACKET        reduce using rule 97 (expression -> LBRACE empty RBRACE .)
    COMMA           reduce using rule 97 (expression -> LBRACE empty RBRACE .)
    COLON           reduce using rule 97 (expression -> LBRACE empty RBRACE .)
    RBRACE          reduce using rule 97 (expression -> LBRACE empty RBRACE .)
    OK_CHECK        reduce using rule 97 (expression -> LBRACE empty RBRACE .)
    FALLBACK        reduce using rule 97 (expression -> LBRACE empty RBRACE .)


state 137

    (35) block -> LBRACE statements RBRACE .

    LPAREN          reduce using rule 35 (block -> LBRACE statements RBRACE .)
    NOT             reduce using rule 35 (block -> LBRACE statements RBRACE .)
    SUB             reduce using rule 35 (block -> LBRACE statements RBRACE .)
    LBRACKET        reduce using rule 35 (block -> LBRACE statements RBRACE .)
    LBRACE          reduce using rule 35 (block -> LBRACE statements RBRACE .)
    LAMBDA          reduce using rule 35 (block -> LBRACE statements RBRACE .)
    LET             reduce using rule 35 (block -> LBRACE statements RBRACE .)
    ID              reduce using rule 35 (block -> LBRACE statements RBRACE .)
    DISP            reduce using rule 35 (block -> LBRACE statements RBRACE .)
    ENTRY           reduce using rule 35 (block -> LBRACE statements RBRACE .)
    IF              reduce using rule 35 (block -> LBRACE statements RBRACE .)
    WHILE           reduce using rule 35 (block -> LBRACE statements RBRACE .)
    FUNCTION        reduce using rule 35 (block -> LBRACE statements RBRACE .)
    FOR             reduce using rule 35 (block -> LBRACE statements RBRACE .)
    CONT            reduce using rule 35 (block -> LBRACE statements RBRACE .)
    BREAK           reduce using rule 35 (block -> LBRACE statements RBRACE .)
    RETURN          reduce using rule 35 (block -> LBRACE statements RBRACE .)
    TRY             reduce using rule 35 (block -> LBRACE statements RBRACE .)
    THROW           reduce using rule 35 (block -> LBRACE statements RBRACE .)
    ASSERT          reduce using rule 35 (block -> LBRACE statements RBRACE .)
    ASSERT_EQ       reduce using rule 35 (block -> LBRACE statements RBRACE .)
    ATTEMPT         reduce using rule 35 (block -> LBRACE statements RBRACE .)
    INT             reduce using rule 35 (block -> LBRACE statements RBRACE .)
    STR             reduce using rule 35 (block -> LBRACE statements RBRACE .)
    BOOL            reduce using rule 35 (block -> LBRACE statements RBRACE .)
    FLOAT           reduce using rule 35 (block -> LBRACE statements RBRACE .)
    $end            reduce using rule 35 (block -> LBRACE statements RBRACE .)
    RBRACE          reduce using rule 35 (block -> LBRACE statements RBRACE .)
    ELSE            reduce using rule 35 (block -> LBRACE statements RBRACE .)
    OK_CHECK        reduce using rule 35 (block -> LBRACE statements RBRACE .)
    RPAREN          reduce using rule 35 (block -> LBRACE statements RBRACE .)
    FALLBACK        reduce using rule 35 (block -> LBRACE statements RBRACE .)


state 138

    (98) hash_element -> expression COLON . expression
    (27) expression -> . variable
    (28) expression -> . bin_ops
    (29) expression -> . LPAREN expression RPAREN
    (45) expression -> . NOT expression
    (46) expression -> . SUB expression
    (62) expression -> . call_stmt
    (91) expression -> . LBRACKET args RBRACKET
    (92) expression -> . LBRACKET empty RBRACKET
    (93) expression -> . expression LBRACKET expression RBRACKET
    (95) expression -> . expression DOT ID LPAREN arg_list RPAREN
    (96) expression -> . LBRACE hash_elements RBRACE
    (97) expression -> . LBRACE empty RBRACE
    (115) expression -> . LAMBDA LPAREN params RPAREN COLON type ARROW expression
    (116) expression -> . LAMBDA LPAREN params RPAREN ARROW expression
    (117) expression -> . LAMBDA LPAREN RPAREN ARROW expression
    (30) variable -> . INT
    (31) variable -> . STR
    (32) variable -> . BOOL
    (33) variable -> . ID
    (34) variable -> . FLOAT
    (63) bin_ops -> . expression ADD expression
    (64) bin_ops -> . expression SUB expression
    (65) bin_ops -> . expression MUL expression
    (66) bin_ops -> . expression DIV expression
    (67) bin_ops -> . expression MOD expression
    (68) bin_ops -> . expression POW expression
    (69) bin_ops -> . expression GT expression
    (70) bin_ops -> . expression LT expression
    (71) bin_ops -> . expression GE expression
    (72) bin_ops -> . expression LE expression
    (73) bin_ops -> . expression EQ expression
    (74) bin_ops -> . expression NE expression
    (75) bin_ops -> . expression AND expression
    (76) bin_ops -> . expression OR expression
    (61) call_stmt -> . ID LPAREN arg_list RPAREN

    LPAREN          shift and go to state 26
    NOT             shift and go to state 27
    SUB             shift and go to state 28
    LBRACKET        shift and go to state 29
    LBRACE          shift and go to state 75
    LAMBDA          shift and go to state 32
    INT             shift and go to state 48
    STR             shift and go to state 49
    BOOL            shift and go to state 50
    ID              shift and go to state 74
    FLOAT           shift and go to state 51

    expression                     shift and go to state 172
    variable                       shift and go to state 24
    bin_ops                        shift and go to state 25
    call_stmt                      shift and go to state 73

state 139

    (115) expression -> LAMBDA LPAREN params . RPAREN COLON type ARROW expression
    (116) expression -> LAMBDA LPAREN params . RPAREN ARROW expression
    (52) params -> params . COMMA param

    RPAREN          shift and go to state 173
    COMMA           shift and go to state 174


state 140

    (117) expression -> LAMBDA LPAREN RPAREN . ARROW expression

    ARROW           shift and go to state 175


state 141

    (51) params -> param .

    RPAREN          reduce using rule 51 (params -> param .)
    COMMA           reduce using rule 51 (params -> param .)
    RBRACKET        reduce using rule 51 (params -> param .)


state 142

    (47) param -> ID . COLON type ASSIGN expression
    (48) param -> ID . COLON type
    (49) param -> ID . ASSIGN expression
    (50) param -> ID .

    COLON           shift and go to state 176
    ASSIGN          shift and go to state 177
    RPAREN          reduce using rule 50 (param -> ID .)
    COMMA           reduce using rule 50 (param -> ID .)
    RBRACKET        reduce using rule 50 (param -> ID .)


state 143

    (88) assign_stmt -> LET ID COLON . type ASSIGN expression optional_semicolon
    (77) type -> . INT_TYPE
    (78) type -> . STR_TYPE
    (79) type -> . BOOL_TYPE
    (80) type -> . FLOAT_TYPE
    (81) type -> . VOID_TYPE
    (82) type -> . type_array
    (83) type -> . type_hash
    (84) type_array -> . type ARRAY_TYPE LBRACKET INT RBRACKET
    (85) type_array -> . type ARRAY_TYPE
    (86) type_hash -> . HASH_TYPE LBRACKET type COMMA type RBRACKET
    (87) type_hash -> . HASH_TYPE

    INT_TYPE        shift and go to state 179
    STR_TYPE        shift and go to state 180
    BOOL_TYPE       shift and go to state 181
    FLOAT_TYPE      shift and go to state 182
    VOID_TYPE       shift and go to state 183
    HASH_TYPE       shift and go to state 186

    type                           shift and go to state 178
    type_array                     shift and go to state 184
    type_hash                      shift and go to state 185

state 144

    (89) assign_stmt -> LET ID ASSIGN . expression optional_semicolon
    (27) expression -> . variable
    (28) expression -> . bin_ops
    (29) expression -> . LPAREN expression RPAREN
    (45) expression -> . NOT expression
    (46) expression -> . SUB expression
    (62) expression -> . call_stmt
    (91) expression -> . LBRACKET args RBRACKET
    (92) expression -> . LBRACKET empty RBRACKET
    (93) expression -> . expression LBRACKET expression RBRACKET
    (95) expression -> . expression DOT ID LPAREN arg_list RPAREN
    (96) expression -> . LBRACE hash_elements RBRACE
    (97) expression -> . LBRACE empty RBRACE
    (115) expression -> . LAMBDA LPAREN params RPAREN COLON type ARROW expression
    (116) expression -> . LAMBDA LPAREN params RPAREN ARROW expression
    (117) expression -> . LAMBDA LPAREN RPAREN ARROW expression
    (30) variable -> . INT
    (31) variable -> . STR
    (32) variable -> . BOOL
    (33) variable -> . ID
    (34) variable -> . FLOAT
    (63) bin_ops -> . expression ADD expression
    (64) bin_ops -> . expression SUB expression
    (65) bin_ops -> . expression MUL expression
    (66) bin_ops -> . expression DIV expression
    (67) bin_ops -> . expression MOD expression
    (68) bin_ops -> . expression POW expression
    (69) bin_ops -> . expression GT expression
    (70) bin_ops -> . expression LT expression
    (71) bin_ops -> . expression GE expression
    (72) bin_ops -> . expression LE expression
    (73) bin_ops -> . expression EQ expression
    (74) bin_ops -> . expression NE expression
    (75) bin_ops -> . expression AND expression
    (76) bin_ops -> . expression OR expression
    (61) call_stmt -> . ID LPAREN arg_list RPAREN

    LPAREN          shift and go to state 26
    NOT             shift and go to state 27
    SUB             shift and go to state 28
    LBRACKET        shift and go to state 29
    LBRACE          shift and go to state 75
    LAMBDA          shift and go to state 32
    INT             shift and go to state 48
    STR             shift and go to state 49
    BOOL            shift and go to state 50
    ID              shift and go to state 74
    FLOAT           shift and go to state 51

    expression                     shift and go to state 187
    variable                       shift and go to state 24
    bin_ops                        shift and go to state 25
    call_stmt                      shift and go to state 73

state 145

    (24) disp_stmt -> DISP LPAREN expression . RPAREN optional_semicolon
    (93) expression -> expression . LBRACKET expression RBRACKET
    (95) expression -> expression . DOT ID LPAREN arg_list RPAREN
    (63) bin_ops -> expression . ADD expression
    (64) bin_ops -> expression . SUB expression
    (65) bin_ops -> expression . MUL expression
    (66) bin_ops -> expression . DIV expression
    (67) bin_ops -> expression . MOD expression
    (68) bin_ops -> expression . POW expression
    (69) bin_ops -> expression . GT expression
    (70) bin_ops -> expression . LT expression
    (71) bin_ops -> expression . GE expression
    (72) bin_ops -> expression . LE expression
    (73) bin_ops -> expression . EQ expression
    (74) bin_ops -> expression . NE expression
    (75) bin_ops -> expression . AND expression
    (76) bin_ops -> expression . OR expression

    RPAREN          shift and go to state 188
    LBRACKET        shift and go to state 124
    DOT             shift and go to state 55
    ADD             shift and go to state 56
    SUB             shift and go to state 57
    MUL             shift and go to state 58
    DIV             shift and go to state 59
    MOD             shift and go to state 60
    POW             shift and go to state 61
    GT              shift and go to state 62
    LT              shift and go to state 63
    GE              shift and go to state 64
    LE              shift and go to state 65
    EQ              shift and go to state 66
    NE              shift and go to state 67
    AND             shift and go to state 68
    OR              shift and go to state 69


state 146

    (25) entry_stmt -> ENTRY LPAREN expression . RPAREN optional_semicolon
    (93) expression -> expression . LBRACKET expression RBRACKET
    (95) expression -> expression . DOT ID LPAREN arg_list RPAREN
    (63) bin_ops -> expression . ADD expression
    (64) bin_ops -> expression . SUB expression
    (65) bin_ops -> expression . MUL expression
    (66) bin_ops -> expression . DIV expression
    (67) bin_ops -> expression . MOD expression
    (68) bin_ops -> expression . POW expression
    (69) bin_ops -> expression . GT expression
    (70) bin_ops -> expression . LT expression
    (71) bin_ops -> expression . GE expression
    (72) bin_ops -> expression . LE expression
    (73) bin_ops -> expression . EQ expression
    (74) bin_ops -> expression . NE expression
    (75) bin_ops -> expression . AND expression
    (76) bin_ops -> expression . OR expression

    RPAREN          shift and go to state 189
    LBRACKET        shift and go to state 124
    DOT             shift and go to state 55
    ADD             shift and go to state 56
    SUB             shift and go to state 57
    MUL             shift and go to state 58
    DIV             shift and go to state 59
    MOD             shift and go to state 60
    POW             shift and go to state 61
    GT              shift and go to state 62
    LT              shift and go to state 63
    GE              shift and go to state 64
    LE              shift and go to state 65
    EQ              shift and go to state 66
    NE              shift and go to state 67
    AND             shift and go to state 68
    OR              shift and go to state 69


state 147

    (36) If_Else_stmt -> IF expression block .
    (37) If_Else_stmt -> IF expression block . ELSE block

    LPAREN          reduce using rule 36 (If_Else_stmt -> IF expression block .)
    NOT             reduce using rule 36 (If_Else_stmt -> IF expression block .)
    SUB             reduce using rule 36 (If_Else_stmt -> IF expression block .)
    LBRACKET        reduce using rule 36 (If_Else_stmt -> IF expression block .)
    LBRACE          reduce using rule 36 (If_Else_stmt -> IF expression block .)
    LAMBDA          reduce using rule 36 (If_Else_stmt -> IF expression block .)
    LET             reduce using rule 36 (If_Else_stmt -> IF expression block .)
    ID              reduce using rule 36 (If_Else_stmt -> IF expression block .)
    DISP            reduce using rule 36 (If_Else_stmt -> IF expression block .)
    ENTRY           reduce using rule 36 (If_Else_stmt -> IF expression block .)
    IF              reduce using rule 36 (If_Else_stmt -> IF expression block .)
    WHILE           reduce using rule 36 (If_Else_stmt -> IF expression block .)
    FUNCTION        reduce using rule 36 (If_Else_stmt -> IF expression block .)
    FOR             reduce using rule 36 (If_Else_stmt -> IF expression block .)
    CONT            reduce using rule 36 (If_Else_stmt -> IF expression block .)
    BREAK           reduce using rule 36 (If_Else_stmt -> IF expression block .)
    RETURN          reduce using rule 36 (If_Else_stmt -> IF expression block .)
    TRY             reduce using rule 36 (If_Else_stmt -> IF expression block .)
    THROW           reduce using rule 36 (If_Else_stmt -> IF expression block .)
    ASSERT          reduce using rule 36 (If_Else_stmt -> IF expression block .)
    ASSERT_EQ       reduce using rule 36 (If_Else_stmt -> IF expression block .)
    ATTEMPT         reduce using rule 36 (If_Else_stmt -> IF expression block .)
    INT             reduce using rule 36 (If_Else_stmt -> IF expression block .)
    STR             reduce using rule 36 (If_Else_stmt -> IF expression block .)
    BOOL            reduce using rule 36 (If_Else_stmt -> IF expression block .)
    FLOAT           reduce using rule 36 (If_Else_stmt -> IF expression block .)
    $end            reduce using rule 36 (If_Else_stmt -> IF expression block .)
    RBRACE          reduce using rule 36 (If_Else_stmt -> IF expression block .)
    OK_CHECK        reduce using rule 36 (If_Else_stmt -> IF expression block .)
    RPAREN          reduce using rule 36 (If_Else_stmt -> IF expression block .)
    FALLBACK        reduce using rule 36 (If_Else_stmt -> IF expression block .)
    ELSE            shift and go to state 190


state 148

    (35) block -> LBRACE . statements RBRACE
    (21) statements -> . statement
    (22) statements -> . statements statement
    (2) statement -> . expression optional_semicolon
    (3) statement -> . assign_stmt
    (4) statement -> . statement_index_assign
    (5) statement -> . disp_stmt
    (6) statement -> . entry_stmt
    (7) statement -> . If_Else_stmt
    (8) statement -> . while_stmt
    (9) statement -> . block
    (10) statement -> . function_stmt
    (11) statement -> . for_stmt
    (12) statement -> . continue_stmt
    (13) statement -> . break_stmt
    (14) statement -> . return_stmt
    (15) statement -> . call_stmt
    (16) statement -> . try_ok_stmt
    (17) statement -> . throw_stmt
    (18) statement -> . assert_stmt
    (19) statement -> . assert_eq_stmt
    (20) statement -> . attempt_stmt
    (23) statement -> . empty
    (27) expression -> . variable
    (28) expression -> . bin_ops
    (29) expression -> . LPAREN expression RPAREN
    (45) expression -> . NOT expression
    (46) expression -> . SUB expression
    (62) expression -> . call_stmt
    (91) expression -> . LBRACKET args RBRACKET
    (92) expression -> . LBRACKET empty RBRACKET
    (93) expression -> . expression LBRACKET expression RBRACKET
    (95) expression -> . expression DOT ID LPAREN arg_list RPAREN
    (96) expression -> . LBRACE hash_elements RBRACE
    (97) expression -> . LBRACE empty RBRACE
    (115) expression -> . LAMBDA LPAREN params RPAREN COLON type ARROW expression
    (116) expression -> . LAMBDA LPAREN params RPAREN ARROW expression
    (117) expression -> . LAMBDA LPAREN RPAREN ARROW expression
    (88) assign_stmt -> . LET ID COLON type ASSIGN expression optional_semicolon
    (89) assign_stmt -> . LET ID ASSIGN expression optional_semicolon
    (90) assign_stmt -> . ID ASSIGN expression optional_semicolon
    (94) statement_index_assign -> . expression LBRACKET expression RBRACKET ASSIGN expression optional_semicolon
    (24) disp_stmt -> . DISP LPAREN expression RPAREN optional_semicolon
    (25) entry_stmt -> . ENTRY LPAREN expression RPAREN optional_semicolon
    (26) entry_stmt -> . ENTRY optional_semicolon
    (36) If_Else_stmt -> . IF expression block
    (37) If_Else_stmt -> . IF expression block ELSE block
    (38) while_stmt -> . WHILE expression block
    (35) block -> . LBRACE statements RBRACE
    (55) function_stmt -> . FUNCTION ID COLON type param_list COLON block
    (56) function_stmt -> . FUNCTION ID param_list COLON block
    (39) for_stmt -> . FOR LPAREN statement expression SEMICOLON statement RPAREN block
    (40) for_stmt -> . FOR expression block
    (41) continue_stmt -> . CONT optional_semicolon
    (42) break_stmt -> . BREAK optional_semicolon
    (43) return_stmt -> . RETURN expression optional_semicolon
    (44) return_stmt -> . RETURN optional_semicolon
    (61) call_stmt -> . ID LPAREN arg_list RPAREN
    (102) try_ok_stmt -> . TRY COLON block OK_CHECK LBRACKET ID COMMA ID RBRACKET COLON block
    (103) try_ok_stmt -> . TRY COLON block OK_CHECK LBRACKET ID RBRACKET COLON block
    (104) try_ok_stmt -> . TRY COLON block OK_CHECK COLON block
    (105) try_ok_stmt -> . TRY COLON statements OK_CHECK LBRACKET ID COMMA ID RBRACKET COLON statements
    (106) try_ok_stmt -> . TRY COLON statements OK_CHECK LBRACKET ID RBRACKET COLON statements
    (107) try_ok_stmt -> . TRY COLON statements OK_CHECK COLON statements
    (101) throw_stmt -> . THROW expression optional_semicolon
    (108) assert_stmt -> . ASSERT expression COMMA expression optional_semicolon
    (109) assert_stmt -> . ASSERT expression optional_semicolon
    (110) assert_eq_stmt -> . ASSERT_EQ expression COMMA expression optional_semicolon
    (111) attempt_stmt -> . ATTEMPT LPAREN expression RPAREN COLON block FALLBACK COLON block
    (112) attempt_stmt -> . ATTEMPT LPAREN expression RPAREN COLON block
    (113) attempt_stmt -> . ATTEMPT LPAREN expression RPAREN COLON statements FALLBACK COLON statements
    (114) attempt_stmt -> . ATTEMPT LPAREN expression RPAREN COLON statements
    (118) empty -> .
    (30) variable -> . INT
    (31) variable -> . STR
    (32) variable -> . BOOL
    (33) variable -> . ID
    (34) variable -> . FLOAT
    (63) bin_ops -> . expression ADD expression
    (64) bin_ops -> . expression SUB expression
    (65) bin_ops -> . expression MUL expression
    (66) bin_ops -> . expression DIV expression
    (67) bin_ops -> . expression MOD expression
    (68) bin_ops -> . expression POW expression
    (69) bin_ops -> . expression GT expression
    (70) bin_ops -> . expression LT expression
    (71) bin_ops -> . expression GE expression
    (72) bin_ops -> . expression LE expression
    (73) bin_ops -> . expression EQ expression
    (74) bin_ops -> . expression NE expression
    (75) bin_ops -> . expression AND expression
    (76) bin_ops -> . expression OR expression

  ! shift/reduce conflict for LPAREN resolved as shift
  ! shift/reduce conflict for NOT resolved as shift
  ! shift/reduce conflict for SUB resolved as shift
  ! shift/reduce conflict for LBRACKET resolved as shift
  ! shift/reduce conflict for LBRACE resolved as shift
  ! shift/reduce conflict for LAMBDA resolved as shift
  ! shift/reduce conflict for LET resolved as shift
  ! shift/reduce conflict for ID resolved as shift
  ! shift/reduce conflict for DISP resolved as shift
  ! shift/reduce conflict for ENTRY resolved as shift
  ! shift/reduce conflict for IF resolved as shift
  ! shift/reduce conflict for WHILE resolved as shift
  ! shift/reduce conflict for FUNCTION resolved as shift
  ! shift/reduce conflict for FOR resolved as shift
  ! shift/reduce conflict for CONT resolved as shift
  ! shift/reduce conflict for BREAK resolved as shift
  ! shift/reduce conflict for RETURN resolved as shift
  ! shift/reduce conflict for TRY resolved as shift
  ! shift/reduce conflict for THROW resolved as shift
  ! shift/reduce conflict for ASSERT resolved as shift
  ! shift/reduce conflict for ASSERT_EQ resolved as shift
  ! shift/reduce conflict for ATTEMPT resolved as shift
  ! shift/reduce conflict for INT resolved as shift
  ! shift/reduce conflict for STR resolved as shift
  ! shift/reduce conflict for BOOL resolved as shift
  ! shift/reduce conflict for FLOAT resolved as shift
    LPAREN          shift and go to state 26
    NOT             shift and go to state 27
    SUB             shift and go to state 28
    LBRACKET        shift and go to state 29
    LBRACE          shift and go to state 31
    LAMBDA          shift and go to state 32
    LET             shift and go to state 33
    ID              shift and go to state 30
    DISP            shift and go to state 34
    ENTRY           shift and go to state 35
    IF              shift and go to state 36
    WHILE           shift and go to state 37
    FUNCTION        shift and go to state 38
    FOR             shift and go to state 39
    CONT            shift and go to state 40
    BREAK           shift and go to state 41
    RETURN          shift and go to state 42
    TRY             shift and go to state 43
    THROW           shift and go to state 44
    ASSERT          shift and go to state 45
    ASSERT_EQ       shift and go to state 46
    ATTEMPT         shift and go to state 47
    RBRACE          reduce using rule 118 (empty -> .)
    INT             shift and go to state 48
    STR             shift and go to state 49
    BOOL            shift and go to state 50
    FLOAT           shift and go to state 51

  ! LPAREN          [ reduce using rule 118 (empty -> .) ]
  ! NOT             [ reduce using rule 118 (empty -> .) ]
  ! SUB             [ reduce using rule 118 (empty -> .) ]
  ! LBRACKET        [ reduce using rule 118 (empty -> .) ]
  ! LBRACE          [ reduce using rule 118 (empty -> .) ]
  ! LAMBDA          [ reduce using rule 118 (empty -> .) ]
  ! LET             [ reduce using rule 118 (empty -> .) ]
  ! ID              [ reduce using rule 118 (empty -> .) ]
  ! DISP            [ reduce using rule 118 (empty -> .) ]
  ! ENTRY           [ reduce using rule 118 (empty -> .) ]
  ! IF              [ reduce using rule 118 (empty -> .) ]
  ! WHILE           [ reduce using rule 118 (empty -> .) ]
  ! FUNCTION        [ reduce using rule 118 (empty -> .) ]
  ! FOR             [ reduce using rule 118 (empty -> .) ]
  ! CONT            [ reduce using rule 118 (empty -> .) ]
  ! BREAK           [ reduce using rule 118 (empty -> .) ]
  ! RETURN          [ reduce using rule 118 (empty -> .) ]
  ! TRY             [ reduce using rule 118 (empty -> .) ]
  ! THROW           [ reduce using rule 118 (empty -> .) ]
  ! ASSERT          [ reduce using rule 118 (empty -> .) ]
  ! ASSERT_EQ       [ reduce using rule 118 (empty -> .) ]
  ! ATTEMPT         [ reduce using rule 118 (empty -> .) ]
  ! INT             [ reduce using rule 118 (empty -> .) ]
  ! STR             [ reduce using rule 118 (empty -> .) ]
  ! BOOL            [ reduce using rule 118 (empty -> .) ]
  ! FLOAT           [ reduce using rule 118 (empty -> .) ]

    statements                     shift and go to state 85
    statement                      shift and go to state 3
    expression                     shift and go to state 4
    assign_stmt                    shift and go to state 5
    statement_index_assign         shift and go to state 6
    disp_stmt                      shift and go to state 7
    entry_stmt                     shift and go to state 8
    If_Else_stmt                   shift and go to state 9
    while_stmt                     shift and go to state 10
    block                          shift and go to state 11
    function_stmt                  shift and go to state 12
    for_stmt                       shift and go to state 13
    continue_stmt                  shift and go to state 14
    break_stmt                     shift and go to state 15
    return_stmt                    shift and go to state 16
    call_stmt                      shift and go to state 17
    try_ok_stmt                    shift and go to state 18
    throw_stmt                     shift and go to state 19
    assert_stmt                    shift and go to state 20
    assert_eq_stmt                 shift and go to state 21
    attempt_stmt                   shift and go to state 22
    empty                          shift and go to state 23
    variable                       shift and go to state 24
    bin_ops                        shift and go to state 25

state 149

    (38) while_stmt -> WHILE expression block .

    LPAREN          reduce using rule 38 (while_stmt -> WHILE expression block .)
    NOT             reduce using rule 38 (while_stmt -> WHILE expression block .)
    SUB             reduce using rule 38 (while_stmt -> WHILE expression block .)
    LBRACKET        reduce using rule 38 (while_stmt -> WHILE expression block .)
    LBRACE          reduce using rule 38 (while_stmt -> WHILE expression block .)
    LAMBDA          reduce using rule 38 (while_stmt -> WHILE expression block .)
    LET             reduce using rule 38 (while_stmt -> WHILE expression block .)
    ID              reduce using rule 38 (while_stmt -> WHILE expression block .)
    DISP            reduce using rule 38 (while_stmt -> WHILE expression block .)
    ENTRY           reduce using rule 38 (while_stmt -> WHILE expression block .)
    IF              reduce using rule 38 (while_stmt -> WHILE expression block .)
    WHILE           reduce using rule 38 (while_stmt -> WHILE expression block .)
    FUNCTION        reduce using rule 38 (while_stmt -> WHILE expression block .)
    FOR             reduce using rule 38 (while_stmt -> WHILE expression block .)
    CONT            reduce using rule 38 (while_stmt -> WHILE expression block .)
    BREAK           reduce using rule 38 (while_stmt -> WHILE expression block .)
    RETURN          reduce using rule 38 (while_stmt -> WHILE expression block .)
    TRY             reduce using rule 38 (while_stmt -> WHILE expression block .)
    THROW           reduce using rule 38 (while_stmt -> WHILE expression block .)
    ASSERT          reduce using rule 38 (while_stmt -> WHILE expression block .)
    ASSERT_EQ       reduce using rule 38 (while_stmt -> WHILE expression block .)
    ATTEMPT         reduce using rule 38 (while_stmt -> WHILE expression block .)
    INT             reduce using rule 38 (while_stmt -> WHILE expression block .)
    STR             reduce using rule 38 (while_stmt -> WHILE expression block .)
    BOOL            reduce using rule 38 (while_stmt -> WHILE expression block .)
    FLOAT           reduce using rule 38 (while_stmt -> WHILE expression block .)
    $end            reduce using rule 38 (while_stmt -> WHILE expression block .)
    RBRACE          reduce using rule 38 (while_stmt -> WHILE expression block .)
    OK_CHECK        reduce using rule 38 (while_stmt -> WHILE expression block .)
    RPAREN          reduce using rule 38 (while_stmt -> WHILE expression block .)
    FALLBACK        reduce using rule 38 (while_stmt -> WHILE expression block .)


state 150

    (55) function_stmt -> FUNCTION ID COLON . type param_list COLON block
    (77) type -> . INT_TYPE
    (78) type -> . STR_TYPE
    (79) type -> . BOOL_TYPE
    (80) type -> . FLOAT_TYPE
    (81) type -> . VOID_TYPE
    (82) type -> . type_array
    (83) type -> . type_hash
    (84) type_array -> . type ARRAY_TYPE LBRACKET INT RBRACKET
    (85) type_array -> . type ARRAY_TYPE
    (86) type_hash -> . HASH_TYPE LBRACKET type COMMA type RBRACKET
    (87) type_hash -> . HASH_TYPE

    INT_TYPE        shift and go to state 179
    STR_TYPE        shift and go to state 180
    BOOL_TYPE       shift and go to state 181
    FLOAT_TYPE      shift and go to state 182
    VOID_TYPE       shift and go to state 183
    HASH_TYPE       shift and go to state 186

    type                           shift and go to state 191
    type_array                     shift and go to state 184
    type_hash                      shift and go to state 185

state 151

    (56) function_stmt -> FUNCTION ID param_list . COLON block

    COLON           shift and go to state 192


state 152

    (53) param_list -> LBRACKET . params RBRACKET
    (54) param_list -> LBRACKET . empty RBRACKET
    (51) params -> . param
    (52) params -> . params COMMA param
    (118) empty -> .
    (47) param -> . ID COLON type ASSIGN expression
    (48) param -> . ID COLON type
    (49) param -> . ID ASSIGN expression
    (50) param -> . ID

    RBRACKET        reduce using rule 118 (empty -> .)
    ID              shift and go to state 142

    params                         shift and go to state 193
    empty                          shift and go to state 194
    param                          shift and go to state 141

state 153

    (39) for_stmt -> FOR LPAREN statement . expression SEMICOLON statement RPAREN block
    (27) expression -> . variable
    (28) expression -> . bin_ops
    (29) expression -> . LPAREN expression RPAREN
    (45) expression -> . NOT expression
    (46) expression -> . SUB expression
    (62) expression -> . call_stmt
    (91) expression -> . LBRACKET args RBRACKET
    (92) expression -> . LBRACKET empty RBRACKET
    (93) expression -> . expression LBRACKET expression RBRACKET
    (95) expression -> . expression DOT ID LPAREN arg_list RPAREN
    (96) expression -> . LBRACE hash_elements RBRACE
    (97) expression -> . LBRACE empty RBRACE
    (115) expression -> . LAMBDA LPAREN params RPAREN COLON type ARROW expression
    (116) expression -> . LAMBDA LPAREN params RPAREN ARROW expression
    (117) expression -> . LAMBDA LPAREN RPAREN ARROW expression
    (30) variable -> . INT
    (31) variable -> . STR
    (32) variable -> . BOOL
    (33) variable -> . ID
    (34) variable -> . FLOAT
    (63) bin_ops -> . expression ADD expression
    (64) bin_ops -> . expression SUB expression
    (65) bin_ops -> . expression MUL expression
    (66) bin_ops -> . expression DIV expression
    (67) bin_ops -> . expression MOD expression
    (68) bin_ops -> . expression POW expression
    (69) bin_ops -> . expression GT expression
    (70) bin_ops -> . expression LT expression
    (71) bin_ops -> . expression GE expression
    (72) bin_ops -> . expression LE expression
    (73) bin_ops -> . expression EQ expression
    (74) bin_ops -> . expression NE expression
    (75) bin_ops -> . expression AND expression
    (76) bin_ops -> . expression OR expression
    (61) call_stmt -> . ID LPAREN arg_list RPAREN

    LPAREN          shift and go to state 26
    NOT             shift and go to state 27
    SUB             shift and go to state 28
    LBRACKET        shift and go to state 29
    LBRACE          shift and go to state 75
    LAMBDA          shift and go to state 32
    INT             shift and go to state 48
    STR             shift and go to state 49
    BOOL            shift and go to state 50
    ID              shift and go to state 74
    FLOAT           shift and go to state 51

    expression                     shift and go to state 195
    variable                       shift and go to state 24
    bin_ops                        shift and go to state 25
    call_stmt                      shift and go to state 73

state 154

    (29) expression -> LPAREN expression . RPAREN
    (2) statement -> expression . optional_semicolon
    (93) expression -> expression . LBRACKET expression RBRACKET
    (95) expression -> expression . DOT ID LPAREN arg_list RPAREN
    (94) statement_index_assign -> expression . LBRACKET expression RBRACKET ASSIGN expression optional_semicolon
    (63) bin_ops -> expression . ADD expression
    (64) bin_ops -> expression . SUB expression
    (65) bin_ops -> expression . MUL expression
    (66) bin_ops -> expression . DIV expression
    (67) bin_ops -> expression . MOD expression
    (68) bin_ops -> expression . POW expression
    (69) bin_ops -> expression . GT expression
    (70) bin_ops -> expression . LT expression
    (71) bin_ops -> expression . GE expression
    (72) bin_ops -> expression . LE expression
    (73) bin_ops -> expression . EQ expression
    (74) bin_ops -> expression . NE expression
    (75) bin_ops -> expression . AND expression
    (76) bin_ops -> expression . OR expression
    (119) optional_semicolon -> . SEMICOLON
    (120) optional_semicolon -> . empty
    (118) empty -> .

  ! shift/reduce conflict for SUB resolved as shift
  ! shift/reduce conflict for LBRACKET resolved as shift
    RPAREN          shift and go to state 123
    LBRACKET        shift and go to state 54
    DOT             shift and go to state 55
    ADD             shift and go to state 56
    SUB             shift and go to state 57
    MUL             shift and go to state 58
    DIV             shift and go to state 59
    MOD             shift and go to state 60
    POW             shift and go to state 61
    GT              shift and go to state 62
    LT              shift and go to state 63
    GE              shift and go to state 64
    LE              shift and go to state 65
    EQ              shift and go to state 66
    NE              shift and go to state 67
    AND             shift and go to state 68
    OR              shift and go to state 69
    SEMICOLON       shift and go to state 70
    LPAREN          reduce using rule 118 (empty -> .)
    NOT             reduce using rule 118 (empty -> .)
    LBRACE          reduce using rule 118 (empty -> .)
    LAMBDA          reduce using rule 118 (empty -> .)
    INT             reduce using rule 118 (empty -> .)
    STR             reduce using rule 118 (empty -> .)
    BOOL            reduce using rule 118 (empty -> .)
    ID              reduce using rule 118 (empty -> .)
    FLOAT           reduce using rule 118 (empty -> .)

  ! SUB             [ reduce using rule 118 (empty -> .) ]
  ! LBRACKET        [ reduce using rule 118 (empty -> .) ]

    optional_semicolon             shift and go to state 53
    empty                          shift and go to state 71

state 155

    (40) for_stmt -> FOR expression block .

    LPAREN          reduce using rule 40 (for_stmt -> FOR expression block .)
    NOT             reduce using rule 40 (for_stmt -> FOR expression block .)
    SUB             reduce using rule 40 (for_stmt -> FOR expression block .)
    LBRACKET        reduce using rule 40 (for_stmt -> FOR expression block .)
    LBRACE          reduce using rule 40 (for_stmt -> FOR expression block .)
    LAMBDA          reduce using rule 40 (for_stmt -> FOR expression block .)
    LET             reduce using rule 40 (for_stmt -> FOR expression block .)
    ID              reduce using rule 40 (for_stmt -> FOR expression block .)
    DISP            reduce using rule 40 (for_stmt -> FOR expression block .)
    ENTRY           reduce using rule 40 (for_stmt -> FOR expression block .)
    IF              reduce using rule 40 (for_stmt -> FOR expression block .)
    WHILE           reduce using rule 40 (for_stmt -> FOR expression block .)
    FUNCTION        reduce using rule 40 (for_stmt -> FOR expression block .)
    FOR             reduce using rule 40 (for_stmt -> FOR expression block .)
    CONT            reduce using rule 40 (for_stmt -> FOR expression block .)
    BREAK           reduce using rule 40 (for_stmt -> FOR expression block .)
    RETURN          reduce using rule 40 (for_stmt -> FOR expression block .)
    TRY             reduce using rule 40 (for_stmt -> FOR expression block .)
    THROW           reduce using rule 40 (for_stmt -> FOR expression block .)
    ASSERT          reduce using rule 40 (for_stmt -> FOR expression block .)
    ASSERT_EQ       reduce using rule 40 (for_stmt -> FOR expression block .)
    ATTEMPT         reduce using rule 40 (for_stmt -> FOR expression block .)
    INT             reduce using rule 40 (for_stmt -> FOR expression block .)
    STR             reduce using rule 40 (for_stmt -> FOR expression block .)
    BOOL            reduce using rule 40 (for_stmt -> FOR expression block .)
    FLOAT           reduce using rule 40 (for_stmt -> FOR expression block .)
    $end            reduce using rule 40 (for_stmt -> FOR expression block .)
    RBRACE          reduce using rule 40 (for_stmt -> FOR expression block .)
    OK_CHECK        reduce using rule 40 (for_stmt -> FOR expression block .)
    RPAREN          reduce using rule 40 (for_stmt -> FOR expression block .)
    FALLBACK        reduce using rule 40 (for_stmt -> FOR expression block .)


state 156

    (43) return_stmt -> RETURN expression optional_semicolon .

    LPAREN          reduce using rule 43 (return_stmt -> RETURN expression optional_semicolon .)
    NOT             reduce using rule 43 (return_stmt -> RETURN expression optional_semicolon .)
    SUB             reduce using rule 43 (return_stmt -> RETURN expression optional_semicolon .)
    LBRACKET        reduce using rule 43 (return_stmt -> RETURN expression optional_semicolon .)
    LBRACE          reduce using rule 43 (return_stmt -> RETURN expression optional_semicolon .)
    LAMBDA          reduce using rule 43 (return_stmt -> RETURN expression optional_semicolon .)
    LET             reduce using rule 43 (return_stmt -> RETURN expression optional_semicolon .)
    ID              reduce using rule 43 (return_stmt -> RETURN expression optional_semicolon .)
    DISP            reduce using rule 43 (return_stmt -> RETURN expression optional_semicolon .)
    ENTRY           reduce using rule 43 (return_stmt -> RETURN expression optional_semicolon .)
    IF              reduce using rule 43 (return_stmt -> RETURN expression optional_semicolon .)
    WHILE           reduce using rule 43 (return_stmt -> RETURN expression optional_semicolon .)
    FUNCTION        reduce using rule 43 (return_stmt -> RETURN expression optional_semicolon .)
    FOR             reduce using rule 43 (return_stmt -> RETURN expression optional_semicolon .)
    CONT            reduce using rule 43 (return_stmt -> RETURN expression optional_semicolon .)
    BREAK           reduce using rule 43 (return_stmt -> RETURN expression optional_semicolon .)
    RETURN          reduce using rule 43 (return_stmt -> RETURN expression optional_semicolon .)
    TRY             reduce using rule 43 (return_stmt -> RETURN expression optional_semicolon .)
    THROW           reduce using rule 43 (return_stmt -> RETURN expression optional_semicolon .)
    ASSERT          reduce using rule 43 (return_stmt -> RETURN expression optional_semicolon .)
    ASSERT_EQ       reduce using rule 43 (return_stmt -> RETURN expression optional_semicolon .)
    ATTEMPT         reduce using rule 43 (return_stmt -> RETURN expression optional_semicolon .)
    INT             reduce using rule 43 (return_stmt -> RETURN expression optional_semicolon .)
    STR             reduce using rule 43 (return_stmt -> RETURN expression optional_semicolon .)
    BOOL            reduce using rule 43 (return_stmt -> RETURN expression optional_semicolon .)
    FLOAT           reduce using rule 43 (return_stmt -> RETURN expression optional_semicolon .)
    $end            reduce using rule 43 (return_stmt -> RETURN expression optional_semicolon .)
    RBRACE          reduce using rule 43 (return_stmt -> RETURN expression optional_semicolon .)
    OK_CHECK        reduce using rule 43 (return_stmt -> RETURN expression optional_semicolon .)
    RPAREN          reduce using rule 43 (return_stmt -> RETURN expression optional_semicolon .)
    FALLBACK        reduce using rule 43 (return_stmt -> RETURN expression optional_semicolon .)


state 157

    (102) try_ok_stmt -> TRY COLON block . OK_CHECK LBRACKET ID COMMA ID RBRACKET COLON block
    (103) try_ok_stmt -> TRY COLON block . OK_CHECK LBRACKET ID RBRACKET COLON block
    (104) try_ok_stmt -> TRY COLON block . OK_CHECK COLON block
    (9) statement -> block .

  ! shift/reduce conflict for OK_CHECK resolved as shift
    OK_CHECK        shift and go to state 196
    LPAREN          reduce using rule 9 (statement -> block .)
    NOT             reduce using rule 9 (statement -> block .)
    SUB             reduce using rule 9 (statement -> block .)
    LBRACKET        reduce using rule 9 (statement -> block .)
    LBRACE          reduce using rule 9 (statement -> block .)
    LAMBDA          reduce using rule 9 (statement -> block .)
    LET             reduce using rule 9 (statement -> block .)
    ID              reduce using rule 9 (statement -> block .)
    DISP            reduce using rule 9 (statement -> block .)
    ENTRY           reduce using rule 9 (statement -> block .)
    IF              reduce using rule 9 (statement -> block .)
    WHILE           reduce using rule 9 (statement -> block .)
    FUNCTION        reduce using rule 9 (statement -> block .)
    FOR             reduce using rule 9 (statement -> block .)
    CONT            reduce using rule 9 (statement -> block .)
    BREAK           reduce using rule 9 (statement -> block .)
    RETURN          reduce using rule 9 (statement -> block .)
    TRY             reduce using rule 9 (statement -> block .)
    THROW           reduce using rule 9 (statement -> block .)
    ASSERT          reduce using rule 9 (statement -> block .)
    ASSERT_EQ       reduce using rule 9 (statement -> block .)
    ATTEMPT         reduce using rule 9 (statement -> block .)
    INT             reduce using rule 9 (statement -> block .)
    STR             reduce using rule 9 (statement -> block .)
    BOOL            reduce using rule 9 (statement -> block .)
    FLOAT           reduce using rule 9 (statement -> block .)

  ! OK_CHECK        [ reduce using rule 9 (statement -> block .) ]


state 158

    (105) try_ok_stmt -> TRY COLON statements . OK_CHECK LBRACKET ID COMMA ID RBRACKET COLON statements
    (106) try_ok_stmt -> TRY COLON statements . OK_CHECK LBRACKET ID RBRACKET COLON statements
    (107) try_ok_stmt -> TRY COLON statements . OK_CHECK COLON statements
    (22) statements -> statements . statement
    (2) statement -> . expression optional_semicolon
    (3) statement -> . assign_stmt
    (4) statement -> . statement_index_assign
    (5) statement -> . disp_stmt
    (6) statement -> . entry_stmt
    (7) statement -> . If_Else_stmt
    (8) statement -> . while_stmt
    (9) statement -> . block
    (10) statement -> . function_stmt
    (11) statement -> . for_stmt
    (12) statement -> . continue_stmt
    (13) statement -> . break_stmt
    (14) statement -> . return_stmt
    (15) statement -> . call_stmt
    (16) statement -> . try_ok_stmt
    (17) statement -> . throw_stmt
    (18) statement -> . assert_stmt
    (19) statement -> . assert_eq_stmt
    (20) statement -> . attempt_stmt
    (23) statement -> . empty
    (27) expression -> . variable
    (28) expression -> . bin_ops
    (29) expression -> . LPAREN expression RPAREN
    (45) expression -> . NOT expression
    (46) expression -> . SUB expression
    (62) expression -> . call_stmt
    (91) expression -> . LBRACKET args RBRACKET
    (92) expression -> . LBRACKET empty RBRACKET
    (93) expression -> . expression LBRACKET expression RBRACKET
    (95) expression -> . expression DOT ID LPAREN arg_list RPAREN
    (96) expression -> . LBRACE hash_elements RBRACE
    (97) expression -> . LBRACE empty RBRACE
    (115) expression -> . LAMBDA LPAREN params RPAREN COLON type ARROW expression
    (116) expression -> . LAMBDA LPAREN params RPAREN ARROW expression
    (117) expression -> . LAMBDA LPAREN RPAREN ARROW expression
    (88) assign_stmt -> . LET ID COLON type ASSIGN expression optional_semicolon
    (89) assign_stmt -> . LET ID ASSIGN expression optional_semicolon
    (90) assign_stmt -> . ID ASSIGN expression optional_semicolon
    (94) statement_index_assign -> . expression LBRACKET expression RBRACKET ASSIGN expression optional_semicolon
    (24) disp_stmt -> . DISP LPAREN expression RPAREN optional_semicolon
    (25) entry_stmt -> . ENTRY LPAREN expression RPAREN optional_semicolon
    (26) entry_stmt -> . ENTRY optional_semicolon
    (36) If_Else_stmt -> . IF expression block
    (37) If_Else_stmt -> . IF expression block ELSE block
    (38) while_stmt -> . WHILE expression block
    (35) block -> . LBRACE statements RBRACE
    (55) function_stmt -> . FUNCTION ID COLON type param_list COLON block
    (56) function_stmt -> . FUNCTION ID param_list COLON block
    (39) for_stmt -> . FOR LPAREN statement expression SEMICOLON statement RPAREN block
    (40) for_stmt -> . FOR expression block
    (41) continue_stmt -> . CONT optional_semicolon
    (42) break_stmt -> . BREAK optional_semicolon
    (43) return_stmt -> . RETURN expression optional_semicolon
    (44) return_stmt -> . RETURN optional_semicolon
    (61) call_stmt -> . ID LPAREN arg_list RPAREN
    (102) try_ok_stmt -> . TRY COLON block OK_CHECK LBRACKET ID COMMA ID RBRACKET COLON block
    (103) try_ok_stmt -> . TRY COLON block OK_CHECK LBRACKET ID RBRACKET COLON block
    (104) try_ok_stmt -> . TRY COLON block OK_CHECK COLON block
    (105) try_ok_stmt -> . TRY COLON statements OK_CHECK LBRACKET ID COMMA ID RBRACKET COLON statements
    (106) try_ok_stmt -> . TRY COLON statements OK_CHECK LBRACKET ID RBRACKET COLON statements
    (107) try_ok_stmt -> . TRY COLON statements OK_CHECK COLON statements
    (101) throw_stmt -> . THROW expression optional_semicolon
    (108) assert_stmt -> . ASSERT expression COMMA expression optional_semicolon
    (109) assert_stmt -> . ASSERT expression optional_semicolon
    (110) assert_eq_stmt -> . ASSERT_EQ expression COMMA expression optional_semicolon
    (111) attempt_stmt -> . ATTEMPT LPAREN expression RPAREN COLON block FALLBACK COLON block
    (112) attempt_stmt -> . ATTEMPT LPAREN expression RPAREN COLON block
    (113) attempt_stmt -> . ATTEMPT LPAREN expression RPAREN COLON statements FALLBACK COLON statements
    (114) attempt_stmt -> . ATTEMPT LPAREN expression RPAREN COLON statements
    (118) empty -> .
    (30) variable -> . INT
    (31) variable -> . STR
    (32) variable -> . BOOL
    (33) variable -> . ID
    (34) variable -> . FLOAT
    (63) bin_ops -> . expression ADD expression
    (64) bin_ops -> . expression SUB expression
    (65) bin_ops -> . expression MUL expression
    (66) bin_ops -> . expression DIV expression
    (67) bin_ops -> . expression MOD expression
    (68) bin_ops -> . expression POW expression
    (69) bin_ops -> . expression GT expression
    (70) bin_ops -> . expression LT expression
    (71) bin_ops -> . expression GE expression
    (72) bin_ops -> . expression LE expression
    (73) bin_ops -> . expression EQ expression
    (74) bin_ops -> . expression NE expression
    (75) bin_ops -> . expression AND expression
    (76) bin_ops -> . expression OR expression

  ! shift/reduce conflict for OK_CHECK resolved as shift
  ! shift/reduce conflict for LPAREN resolved as shift
  ! shift/reduce conflict for NOT resolved as shift
  ! shift/reduce conflict for SUB resolved as shift
  ! shift/reduce conflict for LBRACKET resolved as shift
  ! shift/reduce conflict for LBRACE resolved as shift
  ! shift/reduce conflict for LAMBDA resolved as shift
  ! shift/reduce conflict for LET resolved as shift
  ! shift/reduce conflict for ID resolved as shift
  ! shift/reduce conflict for DISP resolved as shift
  ! shift/reduce conflict for ENTRY resolved as shift
  ! shift/reduce conflict for IF resolved as shift
  ! shift/reduce conflict for WHILE resolved as shift
  ! shift/reduce conflict for FUNCTION resolved as shift
  ! shift/reduce conflict for FOR resolved as shift
  ! shift/reduce conflict for CONT resolved as shift
  ! shift/reduce conflict for BREAK resolved as shift
  ! shift/reduce conflict for RETURN resolved as shift
  ! shift/reduce conflict for TRY resolved as shift
  ! shift/reduce conflict for THROW resolved as shift
  ! shift/reduce conflict for ASSERT resolved as shift
  ! shift/reduce conflict for ASSERT_EQ resolved as shift
  ! shift/reduce conflict for ATTEMPT resolved as shift
  ! shift/reduce conflict for INT resolved as shift
  ! shift/reduce conflict for STR resolved as shift
  ! shift/reduce conflict for BOOL resolved as shift
  ! shift/reduce conflict for FLOAT resolved as shift
    OK_CHECK        shift and go to state 197
    LPAREN          shift and go to state 26
    NOT             shift and go to state 27
    SUB             shift and go to state 28
    LBRACKET        shift and go to state 29
    LBRACE          shift and go to state 31
    LAMBDA          shift and go to state 32
    LET             shift and go to state 33
    ID              shift and go to state 30
    DISP            shift and go to state 34
    ENTRY           shift and go to state 35
    IF              shift and go to state 36
    WHILE           shift and go to state 37
    FUNCTION        shift and go to state 38
    FOR             shift and go to state 39
    CONT            shift and go to state 40
    BREAK           shift and go to state 41
    RETURN          shift and go to state 42
    TRY             shift and go to state 43
    THROW           shift and go to state 44
    ASSERT          shift and go to state 45
    ASSERT_EQ       shift and go to state 46
    ATTEMPT         shift and go to state 47
    INT             shift and go to state 48
    STR             shift and go to state 49
    BOOL            shift and go to state 50
    FLOAT           shift and go to state 51

  ! OK_CHECK        [ reduce using rule 118 (empty -> .) ]
  ! LPAREN          [ reduce using rule 118 (empty -> .) ]
  ! NOT             [ reduce using rule 118 (empty -> .) ]
  ! SUB             [ reduce using rule 118 (empty -> .) ]
  ! LBRACKET        [ reduce using rule 118 (empty -> .) ]
  ! LBRACE          [ reduce using rule 118 (empty -> .) ]
  ! LAMBDA          [ reduce using rule 118 (empty -> .) ]
  ! LET             [ reduce using rule 118 (empty -> .) ]
  ! ID              [ reduce using rule 118 (empty -> .) ]
  ! DISP            [ reduce using rule 118 (empty -> .) ]
  ! ENTRY           [ reduce using rule 118 (empty -> .) ]
  ! IF              [ reduce using rule 118 (empty -> .) ]
  ! WHILE           [ reduce using rule 118 (empty -> .) ]
  ! FUNCTION        [ reduce using rule 118 (empty -> .) ]
  ! FOR             [ reduce using rule 118 (empty -> .) ]
  ! CONT            [ reduce using rule 118 (empty -> .) ]
  ! BREAK           [ reduce using rule 118 (empty -> .) ]
  ! RETURN          [ reduce using rule 118 (empty -> .) ]
  ! TRY             [ reduce using rule 118 (empty -> .) ]
  ! THROW           [ reduce using rule 118 (empty -> .) ]
  ! ASSERT          [ reduce using rule 118 (empty -> .) ]
  ! ASSERT_EQ       [ reduce using rule 118 (empty -> .) ]
  ! ATTEMPT         [ reduce using rule 118 (empty -> .) ]
  ! INT             [ reduce using rule 118 (empty -> .) ]
  ! STR             [ reduce using rule 118 (empty -> .) ]
  ! BOOL            [ reduce using rule 118 (empty -> .) ]
  ! FLOAT           [ reduce using rule 118 (empty -> .) ]

    statement                      shift and go to state 52
    expression                     shift and go to state 4
    assign_stmt                    shift and go to state 5
    statement_index_assign         shift and go to state 6
    disp_stmt                      shift and go to state 7
    entry_stmt                     shift and go to state 8
    If_Else_stmt                   shift and go to state 9
    while_stmt                     shift and go to state 10
    block                          shift and go to state 11
    function_stmt                  shift and go to state 12
    for_stmt                       shift and go to state 13
    continue_stmt                  shift and go to state 14
    break_stmt                     shift and go to state 15
    return_stmt                    shift and go to state 16
    call_stmt                      shift and go to state 17
    try_ok_stmt                    shift and go to state 18
    throw_stmt                     shift and go to state 19
    assert_stmt                    shift and go to state 20
    assert_eq_stmt                 shift and go to state 21
    attempt_stmt                   shift and go to state 22
    empty                          shift and go to state 23
    variable                       shift and go to state 24
    bin_ops                        shift and go to state 25

state 159

    (35) block -> LBRACE . statements RBRACE
    (96) expression -> LBRACE . hash_elements RBRACE
    (97) expression -> LBRACE . empty RBRACE
    (21) statements -> . statement
    (22) statements -> . statements statement
    (99) hash_elements -> . hash_element
    (100) hash_elements -> . hash_elements COMMA hash_element
    (118) empty -> .
    (2) statement -> . expression optional_semicolon
    (3) statement -> . assign_stmt
    (4) statement -> . statement_index_assign
    (5) statement -> . disp_stmt
    (6) statement -> . entry_stmt
    (7) statement -> . If_Else_stmt
    (8) statement -> . while_stmt
    (9) statement -> . block
    (10) statement -> . function_stmt
    (11) statement -> . for_stmt
    (12) statement -> . continue_stmt
    (13) statement -> . break_stmt
    (14) statement -> . return_stmt
    (15) statement -> . call_stmt
    (16) statement -> . try_ok_stmt
    (17) statement -> . throw_stmt
    (18) statement -> . assert_stmt
    (19) statement -> . assert_eq_stmt
    (20) statement -> . attempt_stmt
    (23) statement -> . empty
    (98) hash_element -> . expression COLON expression
    (27) expression -> . variable
    (28) expression -> . bin_ops
    (29) expression -> . LPAREN expression RPAREN
    (45) expression -> . NOT expression
    (46) expression -> . SUB expression
    (62) expression -> . call_stmt
    (91) expression -> . LBRACKET args RBRACKET
    (92) expression -> . LBRACKET empty RBRACKET
    (93) expression -> . expression LBRACKET expression RBRACKET
    (95) expression -> . expression DOT ID LPAREN arg_list RPAREN
    (96) expression -> . LBRACE hash_elements RBRACE
    (97) expression -> . LBRACE empty RBRACE
    (115) expression -> . LAMBDA LPAREN params RPAREN COLON type ARROW expression
    (116) expression -> . LAMBDA LPAREN params RPAREN ARROW expression
    (117) expression -> . LAMBDA LPAREN RPAREN ARROW expression
    (88) assign_stmt -> . LET ID COLON type ASSIGN expression optional_semicolon
    (89) assign_stmt -> . LET ID ASSIGN expression optional_semicolon
    (90) assign_stmt -> . ID ASSIGN expression optional_semicolon
    (94) statement_index_assign -> . expression LBRACKET expression RBRACKET ASSIGN expression optional_semicolon
    (24) disp_stmt -> . DISP LPAREN expression RPAREN optional_semicolon
    (25) entry_stmt -> . ENTRY LPAREN expression RPAREN optional_semicolon
    (26) entry_stmt -> . ENTRY optional_semicolon
    (36) If_Else_stmt -> . IF expression block
    (37) If_Else_stmt -> . IF expression block ELSE block
    (38) while_stmt -> . WHILE expression block
    (35) block -> . LBRACE statements RBRACE
    (55) function_stmt -> . FUNCTION ID COLON type param_list COLON block
    (56) function_stmt -> . FUNCTION ID param_list COLON block
    (39) for_stmt -> . FOR LPAREN statement expression SEMICOLON statement RPAREN block
    (40) for_stmt -> . FOR expression block
    (41) continue_stmt -> . CONT optional_semicolon
    (42) break_stmt -> . BREAK optional_semicolon
    (43) return_stmt -> . RETURN expression optional_semicolon
    (44) return_stmt -> . RETURN optional_semicolon
    (61) call_stmt -> . ID LPAREN arg_list RPAREN
    (102) try_ok_stmt -> . TRY COLON block OK_CHECK LBRACKET ID COMMA ID RBRACKET COLON block
    (103) try_ok_stmt -> . TRY COLON block OK_CHECK LBRACKET ID RBRACKET COLON block
    (104) try_ok_stmt -> . TRY COLON block OK_CHECK COLON block
    (105) try_ok_stmt -> . TRY COLON statements OK_CHECK LBRACKET ID COMMA ID RBRACKET COLON statements
    (106) try_ok_stmt -> . TRY COLON statements OK_CHECK LBRACKET ID RBRACKET COLON statements
    (107) try_ok_stmt -> . TRY COLON statements OK_CHECK COLON statements
    (101) throw_stmt -> . THROW expression optional_semicolon
    (108) assert_stmt -> . ASSERT expression COMMA expression optional_semicolon
    (109) assert_stmt -> . ASSERT expression optional_semicolon
    (110) assert_eq_stmt -> . ASSERT_EQ expression COMMA expression optional_semicolon
    (111) attempt_stmt -> . ATTEMPT LPAREN expression RPAREN COLON block FALLBACK COLON block
    (112) attempt_stmt -> . ATTEMPT LPAREN expression RPAREN COLON block
    (113) attempt_stmt -> . ATTEMPT LPAREN expression RPAREN COLON statements FALLBACK COLON statements
    (114) attempt_stmt -> . ATTEMPT LPAREN expression RPAREN COLON statements
    (30) variable -> . INT
    (31) variable -> . STR
    (32) variable -> . BOOL
    (33) variable -> . ID
    (34) variable -> . FLOAT
    (63) bin_ops -> . expression ADD expression
    (64) bin_ops -> . expression SUB expression
    (65) bin_ops -> . expression MUL expression
    (66) bin_ops -> . expression DIV expression
    (67) bin_ops -> . expression MOD expression
    (68) bin_ops -> . expression POW expression
    (69) bin_ops -> . expression GT expression
    (70) bin_ops -> . expression LT expression
    (71) bin_ops -> . expression GE expression
    (72) bin_ops -> . expression LE expression
    (73) bin_ops -> . expression EQ expression
    (74) bin_ops -> . expression NE expression
    (75) bin_ops -> . expression AND expression
    (76) bin_ops -> . expression OR expression

  ! shift/reduce conflict for LPAREN resolved as shift
  ! shift/reduce conflict for NOT resolved as shift
  ! shift/reduce conflict for SUB resolved as shift
  ! shift/reduce conflict for LBRACKET resolved as shift
  ! shift/reduce conflict for LBRACE resolved as shift
  ! shift/reduce conflict for LAMBDA resolved as shift
  ! shift/reduce conflict for LET resolved as shift
  ! shift/reduce conflict for ID resolved as shift
  ! shift/reduce conflict for DISP resolved as shift
  ! shift/reduce conflict for ENTRY resolved as shift
  ! shift/reduce conflict for IF resolved as shift
  ! shift/reduce conflict for WHILE resolved as shift
  ! shift/reduce conflict for FUNCTION resolved as shift
  ! shift/reduce conflict for FOR resolved as shift
  ! shift/reduce conflict for CONT resolved as shift
  ! shift/reduce conflict for BREAK resolved as shift
  ! shift/reduce conflict for RETURN resolved as shift
  ! shift/reduce conflict for TRY resolved as shift
  ! shift/reduce conflict for THROW resolved as shift
  ! shift/reduce conflict for ASSERT resolved as shift
  ! shift/reduce conflict for ASSERT_EQ resolved as shift
  ! shift/reduce conflict for ATTEMPT resolved as shift
  ! shift/reduce conflict for INT resolved as shift
  ! shift/reduce conflict for STR resolved as shift
  ! shift/reduce conflict for BOOL resolved as shift
  ! shift/reduce conflict for FLOAT resolved as shift
    RBRACE          reduce using rule 118 (empty -> .)
    LPAREN          shift and go to state 26
    NOT             shift and go to state 27
    SUB             shift and go to state 28
    LBRACKET        shift and go to state 29
    LBRACE          shift and go to state 31
    LAMBDA          shift and go to state 32
    LET             shift and go to state 33
    ID              shift and go to state 30
    DISP            shift and go to state 34
    ENTRY           shift and go to state 35
    IF              shift and go to state 36
    WHILE           shift and go to state 37
    FUNCTION        shift and go to state 38
    FOR             shift and go to state 39
    CONT            shift and go to state 40
    BREAK           shift and go to state 41
    RETURN          shift and go to state 42
    TRY             shift and go to state 43
    THROW           shift and go to state 44
    ASSERT          shift and go to state 45
    ASSERT_EQ       shift and go to state 46
    ATTEMPT         shift and go to state 47
    INT             shift and go to state 48
    STR             shift and go to state 49
    BOOL            shift and go to state 50
    FLOAT           shift and go to state 51

  ! LPAREN          [ reduce using rule 118 (empty -> .) ]
  ! NOT             [ reduce using rule 118 (empty -> .) ]
  ! SUB             [ reduce using rule 118 (empty -> .) ]
  ! LBRACKET        [ reduce using rule 118 (empty -> .) ]
  ! LBRACE          [ reduce using rule 118 (empty -> .) ]
  ! LAMBDA          [ reduce using rule 118 (empty -> .) ]
  ! LET             [ reduce using rule 118 (empty -> .) ]
  ! ID              [ reduce using rule 118 (empty -> .) ]
  ! DISP            [ reduce using rule 118 (empty -> .) ]
  ! ENTRY           [ reduce using rule 118 (empty -> .) ]
  ! IF              [ reduce using rule 118 (empty -> .) ]
  ! WHILE           [ reduce using rule 118 (empty -> .) ]
  ! FUNCTION        [ reduce using rule 118 (empty -> .) ]
  ! FOR             [ reduce using rule 118 (empty -> .) ]
  ! CONT            [ reduce using rule 118 (empty -> .) ]
  ! BREAK           [ reduce using rule 118 (empty -> .) ]
  ! RETURN          [ reduce using rule 118 (empty -> .) ]
  ! TRY             [ reduce using rule 118 (empty -> .) ]
  ! THROW           [ reduce using rule 118 (empty -> .) ]
  ! ASSERT          [ reduce using rule 118 (empty -> .) ]
  ! ASSERT_EQ       [ reduce using rule 118 (empty -> .) ]
  ! ATTEMPT         [ reduce using rule 118 (empty -> .) ]
  ! INT             [ reduce using rule 118 (empty -> .) ]
  ! STR             [ reduce using rule 118 (empty -> .) ]
  ! BOOL            [ reduce using rule 118 (empty -> .) ]
  ! FLOAT           [ reduce using rule 118 (empty -> .) ]

    statements                     shift and go to state 85
    hash_elements                  shift and go to state 83
    empty                          shift and go to state 84
    statement                      shift and go to state 3
    hash_element                   shift and go to state 86
    expression                     shift and go to state 198
    assign_stmt                    shift and go to state 5
    statement_index_assign         shift and go to state 6
    disp_stmt                      shift and go to state 7
    entry_stmt                     shift and go to state 8
    If_Else_stmt                   shift and go to state 9
    while_stmt                     shift and go to state 10
    block                          shift and go to state 11
    function_stmt                  shift and go to state 12
    for_stmt                       shift and go to state 13
    continue_stmt                  shift and go to state 14
    break_stmt                     shift and go to state 15
    return_stmt                    shift and go to state 16
    call_stmt                      shift and go to state 17
    try_ok_stmt                    shift and go to state 18
    throw_stmt                     shift and go to state 19
    assert_stmt                    shift and go to state 20
    assert_eq_stmt                 shift and go to state 21
    attempt_stmt                   shift and go to state 22
    variable                       shift and go to state 24
    bin_ops                        shift and go to state 25

state 160

    (101) throw_stmt -> THROW expression optional_semicolon .

    LPAREN          reduce using rule 101 (throw_stmt -> THROW expression optional_semicolon .)
    NOT             reduce using rule 101 (throw_stmt -> THROW expression optional_semicolon .)
    SUB             reduce using rule 101 (throw_stmt -> THROW expression optional_semicolon .)
    LBRACKET        reduce using rule 101 (throw_stmt -> THROW expression optional_semicolon .)
    LBRACE          reduce using rule 101 (throw_stmt -> THROW expression optional_semicolon .)
    LAMBDA          reduce using rule 101 (throw_stmt -> THROW expression optional_semicolon .)
    LET             reduce using rule 101 (throw_stmt -> THROW expression optional_semicolon .)
    ID              reduce using rule 101 (throw_stmt -> THROW expression optional_semicolon .)
    DISP            reduce using rule 101 (throw_stmt -> THROW expression optional_semicolon .)
    ENTRY           reduce using rule 101 (throw_stmt -> THROW expression optional_semicolon .)
    IF              reduce using rule 101 (throw_stmt -> THROW expression optional_semicolon .)
    WHILE           reduce using rule 101 (throw_stmt -> THROW expression optional_semicolon .)
    FUNCTION        reduce using rule 101 (throw_stmt -> THROW expression optional_semicolon .)
    FOR             reduce using rule 101 (throw_stmt -> THROW expression optional_semicolon .)
    CONT            reduce using rule 101 (throw_stmt -> THROW expression optional_semicolon .)
    BREAK           reduce using rule 101 (throw_stmt -> THROW expression optional_semicolon .)
    RETURN          reduce using rule 101 (throw_stmt -> THROW expression optional_semicolon .)
    TRY             reduce using rule 101 (throw_stmt -> THROW expression optional_semicolon .)
    THROW           reduce using rule 101 (throw_stmt -> THROW expression optional_semicolon .)
    ASSERT          reduce using rule 101 (throw_stmt -> THROW expression optional_semicolon .)
    ASSERT_EQ       reduce using rule 101 (throw_stmt -> THROW expression optional_semicolon .)
    ATTEMPT         reduce using rule 101 (throw_stmt -> THROW expression optional_semicolon .)
    INT             reduce using rule 101 (throw_stmt -> THROW expression optional_semicolon .)
    STR             reduce using rule 101 (throw_stmt -> THROW expression optional_semicolon .)
    BOOL            reduce using rule 101 (throw_stmt -> THROW expression optional_semicolon .)
    FLOAT           reduce using rule 101 (throw_stmt -> THROW expression optional_semicolon .)
    $end            reduce using rule 101 (throw_stmt -> THROW expression optional_semicolon .)
    RBRACE          reduce using rule 101 (throw_stmt -> THROW expression optional_semicolon .)
    OK_CHECK        reduce using rule 101 (throw_stmt -> THROW expression optional_semicolon .)
    RPAREN          reduce using rule 101 (throw_stmt -> THROW expression optional_semicolon .)
    FALLBACK        reduce using rule 101 (throw_stmt -> THROW expression optional_semicolon .)


state 161

    (108) assert_stmt -> ASSERT expression COMMA . expression optional_semicolon
    (27) expression -> . variable
    (28) expression -> . bin_ops
    (29) expression -> . LPAREN expression RPAREN
    (45) expression -> . NOT expression
    (46) expression -> . SUB expression
    (62) expression -> . call_stmt
    (91) expression -> . LBRACKET args RBRACKET
    (92) expression -> . LBRACKET empty RBRACKET
    (93) expression -> . expression LBRACKET expression RBRACKET
    (95) expression -> . expression DOT ID LPAREN arg_list RPAREN
    (96) expression -> . LBRACE hash_elements RBRACE
    (97) expression -> . LBRACE empty RBRACE
    (115) expression -> . LAMBDA LPAREN params RPAREN COLON type ARROW expression
    (116) expression -> . LAMBDA LPAREN params RPAREN ARROW expression
    (117) expression -> . LAMBDA LPAREN RPAREN ARROW expression
    (30) variable -> . INT
    (31) variable -> . STR
    (32) variable -> . BOOL
    (33) variable -> . ID
    (34) variable -> . FLOAT
    (63) bin_ops -> . expression ADD expression
    (64) bin_ops -> . expression SUB expression
    (65) bin_ops -> . expression MUL expression
    (66) bin_ops -> . expression DIV expression
    (67) bin_ops -> . expression MOD expression
    (68) bin_ops -> . expression POW expression
    (69) bin_ops -> . expression GT expression
    (70) bin_ops -> . expression LT expression
    (71) bin_ops -> . expression GE expression
    (72) bin_ops -> . expression LE expression
    (73) bin_ops -> . expression EQ expression
    (74) bin_ops -> . expression NE expression
    (75) bin_ops -> . expression AND expression
    (76) bin_ops -> . expression OR expression
    (61) call_stmt -> . ID LPAREN arg_list RPAREN

    LPAREN          shift and go to state 26
    NOT             shift and go to state 27
    SUB             shift and go to state 28
    LBRACKET        shift and go to state 29
    LBRACE          shift and go to state 75
    LAMBDA          shift and go to state 32
    INT             shift and go to state 48
    STR             shift and go to state 49
    BOOL            shift and go to state 50
    ID              shift and go to state 74
    FLOAT           shift and go to state 51

    expression                     shift and go to state 199
    variable                       shift and go to state 24
    bin_ops                        shift and go to state 25
    call_stmt                      shift and go to state 73

state 162

    (109) assert_stmt -> ASSERT expression optional_semicolon .

    LPAREN          reduce using rule 109 (assert_stmt -> ASSERT expression optional_semicolon .)
    NOT             reduce using rule 109 (assert_stmt -> ASSERT expression optional_semicolon .)
    SUB             reduce using rule 109 (assert_stmt -> ASSERT expression optional_semicolon .)
    LBRACKET        reduce using rule 109 (assert_stmt -> ASSERT expression optional_semicolon .)
    LBRACE          reduce using rule 109 (assert_stmt -> ASSERT expression optional_semicolon .)
    LAMBDA          reduce using rule 109 (assert_stmt -> ASSERT expression optional_semicolon .)
    LET             reduce using rule 109 (assert_stmt -> ASSERT expression optional_semicolon .)
    ID              reduce using rule 109 (assert_stmt -> ASSERT expression optional_semicolon .)
    DISP            reduce using rule 109 (assert_stmt -> ASSERT expression optional_semicolon .)
    ENTRY           reduce using rule 109 (assert_stmt -> ASSERT expression optional_semicolon .)
    IF              reduce using rule 109 (assert_stmt -> ASSERT expression optional_semicolon .)
    WHILE           reduce using rule 109 (assert_stmt -> ASSERT expression optional_semicolon .)
    FUNCTION        reduce using rule 109 (assert_stmt -> ASSERT expression optional_semicolon .)
    FOR             reduce using rule 109 (assert_stmt -> ASSERT expression optional_semicolon .)
    CONT            reduce using rule 109 (assert_stmt -> ASSERT expression optional_semicolon .)
    BREAK           reduce using rule 109 (assert_stmt -> ASSERT expression optional_semicolon .)
    RETURN          reduce using rule 109 (assert_stmt -> ASSERT expression optional_semicolon .)
    TRY             reduce using rule 109 (assert_stmt -> ASSERT expression optional_semicolon .)
    THROW           reduce using rule 109 (assert_stmt -> ASSERT expression optional_semicolon .)
    ASSERT          reduce using rule 109 (assert_stmt -> ASSERT expression optional_semicolon .)
    ASSERT_EQ       reduce using rule 109 (assert_stmt -> ASSERT expression optional_semicolon .)
    ATTEMPT         reduce using rule 109 (assert_stmt -> ASSERT expression optional_semicolon .)
    INT             reduce using rule 109 (assert_stmt -> ASSERT expression optional_semicolon .)
    STR             reduce using rule 109 (assert_stmt -> ASSERT expression optional_semicolon .)
    BOOL            reduce using rule 109 (assert_stmt -> ASSERT expression optional_semicolon .)
    FLOAT           reduce using rule 109 (assert_stmt -> ASSERT expression optional_semicolon .)
    $end            reduce using rule 109 (assert_stmt -> ASSERT expression optional_semicolon .)
    RBRACE          reduce using rule 109 (assert_stmt -> ASSERT expression optional_semicolon .)
    OK_CHECK        reduce using rule 109 (assert_stmt -> ASSERT expression optional_semicolon .)
    RPAREN          reduce using rule 109 (assert_stmt -> ASSERT expression optional_semicolon .)
    FALLBACK        reduce using rule 109 (assert_stmt -> ASSERT expression optional_semicolon .)


state 163

    (110) assert_eq_stmt -> ASSERT_EQ expression COMMA . expression optional_semicolon
    (27) expression -> . variable
    (28) expression -> . bin_ops
    (29) expression -> . LPAREN expression RPAREN
    (45) expression -> . NOT expression
    (46) expression -> . SUB expression
    (62) expression -> . call_stmt
    (91) expression -> . LBRACKET args RBRACKET
    (92) expression -> . LBRACKET empty RBRACKET
    (93) expression -> . expression LBRACKET expression RBRACKET
    (95) expression -> . expression DOT ID LPAREN arg_list RPAREN
    (96) expression -> . LBRACE hash_elements RBRACE
    (97) expression -> . LBRACE empty RBRACE
    (115) expression -> . LAMBDA LPAREN params RPAREN COLON type ARROW expression
    (116) expression -> . LAMBDA LPAREN params RPAREN ARROW expression
    (117) expression -> . LAMBDA LPAREN RPAREN ARROW expression
    (30) variable -> . INT
    (31) variable -> . STR
    (32) variable -> . BOOL
    (33) variable -> . ID
    (34) variable -> . FLOAT
    (63) bin_ops -> . expression ADD expression
    (64) bin_ops -> . expression SUB expression
    (65) bin_ops -> . expression MUL expression
    (66) bin_ops -> . expression DIV expression
    (67) bin_ops -> . expression MOD expression
    (68) bin_ops -> . expression POW expression
    (69) bin_ops -> . expression GT expression
    (70) bin_ops -> . expression LT expression
    (71) bin_ops -> . expression GE expression
    (72) bin_ops -> . expression LE expression
    (73) bin_ops -> . expression EQ expression
    (74) bin_ops -> . expression NE expression
    (75) bin_ops -> . expression AND expression
    (76) bin_ops -> . expression OR expression
    (61) call_stmt -> . ID LPAREN arg_list RPAREN

    LPAREN          shift and go to state 26
    NOT             shift and go to state 27
    SUB             shift and go to state 28
    LBRACKET        shift and go to state 29
    LBRACE          shift and go to state 75
    LAMBDA          shift and go to state 32
    INT             shift and go to state 48
    STR             shift and go to state 49
    BOOL            shift and go to state 50
    ID              shift and go to state 74
    FLOAT           shift and go to state 51

    expression                     shift and go to state 200
    variable                       shift and go to state 24
    bin_ops                        shift and go to state 25
    call_stmt                      shift and go to state 73

state 164

    (111) attempt_stmt -> ATTEMPT LPAREN expression . RPAREN COLON block FALLBACK COLON block
    (112) attempt_stmt -> ATTEMPT LPAREN expression . RPAREN COLON block
    (113) attempt_stmt -> ATTEMPT LPAREN expression . RPAREN COLON statements FALLBACK COLON statements
    (114) attempt_stmt -> ATTEMPT LPAREN expression . RPAREN COLON statements
    (93) expression -> expression . LBRACKET expression RBRACKET
    (95) expression -> expression . DOT ID LPAREN arg_list RPAREN
    (63) bin_ops -> expression . ADD expression
    (64) bin_ops -> expression . SUB expression
    (65) bin_ops -> expression . MUL expression
    (66) bin_ops -> expression . DIV expression
    (67) bin_ops -> expression . MOD expression
    (68) bin_ops -> expression . POW expression
    (69) bin_ops -> expression . GT expression
    (70) bin_ops -> expression . LT expression
    (71) bin_ops -> expression . GE expression
    (72) bin_ops -> expression . LE expression
    (73) bin_ops -> expression . EQ expression
    (74) bin_ops -> expression . NE expression
    (75) bin_ops -> expression . AND expression
    (76) bin_ops -> expression . OR expression

    RPAREN          shift and go to state 201
    LBRACKET        shift and go to state 124
    DOT             shift and go to state 55
    ADD             shift and go to state 56
    SUB             shift and go to state 57
    MUL             shift and go to state 58
    DIV             shift and go to state 59
    MOD             shift and go to state 60
    POW             shift and go to state 61
    GT              shift and go to state 62
    LT              shift and go to state 63
    GE              shift and go to state 64
    LE              shift and go to state 65
    EQ              shift and go to state 66
    NE              shift and go to state 67
    AND             shift and go to state 68
    OR              shift and go to state 69


state 165

    (93) expression -> expression LBRACKET expression RBRACKET .
    (94) statement_index_assign -> expression LBRACKET expression RBRACKET . ASSIGN expression optional_semicolon

    LBRACKET        reduce using rule 93 (expression -> expression LBRACKET expression RBRACKET .)
    DOT             reduce using rule 93 (expression -> expression LBRACKET expression RBRACKET .)
    ADD             reduce using rule 93 (expression -> expression LBRACKET expression RBRACKET .)
    SUB             reduce using rule 93 (expression -> expression LBRACKET expression RBRACKET .)
    MUL             reduce using rule 93 (expression -> expression LBRACKET expression RBRACKET .)
    DIV             reduce using rule 93 (expression -> expression LBRACKET expression RBRACKET .)
    MOD             reduce using rule 93 (expression -> expression LBRACKET expression RBRACKET .)
    POW             reduce using rule 93 (expression -> expression LBRACKET expression RBRACKET .)
    GT              reduce using rule 93 (expression -> expression LBRACKET expression RBRACKET .)
    LT              reduce using rule 93 (expression -> expression LBRACKET expression RBRACKET .)
    GE              reduce using rule 93 (expression -> expression LBRACKET expression RBRACKET .)
    LE              reduce using rule 93 (expression -> expression LBRACKET expression RBRACKET .)
    EQ              reduce using rule 93 (expression -> expression LBRACKET expression RBRACKET .)
    NE              reduce using rule 93 (expression -> expression LBRACKET expression RBRACKET .)
    AND             reduce using rule 93 (expression -> expression LBRACKET expression RBRACKET .)
    OR              reduce using rule 93 (expression -> expression LBRACKET expression RBRACKET .)
    SEMICOLON       reduce using rule 93 (expression -> expression LBRACKET expression RBRACKET .)
    LPAREN          reduce using rule 93 (expression -> expression LBRACKET expression RBRACKET .)
    NOT             reduce using rule 93 (expression -> expression LBRACKET expression RBRACKET .)
    LBRACE          reduce using rule 93 (expression -> expression LBRACKET expression RBRACKET .)
    LAMBDA          reduce using rule 93 (expression -> expression LBRACKET expression RBRACKET .)
    LET             reduce using rule 93 (expression -> expression LBRACKET expression RBRACKET .)
    ID              reduce using rule 93 (expression -> expression LBRACKET expression RBRACKET .)
    DISP            reduce using rule 93 (expression -> expression LBRACKET expression RBRACKET .)
    ENTRY           reduce using rule 93 (expression -> expression LBRACKET expression RBRACKET .)
    IF              reduce using rule 93 (expression -> expression LBRACKET expression RBRACKET .)
    WHILE           reduce using rule 93 (expression -> expression LBRACKET expression RBRACKET .)
    FUNCTION        reduce using rule 93 (expression -> expression LBRACKET expression RBRACKET .)
    FOR             reduce using rule 93 (expression -> expression LBRACKET expression RBRACKET .)
    CONT            reduce using rule 93 (expression -> expression LBRACKET expression RBRACKET .)
    BREAK           reduce using rule 93 (expression -> expression LBRACKET expression RBRACKET .)
    RETURN          reduce using rule 93 (expression -> expression LBRACKET expression RBRACKET .)
    TRY             reduce using rule 93 (expression -> expression LBRACKET expression RBRACKET .)
    THROW           reduce using rule 93 (expression -> expression LBRACKET expression RBRACKET .)
    ASSERT          reduce using rule 93 (expression -> expression LBRACKET expression RBRACKET .)
    ASSERT_EQ       reduce using rule 93 (expression -> expression LBRACKET expression RBRACKET .)
    ATTEMPT         reduce using rule 93 (expression -> expression LBRACKET expression RBRACKET .)
    INT             reduce using rule 93 (expression -> expression LBRACKET expression RBRACKET .)
    STR             reduce using rule 93 (expression -> expression LBRACKET expression RBRACKET .)
    BOOL            reduce using rule 93 (expression -> expression LBRACKET expression RBRACKET .)
    FLOAT           reduce using rule 93 (expression -> expression LBRACKET expression RBRACKET .)
    $end            reduce using rule 93 (expression -> expression LBRACKET expression RBRACKET .)
    COLON           reduce using rule 93 (expression -> expression LBRACKET expression RBRACKET .)
    RBRACE          reduce using rule 93 (expression -> expression LBRACKET expression RBRACKET .)
    RPAREN          reduce using rule 93 (expression -> expression LBRACKET expression RBRACKET .)
    OK_CHECK        reduce using rule 93 (expression -> expression LBRACKET expression RBRACKET .)
    FALLBACK        reduce using rule 93 (expression -> expression LBRACKET expression RBRACKET .)
    ASSIGN          shift and go to state 202


state 166

    (95) expression -> expression DOT ID LPAREN . arg_list RPAREN
    (59) arg_list -> . args
    (60) arg_list -> . empty
    (57) args -> . expression
    (58) args -> . args COMMA expression
    (118) empty -> .
    (27) expression -> . variable
    (28) expression -> . bin_ops
    (29) expression -> . LPAREN expression RPAREN
    (45) expression -> . NOT expression
    (46) expression -> . SUB expression
    (62) expression -> . call_stmt
    (91) expression -> . LBRACKET args RBRACKET
    (92) expression -> . LBRACKET empty RBRACKET
    (93) expression -> . expression LBRACKET expression RBRACKET
    (95) expression -> . expression DOT ID LPAREN arg_list RPAREN
    (96) expression -> . LBRACE hash_elements RBRACE
    (97) expression -> . LBRACE empty RBRACE
    (115) expression -> . LAMBDA LPAREN params RPAREN COLON type ARROW expression
    (116) expression -> . LAMBDA LPAREN params RPAREN ARROW expression
    (117) expression -> . LAMBDA LPAREN RPAREN ARROW expression
    (30) variable -> . INT
    (31) variable -> . STR
    (32) variable -> . BOOL
    (33) variable -> . ID
    (34) variable -> . FLOAT
    (63) bin_ops -> . expression ADD expression
    (64) bin_ops -> . expression SUB expression
    (65) bin_ops -> . expression MUL expression
    (66) bin_ops -> . expression DIV expression
    (67) bin_ops -> . expression MOD expression
    (68) bin_ops -> . expression POW expression
    (69) bin_ops -> . expression GT expression
    (70) bin_ops -> . expression LT expression
    (71) bin_ops -> . expression GE expression
    (72) bin_ops -> . expression LE expression
    (73) bin_ops -> . expression EQ expression
    (74) bin_ops -> . expression NE expression
    (75) bin_ops -> . expression AND expression
    (76) bin_ops -> . expression OR expression
    (61) call_stmt -> . ID LPAREN arg_list RPAREN

    RPAREN          reduce using rule 118 (empty -> .)
    LPAREN          shift and go to state 26
    NOT             shift and go to state 27
    SUB             shift and go to state 28
    LBRACKET        shift and go to state 29
    LBRACE          shift and go to state 75
    LAMBDA          shift and go to state 32
    INT             shift and go to state 48
    STR             shift and go to state 49
    BOOL            shift and go to state 50
    ID              shift and go to state 74
    FLOAT           shift and go to state 51

    expression                     shift and go to state 80
    arg_list                       shift and go to state 203
    args                           shift and go to state 132
    empty                          shift and go to state 133
    variable                       shift and go to state 24
    bin_ops                        shift and go to state 25
    call_stmt                      shift and go to state 73

state 167

    (93) expression -> expression LBRACKET expression . RBRACKET
    (93) expression -> expression . LBRACKET expression RBRACKET
    (95) expression -> expression . DOT ID LPAREN arg_list RPAREN
    (63) bin_ops -> expression . ADD expression
    (64) bin_ops -> expression . SUB expression
    (65) bin_ops -> expression . MUL expression
    (66) bin_ops -> expression . DIV expression
    (67) bin_ops -> expression . MOD expression
    (68) bin_ops -> expression . POW expression
    (69) bin_ops -> expression . GT expression
    (70) bin_ops -> expression . LT expression
    (71) bin_ops -> expression . GE expression
    (72) bin_ops -> expression . LE expression
    (73) bin_ops -> expression . EQ expression
    (74) bin_ops -> expression . NE expression
    (75) bin_ops -> expression . AND expression
    (76) bin_ops -> expression . OR expression

    RBRACKET        shift and go to state 204
    LBRACKET        shift and go to state 124
    DOT             shift and go to state 55
    ADD             shift and go to state 56
    SUB             shift and go to state 57
    MUL             shift and go to state 58
    DIV             shift and go to state 59
    MOD             shift and go to state 60
    POW             shift and go to state 61
    GT              shift and go to state 62
    LT              shift and go to state 63
    GE              shift and go to state 64
    LE              shift and go to state 65
    EQ              shift and go to state 66
    NE              shift and go to state 67
    AND             shift and go to state 68
    OR              shift and go to state 69


state 168

    (58) args -> args COMMA expression .
    (93) expression -> expression . LBRACKET expression RBRACKET
    (95) expression -> expression . DOT ID LPAREN arg_list RPAREN
    (63) bin_ops -> expression . ADD expression
    (64) bin_ops -> expression . SUB expression
    (65) bin_ops -> expression . MUL expression
    (66) bin_ops -> expression . DIV expression
    (67) bin_ops -> expression . MOD expression
    (68) bin_ops -> expression . POW expression
    (69) bin_ops -> expression . GT expression
    (70) bin_ops -> expression . LT expression
    (71) bin_ops -> expression . GE expression
    (72) bin_ops -> expression . LE expression
    (73) bin_ops -> expression . EQ expression
    (74) bin_ops -> expression . NE expression
    (75) bin_ops -> expression . AND expression
    (76) bin_ops -> expression . OR expression

    RBRACKET        reduce using rule 58 (args -> args COMMA expression .)
    COMMA           reduce using rule 58 (args -> args COMMA expression .)
    RPAREN          reduce using rule 58 (args -> args COMMA expression .)
    LBRACKET        shift and go to state 124
    DOT             shift and go to state 55
    ADD             shift and go to state 56
    SUB             shift and go to state 57
    MUL             shift and go to state 58
    DIV             shift and go to state 59
    MOD             shift and go to state 60
    POW             shift and go to state 61
    GT              shift and go to state 62
    LT              shift and go to state 63
    GE              shift and go to state 64
    LE              shift and go to state 65
    EQ              shift and go to state 66
    NE              shift and go to state 67
    AND             shift and go to state 68
    OR              shift and go to state 69


state 169

    (90) assign_stmt -> ID ASSIGN expression optional_semicolon .

    LPAREN          reduce using rule 90 (assign_stmt -> ID ASSIGN expression optional_semicolon .)
    NOT             reduce using rule 90 (assign_stmt -> ID ASSIGN expression optional_semicolon .)
    SUB             reduce using rule 90 (assign_stmt -> ID ASSIGN expression optional_semicolon .)
    LBRACKET        reduce using rule 90 (assign_stmt -> ID ASSIGN expression optional_semicolon .)
    LBRACE          reduce using rule 90 (assign_stmt -> ID ASSIGN expression optional_semicolon .)
    LAMBDA          reduce using rule 90 (assign_stmt -> ID ASSIGN expression optional_semicolon .)
    LET             reduce using rule 90 (assign_stmt -> ID ASSIGN expression optional_semicolon .)
    ID              reduce using rule 90 (assign_stmt -> ID ASSIGN expression optional_semicolon .)
    DISP            reduce using rule 90 (assign_stmt -> ID ASSIGN expression optional_semicolon .)
    ENTRY           reduce using rule 90 (assign_stmt -> ID ASSIGN expression optional_semicolon .)
    IF              reduce using rule 90 (assign_stmt -> ID ASSIGN expression optional_semicolon .)
    WHILE           reduce using rule 90 (assign_stmt -> ID ASSIGN expression optional_semicolon .)
    FUNCTION        reduce using rule 90 (assign_stmt -> ID ASSIGN expression optional_semicolon .)
    FOR             reduce using rule 90 (assign_stmt -> ID ASSIGN expression optional_semicolon .)
    CONT            reduce using rule 90 (assign_stmt -> ID ASSIGN expression optional_semicolon .)
    BREAK           reduce using rule 90 (assign_stmt -> ID ASSIGN expression optional_semicolon .)
    RETURN          reduce using rule 90 (assign_stmt -> ID ASSIGN expression optional_semicolon .)
    TRY             reduce using rule 90 (assign_stmt -> ID ASSIGN expression optional_semicolon .)
    THROW           reduce using rule 90 (assign_stmt -> ID ASSIGN expression optional_semicolon .)
    ASSERT          reduce using rule 90 (assign_stmt -> ID ASSIGN expression optional_semicolon .)
    ASSERT_EQ       reduce using rule 90 (assign_stmt -> ID ASSIGN expression optional_semicolon .)
    ATTEMPT         reduce using rule 90 (assign_stmt -> ID ASSIGN expression optional_semicolon .)
    INT             reduce using rule 90 (assign_stmt -> ID ASSIGN expression optional_semicolon .)
    STR             reduce using rule 90 (assign_stmt -> ID ASSIGN expression optional_semicolon .)
    BOOL            reduce using rule 90 (assign_stmt -> ID ASSIGN expression optional_semicolon .)
    FLOAT           reduce using rule 90 (assign_stmt -> ID ASSIGN expression optional_semicolon .)
    $end            reduce using rule 90 (assign_stmt -> ID ASSIGN expression optional_semicolon .)
    RBRACE          reduce using rule 90 (assign_stmt -> ID ASSIGN expression optional_semicolon .)
    OK_CHECK        reduce using rule 90 (assign_stmt -> ID ASSIGN expression optional_semicolon .)
    RPAREN          reduce using rule 90 (assign_stmt -> ID ASSIGN expression optional_semicolon .)
    FALLBACK        reduce using rule 90 (assign_stmt -> ID ASSIGN expression optional_semicolon .)


state 170

    (61) call_stmt -> ID LPAREN arg_list RPAREN .

    LPAREN          reduce using rule 61 (call_stmt -> ID LPAREN arg_list RPAREN .)
    NOT             reduce using rule 61 (call_stmt -> ID LPAREN arg_list RPAREN .)
    SUB             reduce using rule 61 (call_stmt -> ID LPAREN arg_list RPAREN .)
    LBRACKET        reduce using rule 61 (call_stmt -> ID LPAREN arg_list RPAREN .)
    LBRACE          reduce using rule 61 (call_stmt -> ID LPAREN arg_list RPAREN .)
    LAMBDA          reduce using rule 61 (call_stmt -> ID LPAREN arg_list RPAREN .)
    LET             reduce using rule 61 (call_stmt -> ID LPAREN arg_list RPAREN .)
    ID              reduce using rule 61 (call_stmt -> ID LPAREN arg_list RPAREN .)
    DISP            reduce using rule 61 (call_stmt -> ID LPAREN arg_list RPAREN .)
    ENTRY           reduce using rule 61 (call_stmt -> ID LPAREN arg_list RPAREN .)
    IF              reduce using rule 61 (call_stmt -> ID LPAREN arg_list RPAREN .)
    WHILE           reduce using rule 61 (call_stmt -> ID LPAREN arg_list RPAREN .)
    FUNCTION        reduce using rule 61 (call_stmt -> ID LPAREN arg_list RPAREN .)
    FOR             reduce using rule 61 (call_stmt -> ID LPAREN arg_list RPAREN .)
    CONT            reduce using rule 61 (call_stmt -> ID LPAREN arg_list RPAREN .)
    BREAK           reduce using rule 61 (call_stmt -> ID LPAREN arg_list RPAREN .)
    RETURN          reduce using rule 61 (call_stmt -> ID LPAREN arg_list RPAREN .)
    TRY             reduce using rule 61 (call_stmt -> ID LPAREN arg_list RPAREN .)
    THROW           reduce using rule 61 (call_stmt -> ID LPAREN arg_list RPAREN .)
    ASSERT          reduce using rule 61 (call_stmt -> ID LPAREN arg_list RPAREN .)
    ASSERT_EQ       reduce using rule 61 (call_stmt -> ID LPAREN arg_list RPAREN .)
    ATTEMPT         reduce using rule 61 (call_stmt -> ID LPAREN arg_list RPAREN .)
    INT             reduce using rule 61 (call_stmt -> ID LPAREN arg_list RPAREN .)
    STR             reduce using rule 61 (call_stmt -> ID LPAREN arg_list RPAREN .)
    BOOL            reduce using rule 61 (call_stmt -> ID LPAREN arg_list RPAREN .)
    FLOAT           reduce using rule 61 (call_stmt -> ID LPAREN arg_list RPAREN .)
    $end            reduce using rule 61 (call_stmt -> ID LPAREN arg_list RPAREN .)
    DOT             reduce using rule 61 (call_stmt -> ID LPAREN arg_list RPAREN .)
    ADD             reduce using rule 61 (call_stmt -> ID LPAREN arg_list RPAREN .)
    MUL             reduce using rule 61 (call_stmt -> ID LPAREN arg_list RPAREN .)
    DIV             reduce using rule 61 (call_stmt -> ID LPAREN arg_list RPAREN .)
    MOD             reduce using rule 61 (call_stmt -> ID LPAREN arg_list RPAREN .)
    POW             reduce using rule 61 (call_stmt -> ID LPAREN arg_list RPAREN .)
    GT              reduce using rule 61 (call_stmt -> ID LPAREN arg_list RPAREN .)
    LT              reduce using rule 61 (call_stmt -> ID LPAREN arg_list RPAREN .)
    GE              reduce using rule 61 (call_stmt -> ID LPAREN arg_list RPAREN .)
    LE              reduce using rule 61 (call_stmt -> ID LPAREN arg_list RPAREN .)
    EQ              reduce using rule 61 (call_stmt -> ID LPAREN arg_list RPAREN .)
    NE              reduce using rule 61 (call_stmt -> ID LPAREN arg_list RPAREN .)
    AND             reduce using rule 61 (call_stmt -> ID LPAREN arg_list RPAREN .)
    OR              reduce using rule 61 (call_stmt -> ID LPAREN arg_list RPAREN .)
    SEMICOLON       reduce using rule 61 (call_stmt -> ID LPAREN arg_list RPAREN .)
    RPAREN          reduce using rule 61 (call_stmt -> ID LPAREN arg_list RPAREN .)
    RBRACKET        reduce using rule 61 (call_stmt -> ID LPAREN arg_list RPAREN .)
    COMMA           reduce using rule 61 (call_stmt -> ID LPAREN arg_list RPAREN .)
    COLON           reduce using rule 61 (call_stmt -> ID LPAREN arg_list RPAREN .)
    RBRACE          reduce using rule 61 (call_stmt -> ID LPAREN arg_list RPAREN .)
    OK_CHECK        reduce using rule 61 (call_stmt -> ID LPAREN arg_list RPAREN .)
    FALLBACK        reduce using rule 61 (call_stmt -> ID LPAREN arg_list RPAREN .)


state 171

    (100) hash_elements -> hash_elements COMMA hash_element .

    RBRACE          reduce using rule 100 (hash_elements -> hash_elements COMMA hash_element .)
    COMMA           reduce using rule 100 (hash_elements -> hash_elements COMMA hash_element .)


state 172

    (98) hash_element -> expression COLON expression .
    (93) expression -> expression . LBRACKET expression RBRACKET
    (95) expression -> expression . DOT ID LPAREN arg_list RPAREN
    (63) bin_ops -> expression . ADD expression
    (64) bin_ops -> expression . SUB expression
    (65) bin_ops -> expression . MUL expression
    (66) bin_ops -> expression . DIV expression
    (67) bin_ops -> expression . MOD expression
    (68) bin_ops -> expression . POW expression
    (69) bin_ops -> expression . GT expression
    (70) bin_ops -> expression . LT expression
    (71) bin_ops -> expression . GE expression
    (72) bin_ops -> expression . LE expression
    (73) bin_ops -> expression . EQ expression
    (74) bin_ops -> expression . NE expression
    (75) bin_ops -> expression . AND expression
    (76) bin_ops -> expression . OR expression

    RBRACE          reduce using rule 98 (hash_element -> expression COLON expression .)
    COMMA           reduce using rule 98 (hash_element -> expression COLON expression .)
    LBRACKET        shift and go to state 124
    DOT             shift and go to state 55
    ADD             shift and go to state 56
    SUB             shift and go to state 57
    MUL             shift and go to state 58
    DIV             shift and go to state 59
    MOD             shift and go to state 60
    POW             shift and go to state 61
    GT              shift and go to state 62
    LT              shift and go to state 63
    GE              shift and go to state 64
    LE              shift and go to state 65
    EQ              shift and go to state 66
    NE              shift and go to state 67
    AND             shift and go to state 68
    OR              shift and go to state 69


state 173

    (115) expression -> LAMBDA LPAREN params RPAREN . COLON type ARROW expression
    (116) expression -> LAMBDA LPAREN params RPAREN . ARROW expression

    COLON           shift and go to state 205
    ARROW           shift and go to state 206


state 174

    (52) params -> params COMMA . param
    (47) param -> . ID COLON type ASSIGN expression
    (48) param -> . ID COLON type
    (49) param -> . ID ASSIGN expression
    (50) param -> . ID

    ID              shift and go to state 142

    param                          shift and go to state 207

state 175

    (117) expression -> LAMBDA LPAREN RPAREN ARROW . expression
    (27) expression -> . variable
    (28) expression -> . bin_ops
    (29) expression -> . LPAREN expression RPAREN
    (45) expression -> . NOT expression
    (46) expression -> . SUB expression
    (62) expression -> . call_stmt
    (91) expression -> . LBRACKET args RBRACKET
    (92) expression -> . LBRACKET empty RBRACKET
    (93) expression -> . expression LBRACKET expression RBRACKET
    (95) expression -> . expression DOT ID LPAREN arg_list RPAREN
    (96) expression -> . LBRACE hash_elements RBRACE
    (97) expression -> . LBRACE empty RBRACE
    (115) expression -> . LAMBDA LPAREN params RPAREN COLON type ARROW expression
    (116) expression -> . LAMBDA LPAREN params RPAREN ARROW expression
    (117) expression -> . LAMBDA LPAREN RPAREN ARROW expression
    (30) variable -> . INT
    (31) variable -> . STR
    (32) variable -> . BOOL
    (33) variable -> . ID
    (34) variable -> . FLOAT
    (63) bin_ops -> . expression ADD expression
    (64) bin_ops -> . expression SUB expression
    (65) bin_ops -> . expression MUL expression
    (66) bin_ops -> . expression DIV expression
    (67) bin_ops -> . expression MOD expression
    (68) bin_ops -> . expression POW expression
    (69) bin_ops -> . expression GT expression
    (70) bin_ops -> . expression LT expression
    (71) bin_ops -> . expression GE expression
    (72) bin_ops -> . expression LE expression
    (73) bin_ops -> . expression EQ expression
    (74) bin_ops -> . expression NE expression
    (75) bin_ops -> . expression AND expression
    (76) bin_ops -> . expression OR expression
    (61) call_stmt -> . ID LPAREN arg_list RPAREN

    LPAREN          shift and go to state 26
    NOT             shift and go to state 27
    SUB             shift and go to state 28
    LBRACKET        shift and go to state 29
    LBRACE          shift and go to state 75
    LAMBDA          shift and go to state 32
    INT             shift and go to state 48
    STR             shift and go to state 49
    BOOL            shift and go to state 50
    ID              shift and go to state 74
    FLOAT           shift and go to state 51

    expression                     shift and go to state 208
    variable                       shift and go to state 24
    bin_ops                        shift and go to state 25
    call_stmt                      shift and go to state 73

state 176

    (47) param -> ID COLON . type ASSIGN expression
    (48) param -> ID COLON . type
    (77) type -> . INT_TYPE
    (78) type -> . STR_TYPE
    (79) type -> . BOOL_TYPE
    (80) type -> . FLOAT_TYPE
    (81) type -> . VOID_TYPE
    (82) type -> . type_array
    (83) type -> . type_hash
    (84) type_array -> . type ARRAY_TYPE LBRACKET INT RBRACKET
    (85) type_array -> . type ARRAY_TYPE
    (86) type_hash -> . HASH_TYPE LBRACKET type COMMA type RBRACKET
    (87) type_hash -> . HASH_TYPE

    INT_TYPE        shift and go to state 179
    STR_TYPE        shift and go to state 180
    BOOL_TYPE       shift and go to state 181
    FLOAT_TYPE      shift and go to state 182
    VOID_TYPE       shift and go to state 183
    HASH_TYPE       shift and go to state 186

    type                           shift and go to state 209
    type_array                     shift and go to state 184
    type_hash                      shift and go to state 185

state 177

    (49) param -> ID ASSIGN . expression
    (27) expression -> . variable
    (28) expression -> . bin_ops
    (29) expression -> . LPAREN expression RPAREN
    (45) expression -> . NOT expression
    (46) expression -> . SUB expression
    (62) expression -> . call_stmt
    (91) expression -> . LBRACKET args RBRACKET
    (92) expression -> . LBRACKET empty RBRACKET
    (93) expression -> . expression LBRACKET expression RBRACKET
    (95) expression -> . expression DOT ID LPAREN arg_list RPAREN
    (96) expression -> . LBRACE hash_elements RBRACE
    (97) expression -> . LBRACE empty RBRACE
    (115) expression -> . LAMBDA LPAREN params RPAREN COLON type ARROW expression
    (116) expression -> . LAMBDA LPAREN params RPAREN ARROW expression
    (117) expression -> . LAMBDA LPAREN RPAREN ARROW expression
    (30) variable -> . INT
    (31) variable -> . STR
    (32) variable -> . BOOL
    (33) variable -> . ID
    (34) variable -> . FLOAT
    (63) bin_ops -> . expression ADD expression
    (64) bin_ops -> . expression SUB expression
    (65) bin_ops -> . expression MUL expression
    (66) bin_ops -> . expression DIV expression
    (67) bin_ops -> . expression MOD expression
    (68) bin_ops -> . expression POW expression
    (69) bin_ops -> . expression GT expression
    (70) bin_ops -> . expression LT expression
    (71) bin_ops -> . expression GE expression
    (72) bin_ops -> . expression LE expression
    (73) bin_ops -> . expression EQ expression
    (74) bin_ops -> . expression NE expression
    (75) bin_ops -> . expression AND expression
    (76) bin_ops -> . expression OR expression
    (61) call_stmt -> . ID LPAREN arg_list RPAREN

    LPAREN          shift and go to state 26
    NOT             shift and go to state 27
    SUB             shift and go to state 28
    LBRACKET        shift and go to state 29
    LBRACE          shift and go to state 75
    LAMBDA          shift and go to state 32
    INT             shift and go to state 48
    STR             shift and go to state 49
    BOOL            shift and go to state 50
    ID              shift and go to state 74
    FLOAT           shift and go to state 51

    expression                     shift and go to state 210
    variable                       shift and go to state 24
    bin_ops                        shift and go to state 25
    call_stmt                      shift and go to state 73

state 178

    (88) assign_stmt -> LET ID COLON type . ASSIGN expression optional_semicolon
    (84) type_array -> type . ARRAY_TYPE LBRACKET INT RBRACKET
    (85) type_array -> type . ARRAY_TYPE

    ASSIGN          shift and go to state 211
    ARRAY_TYPE      shift and go to state 212


state 179

    (77) type -> INT_TYPE .

    ASSIGN          reduce using rule 77 (type -> INT_TYPE .)
    ARRAY_TYPE      reduce using rule 77 (type -> INT_TYPE .)
    LBRACKET        reduce using rule 77 (type -> INT_TYPE .)
    RPAREN          reduce using rule 77 (type -> INT_TYPE .)
    COMMA           reduce using rule 77 (type -> INT_TYPE .)
    RBRACKET        reduce using rule 77 (type -> INT_TYPE .)
    ARROW           reduce using rule 77 (type -> INT_TYPE .)


state 180

    (78) type -> STR_TYPE .

    ASSIGN          reduce using rule 78 (type -> STR_TYPE .)
    ARRAY_TYPE      reduce using rule 78 (type -> STR_TYPE .)
    LBRACKET        reduce using rule 78 (type -> STR_TYPE .)
    RPAREN          reduce using rule 78 (type -> STR_TYPE .)
    COMMA           reduce using rule 78 (type -> STR_TYPE .)
    RBRACKET        reduce using rule 78 (type -> STR_TYPE .)
    ARROW           reduce using rule 78 (type -> STR_TYPE .)


state 181

    (79) type -> BOOL_TYPE .

    ASSIGN          reduce using rule 79 (type -> BOOL_TYPE .)
    ARRAY_TYPE      reduce using rule 79 (type -> BOOL_TYPE .)
    LBRACKET        reduce using rule 79 (type -> BOOL_TYPE .)
    RPAREN          reduce using rule 79 (type -> BOOL_TYPE .)
    COMMA           reduce using rule 79 (type -> BOOL_TYPE .)
    RBRACKET        reduce using rule 79 (type -> BOOL_TYPE .)
    ARROW           reduce using rule 79 (type -> BOOL_TYPE .)


state 182

    (80) type -> FLOAT_TYPE .

    ASSIGN          reduce using rule 80 (type -> FLOAT_TYPE .)
    ARRAY_TYPE      reduce using rule 80 (type -> FLOAT_TYPE .)
    LBRACKET        reduce using rule 80 (type -> FLOAT_TYPE .)
    RPAREN          reduce using rule 80 (type -> FLOAT_TYPE .)
    COMMA           reduce using rule 80 (type -> FLOAT_TYPE .)
    RBRACKET        reduce using rule 80 (type -> FLOAT_TYPE .)
    ARROW           reduce using rule 80 (type -> FLOAT_TYPE .)


state 183

    (81) type -> VOID_TYPE .

    ASSIGN          reduce using rule 81 (type -> VOID_TYPE .)
    ARRAY_TYPE      reduce using rule 81 (type -> VOID_TYPE .)
    LBRACKET        reduce using rule 81 (type -> VOID_TYPE .)
    RPAREN          reduce using rule 81 (type -> VOID_TYPE .)
    COMMA           reduce using rule 81 (type -> VOID_TYPE .)
    RBRACKET        reduce using rule 81 (type -> VOID_TYPE .)
    ARROW           reduce using rule 81 (type -> VOID_TYPE .)


state 184

    (82) type -> type_array .

    ASSIGN          reduce using rule 82 (type -> type_array .)
    ARRAY_TYPE      reduce using rule 82 (type -> type_array .)
    LBRACKET        reduce using rule 82 (type -> type_array .)
    RPAREN          reduce using rule 82 (type -> type_array .)
    COMMA           reduce using rule 82 (type -> type_array .)
    RBRACKET        reduce using rule 82 (type -> type_array .)
    ARROW           reduce using rule 82 (type -> type_array .)


state 185

    (83) type -> type_hash .

    ASSIGN          reduce using rule 83 (type -> type_hash .)
    ARRAY_TYPE      reduce using rule 83 (type -> type_hash .)
    LBRACKET        reduce using rule 83 (type -> type_hash .)
    RPAREN          reduce using rule 83 (type -> type_hash .)
    COMMA           reduce using rule 83 (type -> type_hash .)
    RBRACKET        reduce using rule 83 (type -> type_hash .)
    ARROW           reduce using rule 83 (type -> type_hash .)


state 186

    (86) type_hash -> HASH_TYPE . LBRACKET type COMMA type RBRACKET
    (87) type_hash -> HASH_TYPE .

  ! shift/reduce conflict for LBRACKET resolved as shift
    LBRACKET        shift and go to state 213
    ASSIGN          reduce using rule 87 (type_hash -> HASH_TYPE .)
    ARRAY_TYPE      reduce using rule 87 (type_hash -> HASH_TYPE .)
    RPAREN          reduce using rule 87 (type_hash -> HASH_TYPE .)
    COMMA           reduce using rule 87 (type_hash -> HASH_TYPE .)
    RBRACKET        reduce using rule 87 (type_hash -> HASH_TYPE .)
    ARROW           reduce using rule 87 (type_hash -> HASH_TYPE .)

  ! LBRACKET        [ reduce using rule 87 (type_hash -> HASH_TYPE .) ]


state 187

    (89) assign_stmt -> LET ID ASSIGN expression . optional_semicolon
    (93) expression -> expression . LBRACKET expression RBRACKET
    (95) expression -> expression . DOT ID LPAREN arg_list RPAREN
    (63) bin_ops -> expression . ADD expression
    (64) bin_ops -> expression . SUB expression
    (65) bin_ops -> expression . MUL expression
    (66) bin_ops -> expression . DIV expression
    (67) bin_ops -> expression . MOD expression
    (68) bin_ops -> expression . POW expression
    (69) bin_ops -> expression . GT expression
    (70) bin_ops -> expression . LT expression
    (71) bin_ops -> expression . GE expression
    (72) bin_ops -> expression . LE expression
    (73) bin_ops -> expression . EQ expression
    (74) bin_ops -> expression . NE expression
    (75) bin_ops -> expression . AND expression
    (76) bin_ops -> expression . OR expression
    (119) optional_semicolon -> . SEMICOLON
    (120) optional_semicolon -> . empty
    (118) empty -> .

  ! shift/reduce conflict for SUB resolved as shift
  ! shift/reduce conflict for LBRACKET resolved as shift
    LBRACKET        shift and go to state 124
    DOT             shift and go to state 55
    ADD             shift and go to state 56
    SUB             shift and go to state 57
    MUL             shift and go to state 58
    DIV             shift and go to state 59
    MOD             shift and go to state 60
    POW             shift and go to state 61
    GT              shift and go to state 62
    LT              shift and go to state 63
    GE              shift and go to state 64
    LE              shift and go to state 65
    EQ              shift and go to state 66
    NE              shift and go to state 67
    AND             shift and go to state 68
    OR              shift and go to state 69
    SEMICOLON       shift and go to state 70
    LPAREN          reduce using rule 118 (empty -> .)
    NOT             reduce using rule 118 (empty -> .)
    LBRACE          reduce using rule 118 (empty -> .)
    LAMBDA          reduce using rule 118 (empty -> .)
    LET             reduce using rule 118 (empty -> .)
    ID              reduce using rule 118 (empty -> .)
    DISP            reduce using rule 118 (empty -> .)
    ENTRY           reduce using rule 118 (empty -> .)
    IF              reduce using rule 118 (empty -> .)
    WHILE           reduce using rule 118 (empty -> .)
    FUNCTION        reduce using rule 118 (empty -> .)
    FOR             reduce using rule 118 (empty -> .)
    CONT            reduce using rule 118 (empty -> .)
    BREAK           reduce using rule 118 (empty -> .)
    RETURN          reduce using rule 118 (empty -> .)
    TRY             reduce using rule 118 (empty -> .)
    THROW           reduce using rule 118 (empty -> .)
    ASSERT          reduce using rule 118 (empty -> .)
    ASSERT_EQ       reduce using rule 118 (empty -> .)
    ATTEMPT         reduce using rule 118 (empty -> .)
    INT             reduce using rule 118 (empty -> .)
    STR             reduce using rule 118 (empty -> .)
    BOOL            reduce using rule 118 (empty -> .)
    FLOAT           reduce using rule 118 (empty -> .)
    $end            reduce using rule 118 (empty -> .)
    RBRACE          reduce using rule 118 (empty -> .)
    OK_CHECK        reduce using rule 118 (empty -> .)
    RPAREN          reduce using rule 118 (empty -> .)
    FALLBACK        reduce using rule 118 (empty -> .)

  ! SUB             [ reduce using rule 118 (empty -> .) ]
  ! LBRACKET        [ reduce using rule 118 (empty -> .) ]

    optional_semicolon             shift and go to state 214
    empty                          shift and go to state 71

state 188

    (24) disp_stmt -> DISP LPAREN expression RPAREN . optional_semicolon
    (119) optional_semicolon -> . SEMICOLON
    (120) optional_semicolon -> . empty
    (118) empty -> .

    SEMICOLON       shift and go to state 70
    LPAREN          reduce using rule 118 (empty -> .)
    NOT             reduce using rule 118 (empty -> .)
    SUB             reduce using rule 118 (empty -> .)
    LBRACKET        reduce using rule 118 (empty -> .)
    LBRACE          reduce using rule 118 (empty -> .)
    LAMBDA          reduce using rule 118 (empty -> .)
    LET             reduce using rule 118 (empty -> .)
    ID              reduce using rule 118 (empty -> .)
    DISP            reduce using rule 118 (empty -> .)
    ENTRY           reduce using rule 118 (empty -> .)
    IF              reduce using rule 118 (empty -> .)
    WHILE           reduce using rule 118 (empty -> .)
    FUNCTION        reduce using rule 118 (empty -> .)
    FOR             reduce using rule 118 (empty -> .)
    CONT            reduce using rule 118 (empty -> .)
    BREAK           reduce using rule 118 (empty -> .)
    RETURN          reduce using rule 118 (empty -> .)
    TRY             reduce using rule 118 (empty -> .)
    THROW           reduce using rule 118 (empty -> .)
    ASSERT          reduce using rule 118 (empty -> .)
    ASSERT_EQ       reduce using rule 118 (empty -> .)
    ATTEMPT         reduce using rule 118 (empty -> .)
    INT             reduce using rule 118 (empty -> .)
    STR             reduce using rule 118 (empty -> .)
    BOOL            reduce using rule 118 (empty -> .)
    FLOAT           reduce using rule 118 (empty -> .)
    $end            reduce using rule 118 (empty -> .)
    RBRACE          reduce using rule 118 (empty -> .)
    OK_CHECK        reduce using rule 118 (empty -> .)
    RPAREN          reduce using rule 118 (empty -> .)
    FALLBACK        reduce using rule 118 (empty -> .)

    optional_semicolon             shift and go to state 215
    empty                          shift and go to state 71

state 189

    (25) entry_stmt -> ENTRY LPAREN expression RPAREN . optional_semicolon
    (119) optional_semicolon -> . SEMICOLON
    (120) optional_semicolon -> . empty
    (118) empty -> .

    SEMICOLON       shift and go to state 70
    LPAREN          reduce using rule 118 (empty -> .)
    NOT             reduce using rule 118 (empty -> .)
    SUB             reduce using rule 118 (empty -> .)
    LBRACKET        reduce using rule 118 (empty -> .)
    LBRACE          reduce using rule 118 (empty -> .)
    LAMBDA          reduce using rule 118 (empty -> .)
    LET             reduce using rule 118 (empty -> .)
    ID              reduce using rule 118 (empty -> .)
    DISP            reduce using rule 118 (empty -> .)
    ENTRY           reduce using rule 118 (empty -> .)
    IF              reduce using rule 118 (empty -> .)
    WHILE           reduce using rule 118 (empty -> .)
    FUNCTION        reduce using rule 118 (empty -> .)
    FOR             reduce using rule 118 (empty -> .)
    CONT            reduce using rule 118 (empty -> .)
    BREAK           reduce using rule 118 (empty -> .)
    RETURN          reduce using rule 118 (empty -> .)
    TRY             reduce using rule 118 (empty -> .)
    THROW           reduce using rule 118 (empty -> .)
    ASSERT          reduce using rule 118 (empty -> .)
    ASSERT_EQ       reduce using rule 118 (empty -> .)
    ATTEMPT         reduce using rule 118 (empty -> .)
    INT             reduce using rule 118 (empty -> .)
    STR             reduce using rule 118 (empty -> .)
    BOOL            reduce using rule 118 (empty -> .)
    FLOAT           reduce using rule 118 (empty -> .)
    $end            reduce using rule 118 (empty -> .)
    RBRACE          reduce using rule 118 (empty -> .)
    OK_CHECK        reduce using rule 118 (empty -> .)
    RPAREN          reduce using rule 118 (empty -> .)
    FALLBACK        reduce using rule 118 (empty -> .)

    optional_semicolon             shift and go to state 216
    empty                          shift and go to state 71

state 190

    (37) If_Else_stmt -> IF expression block ELSE . block
    (35) block -> . LBRACE statements RBRACE

    LBRACE          shift and go to state 148

    block                          shift and go to state 217

state 191

    (55) function_stmt -> FUNCTION ID COLON type . param_list COLON block
    (84) type_array -> type . ARRAY_TYPE LBRACKET INT RBRACKET
    (85) type_array -> type . ARRAY_TYPE
    (53) param_list -> . LBRACKET params RBRACKET
    (54) param_list -> . LBRACKET empty RBRACKET

    ARRAY_TYPE      shift and go to state 212
    LBRACKET        shift and go to state 152

    param_list                     shift and go to state 218

state 192

    (56) function_stmt -> FUNCTION ID param_list COLON . block
    (35) block -> . LBRACE statements RBRACE

    LBRACE          shift and go to state 148

    block                          shift and go to state 219

state 193

    (53) param_list -> LBRACKET params . RBRACKET
    (52) params -> params . COMMA param

    RBRACKET        shift and go to state 220
    COMMA           shift and go to state 174


state 194

    (54) param_list -> LBRACKET empty . RBRACKET

    RBRACKET        shift and go to state 221


state 195

    (39) for_stmt -> FOR LPAREN statement expression . SEMICOLON statement RPAREN block
    (93) expression -> expression . LBRACKET expression RBRACKET
    (95) expression -> expression . DOT ID LPAREN arg_list RPAREN
    (63) bin_ops -> expression . ADD expression
    (64) bin_ops -> expression . SUB expression
    (65) bin_ops -> expression . MUL expression
    (66) bin_ops -> expression . DIV expression
    (67) bin_ops -> expression . MOD expression
    (68) bin_ops -> expression . POW expression
    (69) bin_ops -> expression . GT expression
    (70) bin_ops -> expression . LT expression
    (71) bin_ops -> expression . GE expression
    (72) bin_ops -> expression . LE expression
    (73) bin_ops -> expression . EQ expression
    (74) bin_ops -> expression . NE expression
    (75) bin_ops -> expression . AND expression
    (76) bin_ops -> expression . OR expression

    SEMICOLON       shift and go to state 222
    LBRACKET        shift and go to state 124
    DOT             shift and go to state 55
    ADD             shift and go to state 56
    SUB             shift and go to state 57
    MUL             shift and go to state 58
    DIV             shift and go to state 59
    MOD             shift and go to state 60
    POW             shift and go to state 61
    GT              shift and go to state 62
    LT              shift and go to state 63
    GE              shift and go to state 64
    LE              shift and go to state 65
    EQ              shift and go to state 66
    NE              shift and go to state 67
    AND             shift and go to state 68
    OR              shift and go to state 69


state 196

    (102) try_ok_stmt -> TRY COLON block OK_CHECK . LBRACKET ID COMMA ID RBRACKET COLON block
    (103) try_ok_stmt -> TRY COLON block OK_CHECK . LBRACKET ID RBRACKET COLON block
    (104) try_ok_stmt -> TRY COLON block OK_CHECK . COLON block

    LBRACKET        shift and go to state 224
    COLON           shift and go to state 223


state 197

    (105) try_ok_stmt -> TRY COLON statements OK_CHECK . LBRACKET ID COMMA ID RBRACKET COLON statements
    (106) try_ok_stmt -> TRY COLON statements OK_CHECK . LBRACKET ID RBRACKET COLON statements
    (107) try_ok_stmt -> TRY COLON statements OK_CHECK . COLON statements

    LBRACKET        shift and go to state 226
    COLON           shift and go to state 225


state 198

    (2) statement -> expression . optional_semicolon
    (98) hash_element -> expression . COLON expression
    (93) expression -> expression . LBRACKET expression RBRACKET
    (95) expression -> expression . DOT ID LPAREN arg_list RPAREN
    (94) statement_index_assign -> expression . LBRACKET expression RBRACKET ASSIGN expression optional_semicolon
    (63) bin_ops -> expression . ADD expression
    (64) bin_ops -> expression . SUB expression
    (65) bin_ops -> expression . MUL expression
    (66) bin_ops -> expression . DIV expression
    (67) bin_ops -> expression . MOD expression
    (68) bin_ops -> expression . POW expression
    (69) bin_ops -> expression . GT expression
    (70) bin_ops -> expression . LT expression
    (71) bin_ops -> expression . GE expression
    (72) bin_ops -> expression . LE expression
    (73) bin_ops -> expression . EQ expression
    (74) bin_ops -> expression . NE expression
    (75) bin_ops -> expression . AND expression
    (76) bin_ops -> expression . OR expression
    (119) optional_semicolon -> . SEMICOLON
    (120) optional_semicolon -> . empty
    (118) empty -> .

  ! shift/reduce conflict for SUB resolved as shift
  ! shift/reduce conflict for LBRACKET resolved as shift
    COLON           shift and go to state 138
    LBRACKET        shift and go to state 54
    DOT             shift and go to state 55
    ADD             shift and go to state 56
    SUB             shift and go to state 57
    MUL             shift and go to state 58
    DIV             shift and go to state 59
    MOD             shift and go to state 60
    POW             shift and go to state 61
    GT              shift and go to state 62
    LT              shift and go to state 63
    GE              shift and go to state 64
    LE              shift and go to state 65
    EQ              shift and go to state 66
    NE              shift and go to state 67
    AND             shift and go to state 68
    OR              shift and go to state 69
    SEMICOLON       shift and go to state 70
    RBRACE          reduce using rule 118 (empty -> .)
    LPAREN          reduce using rule 118 (empty -> .)
    NOT             reduce using rule 118 (empty -> .)
    LBRACE          reduce using rule 118 (empty -> .)
    LAMBDA          reduce using rule 118 (empty -> .)
    LET             reduce using rule 118 (empty -> .)
    ID              reduce using rule 118 (empty -> .)
    DISP            reduce using rule 118 (empty -> .)
    ENTRY           reduce using rule 118 (empty -> .)
    IF              reduce using rule 118 (empty -> .)
    WHILE           reduce using rule 118 (empty -> .)
    FUNCTION        reduce using rule 118 (empty -> .)
    FOR             reduce using rule 118 (empty -> .)
    CONT            reduce using rule 118 (empty -> .)
    BREAK           reduce using rule 118 (empty -> .)
    RETURN          reduce using rule 118 (empty -> .)
    TRY             reduce using rule 118 (empty -> .)
    THROW           reduce using rule 118 (empty -> .)
    ASSERT          reduce using rule 118 (empty -> .)
    ASSERT_EQ       reduce using rule 118 (empty -> .)
    ATTEMPT         reduce using rule 118 (empty -> .)
    INT             reduce using rule 118 (empty -> .)
    STR             reduce using rule 118 (empty -> .)
    BOOL            reduce using rule 118 (empty -> .)
    FLOAT           reduce using rule 118 (empty -> .)

  ! SUB             [ reduce using rule 118 (empty -> .) ]
  ! LBRACKET        [ reduce using rule 118 (empty -> .) ]

    optional_semicolon             shift and go to state 53
    empty                          shift and go to state 71

state 199

    (108) assert_stmt -> ASSERT expression COMMA expression . optional_semicolon
    (93) expression -> expression . LBRACKET expression RBRACKET
    (95) expression -> expression . DOT ID LPAREN arg_list RPAREN
    (63) bin_ops -> expression . ADD expression
    (64) bin_ops -> expression . SUB expression
    (65) bin_ops -> expression . MUL expression
    (66) bin_ops -> expression . DIV expression
    (67) bin_ops -> expression . MOD expression
    (68) bin_ops -> expression . POW expression
    (69) bin_ops -> expression . GT expression
    (70) bin_ops -> expression . LT expression
    (71) bin_ops -> expression . GE expression
    (72) bin_ops -> expression . LE expression
    (73) bin_ops -> expression . EQ expression
    (74) bin_ops -> expression . NE expression
    (75) bin_ops -> expression . AND expression
    (76) bin_ops -> expression . OR expression
    (119) optional_semicolon -> . SEMICOLON
    (120) optional_semicolon -> . empty
    (118) empty -> .

  ! shift/reduce conflict for SUB resolved as shift
  ! shift/reduce conflict for LBRACKET resolved as shift
    LBRACKET        shift and go to state 124
    DOT             shift and go to state 55
    ADD             shift and go to state 56
    SUB             shift and go to state 57
    MUL             shift and go to state 58
    DIV             shift and go to state 59
    MOD             shift and go to state 60
    POW             shift and go to state 61
    GT              shift and go to state 62
    LT              shift and go to state 63
    GE              shift and go to state 64
    LE              shift and go to state 65
    EQ              shift and go to state 66
    NE              shift and go to state 67
    AND             shift and go to state 68
    OR              shift and go to state 69
    SEMICOLON       shift and go to state 70
    LPAREN          reduce using rule 118 (empty -> .)
    NOT             reduce using rule 118 (empty -> .)
    LBRACE          reduce using rule 118 (empty -> .)
    LAMBDA          reduce using rule 118 (empty -> .)
    LET             reduce using rule 118 (empty -> .)
    ID              reduce using rule 118 (empty -> .)
    DISP            reduce using rule 118 (empty -> .)
    ENTRY           reduce using rule 118 (empty -> .)
    IF              reduce using rule 118 (empty -> .)
    WHILE           reduce using rule 118 (empty -> .)
    FUNCTION        reduce using rule 118 (empty -> .)
    FOR             reduce using rule 118 (empty -> .)
    CONT            reduce using rule 118 (empty -> .)
    BREAK           reduce using rule 118 (empty -> .)
    RETURN          reduce using rule 118 (empty -> .)
    TRY             reduce using rule 118 (empty -> .)
    THROW           reduce using rule 118 (empty -> .)
    ASSERT          reduce using rule 118 (empty -> .)
    ASSERT_EQ       reduce using rule 118 (empty -> .)
    ATTEMPT         reduce using rule 118 (empty -> .)
    INT             reduce using rule 118 (empty -> .)
    STR             reduce using rule 118 (empty -> .)
    BOOL            reduce using rule 118 (empty -> .)
    FLOAT           reduce using rule 118 (empty -> .)
    $end            reduce using rule 118 (empty -> .)
    RBRACE          reduce using rule 118 (empty -> .)
    OK_CHECK        reduce using rule 118 (empty -> .)
    RPAREN          reduce using rule 118 (empty -> .)
    FALLBACK        reduce using rule 118 (empty -> .)

  ! SUB             [ reduce using rule 118 (empty -> .) ]
  ! LBRACKET        [ reduce using rule 118 (empty -> .) ]

    optional_semicolon             shift and go to state 227
    empty                          shift and go to state 71

state 200

    (110) assert_eq_stmt -> ASSERT_EQ expression COMMA expression . optional_semicolon
    (93) expression -> expression . LBRACKET expression RBRACKET
    (95) expression -> expression . DOT ID LPAREN arg_list RPAREN
    (63) bin_ops -> expression . ADD expression
    (64) bin_ops -> expression . SUB expression
    (65) bin_ops -> expression . MUL expression
    (66) bin_ops -> expression . DIV expression
    (67) bin_ops -> expression . MOD expression
    (68) bin_ops -> expression . POW expression
    (69) bin_ops -> expression . GT expression
    (70) bin_ops -> expression . LT expression
    (71) bin_ops -> expression . GE expression
    (72) bin_ops -> expression . LE expression
    (73) bin_ops -> expression . EQ expression
    (74) bin_ops -> expression . NE expression
    (75) bin_ops -> expression . AND expression
    (76) bin_ops -> expression . OR expression
    (119) optional_semicolon -> . SEMICOLON
    (120) optional_semicolon -> . empty
    (118) empty -> .

  ! shift/reduce conflict for SUB resolved as shift
  ! shift/reduce conflict for LBRACKET resolved as shift
    LBRACKET        shift and go to state 124
    DOT             shift and go to state 55
    ADD             shift and go to state 56
    SUB             shift and go to state 57
    MUL             shift and go to state 58
    DIV             shift and go to state 59
    MOD             shift and go to state 60
    POW             shift and go to state 61
    GT              shift and go to state 62
    LT              shift and go to state 63
    GE              shift and go to state 64
    LE              shift and go to state 65
    EQ              shift and go to state 66
    NE              shift and go to state 67
    AND             shift and go to state 68
    OR              shift and go to state 69
    SEMICOLON       shift and go to state 70
    LPAREN          reduce using rule 118 (empty -> .)
    NOT             reduce using rule 118 (empty -> .)
    LBRACE          reduce using rule 118 (empty -> .)
    LAMBDA          reduce using rule 118 (empty -> .)
    LET             reduce using rule 118 (empty -> .)
    ID              reduce using rule 118 (empty -> .)
    DISP            reduce using rule 118 (empty -> .)
    ENTRY           reduce using rule 118 (empty -> .)
    IF              reduce using rule 118 (empty -> .)
    WHILE           reduce using rule 118 (empty -> .)
    FUNCTION        reduce using rule 118 (empty -> .)
    FOR             reduce using rule 118 (empty -> .)
    CONT            reduce using rule 118 (empty -> .)
    BREAK           reduce using rule 118 (empty -> .)
    RETURN          reduce using rule 118 (empty -> .)
    TRY             reduce using rule 118 (empty -> .)
    THROW           reduce using rule 118 (empty -> .)
    ASSERT          reduce using rule 118 (empty -> .)
    ASSERT_EQ       reduce using rule 118 (empty -> .)
    ATTEMPT         reduce using rule 118 (empty -> .)
    INT             reduce using rule 118 (empty -> .)
    STR             reduce using rule 118 (empty -> .)
    BOOL            reduce using rule 118 (empty -> .)
    FLOAT           reduce using rule 118 (empty -> .)
    $end            reduce using rule 118 (empty -> .)
    RBRACE          reduce using rule 118 (empty -> .)
    OK_CHECK        reduce using rule 118 (empty -> .)
    RPAREN          reduce using rule 118 (empty -> .)
    FALLBACK        reduce using rule 118 (empty -> .)

  ! SUB             [ reduce using rule 118 (empty -> .) ]
  ! LBRACKET        [ reduce using rule 118 (empty -> .) ]

    optional_semicolon             shift and go to state 228
    empty                          shift and go to state 71

state 201

    (111) attempt_stmt -> ATTEMPT LPAREN expression RPAREN . COLON block FALLBACK COLON block
    (112) attempt_stmt -> ATTEMPT LPAREN expression RPAREN . COLON block
    (113) attempt_stmt -> ATTEMPT LPAREN expression RPAREN . COLON statements FALLBACK COLON statements
    (114) attempt_stmt -> ATTEMPT LPAREN expression RPAREN . COLON statements

    COLON           shift and go to state 229


state 202

    (94) statement_index_assign -> expression LBRACKET expression RBRACKET ASSIGN . expression optional_semicolon
    (27) expression -> . variable
    (28) expression -> . bin_ops
    (29) expression -> . LPAREN expression RPAREN
    (45) expression -> . NOT expression
    (46) expression -> . SUB expression
    (62) expression -> . call_stmt
    (91) expression -> . LBRACKET args RBRACKET
    (92) expression -> . LBRACKET empty RBRACKET
    (93) expression -> . expression LBRACKET expression RBRACKET
    (95) expression -> . expression DOT ID LPAREN arg_list RPAREN
    (96) expression -> . LBRACE hash_elements RBRACE
    (97) expression -> . LBRACE empty RBRACE
    (115) expression -> . LAMBDA LPAREN params RPAREN COLON type ARROW expression
    (116) expression -> . LAMBDA LPAREN params RPAREN ARROW expression
    (117) expression -> . LAMBDA LPAREN RPAREN ARROW expression
    (30) variable -> . INT
    (31) variable -> . STR
    (32) variable -> . BOOL
    (33) variable -> . ID
    (34) variable -> . FLOAT
    (63) bin_ops -> . expression ADD expression
    (64) bin_ops -> . expression SUB expression
    (65) bin_ops -> . expression MUL expression
    (66) bin_ops -> . expression DIV expression
    (67) bin_ops -> . expression MOD expression
    (68) bin_ops -> . expression POW expression
    (69) bin_ops -> . expression GT expression
    (70) bin_ops -> . expression LT expression
    (71) bin_ops -> . expression GE expression
    (72) bin_ops -> . expression LE expression
    (73) bin_ops -> . expression EQ expression
    (74) bin_ops -> . expression NE expression
    (75) bin_ops -> . expression AND expression
    (76) bin_ops -> . expression OR expression
    (61) call_stmt -> . ID LPAREN arg_list RPAREN

    LPAREN          shift and go to state 26
    NOT             shift and go to state 27
    SUB             shift and go to state 28
    LBRACKET        shift and go to state 29
    LBRACE          shift and go to state 75
    LAMBDA          shift and go to state 32
    INT             shift and go to state 48
    STR             shift and go to state 49
    BOOL            shift and go to state 50
    ID              shift and go to state 74
    FLOAT           shift and go to state 51

    expression                     shift and go to state 230
    variable                       shift and go to state 24
    bin_ops                        shift and go to state 25
    call_stmt                      shift and go to state 73

state 203

    (95) expression -> expression DOT ID LPAREN arg_list . RPAREN

    RPAREN          shift and go to state 231


state 204

    (93) expression -> expression LBRACKET expression RBRACKET .

    RPAREN          reduce using rule 93 (expression -> expression LBRACKET expression RBRACKET .)
    LBRACKET        reduce using rule 93 (expression -> expression LBRACKET expression RBRACKET .)
    DOT             reduce using rule 93 (expression -> expression LBRACKET expression RBRACKET .)
    ADD             reduce using rule 93 (expression -> expression LBRACKET expression RBRACKET .)
    SUB             reduce using rule 93 (expression -> expression LBRACKET expression RBRACKET .)
    MUL             reduce using rule 93 (expression -> expression LBRACKET expression RBRACKET .)
    DIV             reduce using rule 93 (expression -> expression LBRACKET expression RBRACKET .)
    MOD             reduce using rule 93 (expression -> expression LBRACKET expression RBRACKET .)
    POW             reduce using rule 93 (expression -> expression LBRACKET expression RBRACKET .)
    GT              reduce using rule 93 (expression -> expression LBRACKET expression RBRACKET .)
    LT              reduce using rule 93 (expression -> expression LBRACKET expression RBRACKET .)
    GE              reduce using rule 93 (expression -> expression LBRACKET expression RBRACKET .)
    LE              reduce using rule 93 (expression -> expression LBRACKET expression RBRACKET .)
    EQ              reduce using rule 93 (expression -> expression LBRACKET expression RBRACKET .)
    NE              reduce using rule 93 (expression -> expression LBRACKET expression RBRACKET .)
    AND             reduce using rule 93 (expression -> expression LBRACKET expression RBRACKET .)
    OR              reduce using rule 93 (expression -> expression LBRACKET expression RBRACKET .)
    SEMICOLON       reduce using rule 93 (expression -> expression LBRACKET expression RBRACKET .)
    LPAREN          reduce using rule 93 (expression -> expression LBRACKET expression RBRACKET .)
    NOT             reduce using rule 93 (expression -> expression LBRACKET expression RBRACKET .)
    LBRACE          reduce using rule 93 (expression -> expression LBRACKET expression RBRACKET .)
    LAMBDA          reduce using rule 93 (expression -> expression LBRACKET expression RBRACKET .)
    LET             reduce using rule 93 (expression -> expression LBRACKET expression RBRACKET .)
    ID              reduce using rule 93 (expression -> expression LBRACKET expression RBRACKET .)
    DISP            reduce using rule 93 (expression -> expression LBRACKET expression RBRACKET .)
    ENTRY           reduce using rule 93 (expression -> expression LBRACKET expression RBRACKET .)
    IF              reduce using rule 93 (expression -> expression LBRACKET expression RBRACKET .)
    WHILE           reduce using rule 93 (expression -> expression LBRACKET expression RBRACKET .)
    FUNCTION        reduce using rule 93 (expression -> expression LBRACKET expression RBRACKET .)
    FOR             reduce using rule 93 (expression -> expression LBRACKET expression RBRACKET .)
    CONT            reduce using rule 93 (expression -> expression LBRACKET expression RBRACKET .)
    BREAK           reduce using rule 93 (expression -> expression LBRACKET expression RBRACKET .)
    RETURN          reduce using rule 93 (expression -> expression LBRACKET expression RBRACKET .)
    TRY             reduce using rule 93 (expression -> expression LBRACKET expression RBRACKET .)
    THROW           reduce using rule 93 (expression -> expression LBRACKET expression RBRACKET .)
    ASSERT          reduce using rule 93 (expression -> expression LBRACKET expression RBRACKET .)
    ASSERT_EQ       reduce using rule 93 (expression -> expression LBRACKET expression RBRACKET .)
    ATTEMPT         reduce using rule 93 (expression -> expression LBRACKET expression RBRACKET .)
    INT             reduce using rule 93 (expression -> expression LBRACKET expression RBRACKET .)
    STR             reduce using rule 93 (expression -> expression LBRACKET expression RBRACKET .)
    BOOL            reduce using rule 93 (expression -> expression LBRACKET expression RBRACKET .)
    FLOAT           reduce using rule 93 (expression -> expression LBRACKET expression RBRACKET .)
    $end            reduce using rule 93 (expression -> expression LBRACKET expression RBRACKET .)
    RBRACKET        reduce using rule 93 (expression -> expression LBRACKET expression RBRACKET .)
    COMMA           reduce using rule 93 (expression -> expression LBRACKET expression RBRACKET .)
    COLON           reduce using rule 93 (expression -> expression LBRACKET expression RBRACKET .)
    RBRACE          reduce using rule 93 (expression -> expression LBRACKET expression RBRACKET .)
    OK_CHECK        reduce using rule 93 (expression -> expression LBRACKET expression RBRACKET .)
    FALLBACK        reduce using rule 93 (expression -> expression LBRACKET expression RBRACKET .)


state 205

    (115) expression -> LAMBDA LPAREN params RPAREN COLON . type ARROW expression
    (77) type -> . INT_TYPE
    (78) type -> . STR_TYPE
    (79) type -> . BOOL_TYPE
    (80) type -> . FLOAT_TYPE
    (81) type -> . VOID_TYPE
    (82) type -> . type_array
    (83) type -> . type_hash
    (84) type_array -> . type ARRAY_TYPE LBRACKET INT RBRACKET
    (85) type_array -> . type ARRAY_TYPE
    (86) type_hash -> . HASH_TYPE LBRACKET type COMMA type RBRACKET
    (87) type_hash -> . HASH_TYPE

    INT_TYPE        shift and go to state 179
    STR_TYPE        shift and go to state 180
    BOOL_TYPE       shift and go to state 181
    FLOAT_TYPE      shift and go to state 182
    VOID_TYPE       shift and go to state 183
    HASH_TYPE       shift and go to state 186

    type                           shift and go to state 232
    type_array                     shift and go to state 184
    type_hash                      shift and go to state 185

state 206

    (116) expression -> LAMBDA LPAREN params RPAREN ARROW . expression
    (27) expression -> . variable
    (28) expression -> . bin_ops
    (29) expression -> . LPAREN expression RPAREN
    (45) expression -> . NOT expression
    (46) expression -> . SUB expression
    (62) expression -> . call_stmt
    (91) expression -> . LBRACKET args RBRACKET
    (92) expression -> . LBRACKET empty RBRACKET
    (93) expression -> . expression LBRACKET expression RBRACKET
    (95) expression -> . expression DOT ID LPAREN arg_list RPAREN
    (96) expression -> . LBRACE hash_elements RBRACE
    (97) expression -> . LBRACE empty RBRACE
    (115) expression -> . LAMBDA LPAREN params RPAREN COLON type ARROW expression
    (116) expression -> . LAMBDA LPAREN params RPAREN ARROW expression
    (117) expression -> . LAMBDA LPAREN RPAREN ARROW expression
    (30) variable -> . INT
    (31) variable -> . STR
    (32) variable -> . BOOL
    (33) variable -> . ID
    (34) variable -> . FLOAT
    (63) bin_ops -> . expression ADD expression
    (64) bin_ops -> . expression SUB expression
    (65) bin_ops -> . expression MUL expression
    (66) bin_ops -> . expression DIV expression
    (67) bin_ops -> . expression MOD expression
    (68) bin_ops -> . expression POW expression
    (69) bin_ops -> . expression GT expression
    (70) bin_ops -> . expression LT expression
    (71) bin_ops -> . expression GE expression
    (72) bin_ops -> . expression LE expression
    (73) bin_ops -> . expression EQ expression
    (74) bin_ops -> . expression NE expression
    (75) bin_ops -> . expression AND expression
    (76) bin_ops -> . expression OR expression
    (61) call_stmt -> . ID LPAREN arg_list RPAREN

    LPAREN          shift and go to state 26
    NOT             shift and go to state 27
    SUB             shift and go to state 28
    LBRACKET        shift and go to state 29
    LBRACE          shift and go to state 75
    LAMBDA          shift and go to state 32
    INT             shift and go to state 48
    STR             shift and go to state 49
    BOOL            shift and go to state 50
    ID              shift and go to state 74
    FLOAT           shift and go to state 51

    expression                     shift and go to state 233
    variable                       shift and go to state 24
    bin_ops                        shift and go to state 25
    call_stmt                      shift and go to state 73

state 207

    (52) params -> params COMMA param .

    RPAREN          reduce using rule 52 (params -> params COMMA param .)
    COMMA           reduce using rule 52 (params -> params COMMA param .)
    RBRACKET        reduce using rule 52 (params -> params COMMA param .)


state 208

    (117) expression -> LAMBDA LPAREN RPAREN ARROW expression .
    (93) expression -> expression . LBRACKET expression RBRACKET
    (95) expression -> expression . DOT ID LPAREN arg_list RPAREN
    (63) bin_ops -> expression . ADD expression
    (64) bin_ops -> expression . SUB expression
    (65) bin_ops -> expression . MUL expression
    (66) bin_ops -> expression . DIV expression
    (67) bin_ops -> expression . MOD expression
    (68) bin_ops -> expression . POW expression
    (69) bin_ops -> expression . GT expression
    (70) bin_ops -> expression . LT expression
    (71) bin_ops -> expression . GE expression
    (72) bin_ops -> expression . LE expression
    (73) bin_ops -> expression . EQ expression
    (74) bin_ops -> expression . NE expression
    (75) bin_ops -> expression . AND expression
    (76) bin_ops -> expression . OR expression

  ! shift/reduce conflict for LBRACKET resolved as shift
  ! shift/reduce conflict for DOT resolved as shift
  ! shift/reduce conflict for ADD resolved as shift
  ! shift/reduce conflict for SUB resolved as shift
  ! shift/reduce conflict for MUL resolved as shift
  ! shift/reduce conflict for DIV resolved as shift
  ! shift/reduce conflict for MOD resolved as shift
  ! shift/reduce conflict for POW resolved as shift
  ! shift/reduce conflict for GT resolved as shift
  ! shift/reduce conflict for LT resolved as shift
  ! shift/reduce conflict for GE resolved as shift
  ! shift/reduce conflict for LE resolved as shift
  ! shift/reduce conflict for EQ resolved as shift
  ! shift/reduce conflict for NE resolved as shift
  ! shift/reduce conflict for AND resolved as shift
  ! shift/reduce conflict for OR resolved as shift
    SEMICOLON       reduce using rule 117 (expression -> LAMBDA LPAREN RPAREN ARROW expression .)
    LPAREN          reduce using rule 117 (expression -> LAMBDA LPAREN RPAREN ARROW expression .)
    NOT             reduce using rule 117 (expression -> LAMBDA LPAREN RPAREN ARROW expression .)
    LBRACE          reduce using rule 117 (expression -> LAMBDA LPAREN RPAREN ARROW expression .)
    LAMBDA          reduce using rule 117 (expression -> LAMBDA LPAREN RPAREN ARROW expression .)
    LET             reduce using rule 117 (expression -> LAMBDA LPAREN RPAREN ARROW expression .)
    ID              reduce using rule 117 (expression -> LAMBDA LPAREN RPAREN ARROW expression .)
    DISP            reduce using rule 117 (expression -> LAMBDA LPAREN RPAREN ARROW expression .)
    ENTRY           reduce using rule 117 (expression -> LAMBDA LPAREN RPAREN ARROW expression .)
    IF              reduce using rule 117 (expression -> LAMBDA LPAREN RPAREN ARROW expression .)
    WHILE           reduce using rule 117 (expression -> LAMBDA LPAREN RPAREN ARROW expression .)
    FUNCTION        reduce using rule 117 (expression -> LAMBDA LPAREN RPAREN ARROW expression .)
    FOR             reduce using rule 117 (expression -> LAMBDA LPAREN RPAREN ARROW expression .)
    CONT            reduce using rule 117 (expression -> LAMBDA LPAREN RPAREN ARROW expression .)
    BREAK           reduce using rule 117 (expression -> LAMBDA LPAREN RPAREN ARROW expression .)
    RETURN          reduce using rule 117 (expression -> LAMBDA LPAREN RPAREN ARROW expression .)
    TRY             reduce using rule 117 (expression -> LAMBDA LPAREN RPAREN ARROW expression .)
    THROW           reduce using rule 117 (expression -> LAMBDA LPAREN RPAREN ARROW expression .)
    ASSERT          reduce using rule 117 (expression -> LAMBDA LPAREN RPAREN ARROW expression .)
    ASSERT_EQ       reduce using rule 117 (expression -> LAMBDA LPAREN RPAREN ARROW expression .)
    ATTEMPT         reduce using rule 117 (expression -> LAMBDA LPAREN RPAREN ARROW expression .)
    INT             reduce using rule 117 (expression -> LAMBDA LPAREN RPAREN ARROW expression .)
    STR             reduce using rule 117 (expression -> LAMBDA LPAREN RPAREN ARROW expression .)
    BOOL            reduce using rule 117 (expression -> LAMBDA LPAREN RPAREN ARROW expression .)
    FLOAT           reduce using rule 117 (expression -> LAMBDA LPAREN RPAREN ARROW expression .)
    $end            reduce using rule 117 (expression -> LAMBDA LPAREN RPAREN ARROW expression .)
    RPAREN          reduce using rule 117 (expression -> LAMBDA LPAREN RPAREN ARROW expression .)
    RBRACKET        reduce using rule 117 (expression -> LAMBDA LPAREN RPAREN ARROW expression .)
    COMMA           reduce using rule 117 (expression -> LAMBDA LPAREN RPAREN ARROW expression .)
    COLON           reduce using rule 117 (expression -> LAMBDA LPAREN RPAREN ARROW expression .)
    RBRACE          reduce using rule 117 (expression -> LAMBDA LPAREN RPAREN ARROW expression .)
    OK_CHECK        reduce using rule 117 (expression -> LAMBDA LPAREN RPAREN ARROW expression .)
    FALLBACK        reduce using rule 117 (expression -> LAMBDA LPAREN RPAREN ARROW expression .)
    LBRACKET        shift and go to state 124
    DOT             shift and go to state 55
    ADD             shift and go to state 56
    SUB             shift and go to state 57
    MUL             shift and go to state 58
    DIV             shift and go to state 59
    MOD             shift and go to state 60
    POW             shift and go to state 61
    GT              shift and go to state 62
    LT              shift and go to state 63
    GE              shift and go to state 64
    LE              shift and go to state 65
    EQ              shift and go to state 66
    NE              shift and go to state 67
    AND             shift and go to state 68
    OR              shift and go to state 69

  ! LBRACKET        [ reduce using rule 117 (expression -> LAMBDA LPAREN RPAREN ARROW expression .) ]
  ! DOT             [ reduce using rule 117 (expression -> LAMBDA LPAREN RPAREN ARROW expression .) ]
  ! ADD             [ reduce using rule 117 (expression -> LAMBDA LPAREN RPAREN ARROW expression .) ]
  ! SUB             [ reduce using rule 117 (expression -> LAMBDA LPAREN RPAREN ARROW expression .) ]
  ! MUL             [ reduce using rule 117 (expression -> LAMBDA LPAREN RPAREN ARROW expression .) ]
  ! DIV             [ reduce using rule 117 (expression -> LAMBDA LPAREN RPAREN ARROW expression .) ]
  ! MOD             [ reduce using rule 117 (expression -> LAMBDA LPAREN RPAREN ARROW expression .) ]
  ! POW             [ reduce using rule 117 (expression -> LAMBDA LPAREN RPAREN ARROW expression .) ]
  ! GT              [ reduce using rule 117 (expression -> LAMBDA LPAREN RPAREN ARROW expression .) ]
  ! LT              [ reduce using rule 117 (expression -> LAMBDA LPAREN RPAREN ARROW expression .) ]
  ! GE              [ reduce using rule 117 (expression -> LAMBDA LPAREN RPAREN ARROW expression .) ]
  ! LE              [ reduce using rule 117 (expression -> LAMBDA LPAREN RPAREN ARROW expression .) ]
  ! EQ              [ reduce using rule 117 (expression -> LAMBDA LPAREN RPAREN ARROW expression .) ]
  ! NE              [ reduce using rule 117 (expression -> LAMBDA LPAREN RPAREN ARROW expression .) ]
  ! AND             [ reduce using rule 117 (expression -> LAMBDA LPAREN RPAREN ARROW expression .) ]
  ! OR              [ reduce using rule 117 (expression -> LAMBDA LPAREN RPAREN ARROW expression .) ]


state 209

    (47) param -> ID COLON type . ASSIGN expression
    (48) param -> ID COLON type .
    (84) type_array -> type . ARRAY_TYPE LBRACKET INT RBRACKET
    (85) type_array -> type . ARRAY_TYPE

    ASSIGN          shift and go to state 234
    RPAREN          reduce using rule 48 (param -> ID COLON type .)
    COMMA           reduce using rule 48 (param -> ID COLON type .)
    RBRACKET        reduce using rule 48 (param -> ID COLON type .)
    ARRAY_TYPE      shift and go to state 212


state 210

    (49) param -> ID ASSIGN expression .
    (93) expression -> expression . LBRACKET expression RBRACKET
    (95) expression -> expression . DOT ID LPAREN arg_list RPAREN
    (63) bin_ops -> expression . ADD expression
    (64) bin_ops -> expression . SUB expression
    (65) bin_ops -> expression . MUL expression
    (66) bin_ops -> expression . DIV expression
    (67) bin_ops -> expression . MOD expression
    (68) bin_ops -> expression . POW expression
    (69) bin_ops -> expression . GT expression
    (70) bin_ops -> expression . LT expression
    (71) bin_ops -> expression . GE expression
    (72) bin_ops -> expression . LE expression
    (73) bin_ops -> expression . EQ expression
    (74) bin_ops -> expression . NE expression
    (75) bin_ops -> expression . AND expression
    (76) bin_ops -> expression . OR expression

    RPAREN          reduce using rule 49 (param -> ID ASSIGN expression .)
    COMMA           reduce using rule 49 (param -> ID ASSIGN expression .)
    RBRACKET        reduce using rule 49 (param -> ID ASSIGN expression .)
    LBRACKET        shift and go to state 124
    DOT             shift and go to state 55
    ADD             shift and go to state 56
    SUB             shift and go to state 57
    MUL             shift and go to state 58
    DIV             shift and go to state 59
    MOD             shift and go to state 60
    POW             shift and go to state 61
    GT              shift and go to state 62
    LT              shift and go to state 63
    GE              shift and go to state 64
    LE              shift and go to state 65
    EQ              shift and go to state 66
    NE              shift and go to state 67
    AND             shift and go to state 68
    OR              shift and go to state 69


state 211

    (88) assign_stmt -> LET ID COLON type ASSIGN . expression optional_semicolon
    (27) expression -> . variable
    (28) expression -> . bin_ops
    (29) expression -> . LPAREN expression RPAREN
    (45) expression -> . NOT expression
    (46) expression -> . SUB expression
    (62) expression -> . call_stmt
    (91) expression -> . LBRACKET args RBRACKET
    (92) expression -> . LBRACKET empty RBRACKET
    (93) expression -> . expression LBRACKET expression RBRACKET
    (95) expression -> . expression DOT ID LPAREN arg_list RPAREN
    (96) expression -> . LBRACE hash_elements RBRACE
    (97) expression -> . LBRACE empty RBRACE
    (115) expression -> . LAMBDA LPAREN params RPAREN COLON type ARROW expression
    (116) expression -> . LAMBDA LPAREN params RPAREN ARROW expression
    (117) expression -> . LAMBDA LPAREN RPAREN ARROW expression
    (30) variable -> . INT
    (31) variable -> . STR
    (32) variable -> . BOOL
    (33) variable -> . ID
    (34) variable -> . FLOAT
    (63) bin_ops -> . expression ADD expression
    (64) bin_ops -> . expression SUB expression
    (65) bin_ops -> . expression MUL expression
    (66) bin_ops -> . expression DIV expression
    (67) bin_ops -> . expression MOD expression
    (68) bin_ops -> . expression POW expression
    (69) bin_ops -> . expression GT expression
    (70) bin_ops -> . expression LT expression
    (71) bin_ops -> . expression GE expression
    (72) bin_ops -> . expression LE expression
    (73) bin_ops -> . expression EQ expression
    (74) bin_ops -> . expression NE expression
    (75) bin_ops -> . expression AND expression
    (76) bin_ops -> . expression OR expression
    (61) call_stmt -> . ID LPAREN arg_list RPAREN

    LPAREN          shift and go to state 26
    NOT             shift and go to state 27
    SUB             shift and go to state 28
    LBRACKET        shift and go to state 29
    LBRACE          shift and go to state 75
    LAMBDA          shift and go to state 32
    INT             shift and go to state 48
    STR             shift and go to state 49
    BOOL            shift and go to state 50
    ID              shift and go to state 74
    FLOAT           shift and go to state 51

    expression                     shift and go to state 235
    variable                       shift and go to state 24
    bin_ops                        shift and go to state 25
    call_stmt                      shift and go to state 73

state 212

    (84) type_array -> type ARRAY_TYPE . LBRACKET INT RBRACKET
    (85) type_array -> type ARRAY_TYPE .

  ! shift/reduce conflict for LBRACKET resolved as shift
    LBRACKET        shift and go to state 236
    ASSIGN          reduce using rule 85 (type_array -> type ARRAY_TYPE .)
    ARRAY_TYPE      reduce using rule 85 (type_array -> type ARRAY_TYPE .)
    RPAREN          reduce using rule 85 (type_array -> type ARRAY_TYPE .)
    COMMA           reduce using rule 85 (type_array -> type ARRAY_TYPE .)
    RBRACKET        reduce using rule 85 (type_array -> type ARRAY_TYPE .)
    ARROW           reduce using rule 85 (type_array -> type ARRAY_TYPE .)

  ! LBRACKET        [ reduce using rule 85 (type_array -> type ARRAY_TYPE .) ]


state 213

    (86) type_hash -> HASH_TYPE LBRACKET . type COMMA type RBRACKET
    (77) type -> . INT_TYPE
    (78) type -> . STR_TYPE
    (79) type -> . BOOL_TYPE
    (80) type -> . FLOAT_TYPE
    (81) type -> . VOID_TYPE
    (82) type -> . type_array
    (83) type -> . type_hash
    (84) type_array -> . type ARRAY_TYPE LBRACKET INT RBRACKET
    (85) type_array -> . type ARRAY_TYPE
    (86) type_hash -> . HASH_TYPE LBRACKET type COMMA type RBRACKET
    (87) type_hash -> . HASH_TYPE

    INT_TYPE        shift and go to state 179
    STR_TYPE        shift and go to state 180
    BOOL_TYPE       shift and go to state 181
    FLOAT_TYPE      shift and go to state 182
    VOID_TYPE       shift and go to state 183
    HASH_TYPE       shift and go to state 186

    type                           shift and go to state 237
    type_array                     shift and go to state 184
    type_hash                      shift and go to state 185

state 214

    (89) assign_stmt -> LET ID ASSIGN expression optional_semicolon .

    LPAREN          reduce using rule 89 (assign_stmt -> LET ID ASSIGN expression optional_semicolon .)
    NOT             reduce using rule 89 (assign_stmt -> LET ID ASSIGN expression optional_semicolon .)
    SUB             reduce using rule 89 (assign_stmt -> LET ID ASSIGN expression optional_semicolon .)
    LBRACKET        reduce using rule 89 (assign_stmt -> LET ID ASSIGN expression optional_semicolon .)
    LBRACE          reduce using rule 89 (assign_stmt -> LET ID ASSIGN expression optional_semicolon .)
    LAMBDA          reduce using rule 89 (assign_stmt -> LET ID ASSIGN expression optional_semicolon .)
    LET             reduce using rule 89 (assign_stmt -> LET ID ASSIGN expression optional_semicolon .)
    ID              reduce using rule 89 (assign_stmt -> LET ID ASSIGN expression optional_semicolon .)
    DISP            reduce using rule 89 (assign_stmt -> LET ID ASSIGN expression optional_semicolon .)
    ENTRY           reduce using rule 89 (assign_stmt -> LET ID ASSIGN expression optional_semicolon .)
    IF              reduce using rule 89 (assign_stmt -> LET ID ASSIGN expression optional_semicolon .)
    WHILE           reduce using rule 89 (assign_stmt -> LET ID ASSIGN expression optional_semicolon .)
    FUNCTION        reduce using rule 89 (assign_stmt -> LET ID ASSIGN expression optional_semicolon .)
    FOR             reduce using rule 89 (assign_stmt -> LET ID ASSIGN expression optional_semicolon .)
    CONT            reduce using rule 89 (assign_stmt -> LET ID ASSIGN expression optional_semicolon .)
    BREAK           reduce using rule 89 (assign_stmt -> LET ID ASSIGN expression optional_semicolon .)
    RETURN          reduce using rule 89 (assign_stmt -> LET ID ASSIGN expression optional_semicolon .)
    TRY             reduce using rule 89 (assign_stmt -> LET ID ASSIGN expression optional_semicolon .)
    THROW           reduce using rule 89 (assign_stmt -> LET ID ASSIGN expression optional_semicolon .)
    ASSERT          reduce using rule 89 (assign_stmt -> LET ID ASSIGN expression optional_semicolon .)
    ASSERT_EQ       reduce using rule 89 (assign_stmt -> LET ID ASSIGN expression optional_semicolon .)
    ATTEMPT         reduce using rule 89 (assign_stmt -> LET ID ASSIGN expression optional_semicolon .)
    INT             reduce using rule 89 (assign_stmt -> LET ID ASSIGN expression optional_semicolon .)
    STR             reduce using rule 89 (assign_stmt -> LET ID ASSIGN expression optional_semicolon .)
    BOOL            reduce using rule 89 (assign_stmt -> LET ID ASSIGN expression optional_semicolon .)
    FLOAT           reduce using rule 89 (assign_stmt -> LET ID ASSIGN expression optional_semicolon .)
    $end            reduce using rule 89 (assign_stmt -> LET ID ASSIGN expression optional_semicolon .)
    RBRACE          reduce using rule 89 (assign_stmt -> LET ID ASSIGN expression optional_semicolon .)
    OK_CHECK        reduce using rule 89 (assign_stmt -> LET ID ASSIGN expression optional_semicolon .)
    RPAREN          reduce using rule 89 (assign_stmt -> LET ID ASSIGN expression optional_semicolon .)
    FALLBACK        reduce using rule 89 (assign_stmt -> LET ID ASSIGN expression optional_semicolon .)


state 215

    (24) disp_stmt -> DISP LPAREN expression RPAREN optional_semicolon .

    LPAREN          reduce using rule 24 (disp_stmt -> DISP LPAREN expression RPAREN optional_semicolon .)
    NOT             reduce using rule 24 (disp_stmt -> DISP LPAREN expression RPAREN optional_semicolon .)
    SUB             reduce using rule 24 (disp_stmt -> DISP LPAREN expression RPAREN optional_semicolon .)
    LBRACKET        reduce using rule 24 (disp_stmt -> DISP LPAREN expression RPAREN optional_semicolon .)
    LBRACE          reduce using rule 24 (disp_stmt -> DISP LPAREN expression RPAREN optional_semicolon .)
    LAMBDA          reduce using rule 24 (disp_stmt -> DISP LPAREN expression RPAREN optional_semicolon .)
    LET             reduce using rule 24 (disp_stmt -> DISP LPAREN expression RPAREN optional_semicolon .)
    ID              reduce using rule 24 (disp_stmt -> DISP LPAREN expression RPAREN optional_semicolon .)
    DISP            reduce using rule 24 (disp_stmt -> DISP LPAREN expression RPAREN optional_semicolon .)
    ENTRY           reduce using rule 24 (disp_stmt -> DISP LPAREN expression RPAREN optional_semicolon .)
    IF              reduce using rule 24 (disp_stmt -> DISP LPAREN expression RPAREN optional_semicolon .)
    WHILE           reduce using rule 24 (disp_stmt -> DISP LPAREN expression RPAREN optional_semicolon .)
    FUNCTION        reduce using rule 24 (disp_stmt -> DISP LPAREN expression RPAREN optional_semicolon .)
    FOR             reduce using rule 24 (disp_stmt -> DISP LPAREN expression RPAREN optional_semicolon .)
    CONT            reduce using rule 24 (disp_stmt -> DISP LPAREN expression RPAREN optional_semicolon .)
    BREAK           reduce using rule 24 (disp_stmt -> DISP LPAREN expression RPAREN optional_semicolon .)
    RETURN          reduce using rule 24 (disp_stmt -> DISP LPAREN expression RPAREN optional_semicolon .)
    TRY             reduce using rule 24 (disp_stmt -> DISP LPAREN expression RPAREN optional_semicolon .)
    THROW           reduce using rule 24 (disp_stmt -> DISP LPAREN expression RPAREN optional_semicolon .)
    ASSERT          reduce using rule 24 (disp_stmt -> DISP LPAREN expression RPAREN optional_semicolon .)
    ASSERT_EQ       reduce using rule 24 (disp_stmt -> DISP LPAREN expression RPAREN optional_semicolon .)
    ATTEMPT         reduce using rule 24 (disp_stmt -> DISP LPAREN expression RPAREN optional_semicolon .)
    INT             reduce using rule 24 (disp_stmt -> DISP LPAREN expression RPAREN optional_semicolon .)
    STR             reduce using rule 24 (disp_stmt -> DISP LPAREN expression RPAREN optional_semicolon .)
    BOOL            reduce using rule 24 (disp_stmt -> DISP LPAREN expression RPAREN optional_semicolon .)
    FLOAT           reduce using rule 24 (disp_stmt -> DISP LPAREN expression RPAREN optional_semicolon .)
    $end            reduce using rule 24 (disp_stmt -> DISP LPAREN expression RPAREN optional_semicolon .)
    RBRACE          reduce using rule 24 (disp_stmt -> DISP LPAREN expression RPAREN optional_semicolon .)
    OK_CHECK        reduce using rule 24 (disp_stmt -> DISP LPAREN expression RPAREN optional_semicolon .)
    RPAREN          reduce using rule 24 (disp_stmt -> DISP LPAREN expression RPAREN optional_semicolon .)
    FALLBACK        reduce using rule 24 (disp_stmt -> DISP LPAREN expression RPAREN optional_semicolon .)


state 216

    (25) entry_stmt -> ENTRY LPAREN expression RPAREN optional_semicolon .

    LPAREN          reduce using rule 25 (entry_stmt -> ENTRY LPAREN expression RPAREN optional_semicolon .)
    NOT             reduce using rule 25 (entry_stmt -> ENTRY LPAREN expression RPAREN optional_semicolon .)
    SUB             reduce using rule 25 (entry_stmt -> ENTRY LPAREN expression RPAREN optional_semicolon .)
    LBRACKET        reduce using rule 25 (entry_stmt -> ENTRY LPAREN expression RPAREN optional_semicolon .)
    LBRACE          reduce using rule 25 (entry_stmt -> ENTRY LPAREN expression RPAREN optional_semicolon .)
    LAMBDA          reduce using rule 25 (entry_stmt -> ENTRY LPAREN expression RPAREN optional_semicolon .)
    LET             reduce using rule 25 (entry_stmt -> ENTRY LPAREN expression RPAREN optional_semicolon .)
    ID              reduce using rule 25 (entry_stmt -> ENTRY LPAREN expression RPAREN optional_semicolon .)
    DISP            reduce using rule 25 (entry_stmt -> ENTRY LPAREN expression RPAREN optional_semicolon .)
    ENTRY           reduce using rule 25 (entry_stmt -> ENTRY LPAREN expression RPAREN optional_semicolon .)
    IF              reduce using rule 25 (entry_stmt -> ENTRY LPAREN expression RPAREN optional_semicolon .)
    WHILE           reduce using rule 25 (entry_stmt -> ENTRY LPAREN expression RPAREN optional_semicolon .)
    FUNCTION        reduce using rule 25 (entry_stmt -> ENTRY LPAREN expression RPAREN optional_semicolon .)
    FOR             reduce using rule 25 (entry_stmt -> ENTRY LPAREN expression RPAREN optional_semicolon .)
    CONT            reduce using rule 25 (entry_stmt -> ENTRY LPAREN expression RPAREN optional_semicolon .)
    BREAK           reduce using rule 25 (entry_stmt -> ENTRY LPAREN expression RPAREN optional_semicolon .)
    RETURN          reduce using rule 25 (entry_stmt -> ENTRY LPAREN expression RPAREN optional_semicolon .)
    TRY             reduce using rule 25 (entry_stmt -> ENTRY LPAREN expression RPAREN optional_semicolon .)
    THROW           reduce using rule 25 (entry_stmt -> ENTRY LPAREN expression RPAREN optional_semicolon .)
    ASSERT          reduce using rule 25 (entry_stmt -> ENTRY LPAREN expression RPAREN optional_semicolon .)
    ASSERT_EQ       reduce using rule 25 (entry_stmt -> ENTRY LPAREN expression RPAREN optional_semicolon .)
    ATTEMPT         reduce using rule 25 (entry_stmt -> ENTRY LPAREN expression RPAREN optional_semicolon .)
    INT             reduce using rule 25 (entry_stmt -> ENTRY LPAREN expression RPAREN optional_semicolon .)
    STR             reduce using rule 25 (entry_stmt -> ENTRY LPAREN expression RPAREN optional_semicolon .)
    BOOL            reduce using rule 25 (entry_stmt -> ENTRY LPAREN expression RPAREN optional_semicolon .)
    FLOAT           reduce using rule 25 (entry_stmt -> ENTRY LPAREN expression RPAREN optional_semicolon .)
    $end            reduce using rule 25 (entry_stmt -> ENTRY LPAREN expression RPAREN optional_semicolon .)
    RBRACE          reduce using rule 25 (entry_stmt -> ENTRY LPAREN expression RPAREN optional_semicolon .)
    OK_CHECK        reduce using rule 25 (entry_stmt -> ENTRY LPAREN expression RPAREN optional_semicolon .)
    RPAREN          reduce using rule 25 (entry_stmt -> ENTRY LPAREN expression RPAREN optional_semicolon .)
    FALLBACK        reduce using rule 25 (entry_stmt -> ENTRY LPAREN expression RPAREN optional_semicolon .)


state 217

    (37) If_Else_stmt -> IF expression block ELSE block .

    LPAREN          reduce using rule 37 (If_Else_stmt -> IF expression block ELSE block .)
    NOT             reduce using rule 37 (If_Else_stmt -> IF expression block ELSE block .)
    SUB             reduce using rule 37 (If_Else_stmt -> IF expression block ELSE block .)
    LBRACKET        reduce using rule 37 (If_Else_stmt -> IF expression block ELSE block .)
    LBRACE          reduce using rule 37 (If_Else_stmt -> IF expression block ELSE block .)
    LAMBDA          reduce using rule 37 (If_Else_stmt -> IF expression block ELSE block .)
    LET             reduce using rule 37 (If_Else_stmt -> IF expression block ELSE block .)
    ID              reduce using rule 37 (If_Else_stmt -> IF expression block ELSE block .)
    DISP            reduce using rule 37 (If_Else_stmt -> IF expression block ELSE block .)
    ENTRY           reduce using rule 37 (If_Else_stmt -> IF expression block ELSE block .)
    IF              reduce using rule 37 (If_Else_stmt -> IF expression block ELSE block .)
    WHILE           reduce using rule 37 (If_Else_stmt -> IF expression block ELSE block .)
    FUNCTION        reduce using rule 37 (If_Else_stmt -> IF expression block ELSE block .)
    FOR             reduce using rule 37 (If_Else_stmt -> IF expression block ELSE block .)
    CONT            reduce using rule 37 (If_Else_stmt -> IF expression block ELSE block .)
    BREAK           reduce using rule 37 (If_Else_stmt -> IF expression block ELSE block .)
    RETURN          reduce using rule 37 (If_Else_stmt -> IF expression block ELSE block .)
    TRY             reduce using rule 37 (If_Else_stmt -> IF expression block ELSE block .)
    THROW           reduce using rule 37 (If_Else_stmt -> IF expression block ELSE block .)
    ASSERT          reduce using rule 37 (If_Else_stmt -> IF expression block ELSE block .)
    ASSERT_EQ       reduce using rule 37 (If_Else_stmt -> IF expression block ELSE block .)
    ATTEMPT         reduce using rule 37 (If_Else_stmt -> IF expression block ELSE block .)
    INT             reduce using rule 37 (If_Else_stmt -> IF expression block ELSE block .)
    STR             reduce using rule 37 (If_Else_stmt -> IF expression block ELSE block .)
    BOOL            reduce using rule 37 (If_Else_stmt -> IF expression block ELSE block .)
    FLOAT           reduce using rule 37 (If_Else_stmt -> IF expression block ELSE block .)
    $end            reduce using rule 37 (If_Else_stmt -> IF expression block ELSE block .)
    RBRACE          reduce using rule 37 (If_Else_stmt -> IF expression block ELSE block .)
    OK_CHECK        reduce using rule 37 (If_Else_stmt -> IF expression block ELSE block .)
    RPAREN          reduce using rule 37 (If_Else_stmt -> IF expression block ELSE block .)
    FALLBACK        reduce using rule 37 (If_Else_stmt -> IF expression block ELSE block .)


state 218

    (55) function_stmt -> FUNCTION ID COLON type param_list . COLON block

    COLON           shift and go to state 238


state 219

    (56) function_stmt -> FUNCTION ID param_list COLON block .

    LPAREN          reduce using rule 56 (function_stmt -> FUNCTION ID param_list COLON block .)
    NOT             reduce using rule 56 (function_stmt -> FUNCTION ID param_list COLON block .)
    SUB             reduce using rule 56 (function_stmt -> FUNCTION ID param_list COLON block .)
    LBRACKET        reduce using rule 56 (function_stmt -> FUNCTION ID param_list COLON block .)
    LBRACE          reduce using rule 56 (function_stmt -> FUNCTION ID param_list COLON block .)
    LAMBDA          reduce using rule 56 (function_stmt -> FUNCTION ID param_list COLON block .)
    LET             reduce using rule 56 (function_stmt -> FUNCTION ID param_list COLON block .)
    ID              reduce using rule 56 (function_stmt -> FUNCTION ID param_list COLON block .)
    DISP            reduce using rule 56 (function_stmt -> FUNCTION ID param_list COLON block .)
    ENTRY           reduce using rule 56 (function_stmt -> FUNCTION ID param_list COLON block .)
    IF              reduce using rule 56 (function_stmt -> FUNCTION ID param_list COLON block .)
    WHILE           reduce using rule 56 (function_stmt -> FUNCTION ID param_list COLON block .)
    FUNCTION        reduce using rule 56 (function_stmt -> FUNCTION ID param_list COLON block .)
    FOR             reduce using rule 56 (function_stmt -> FUNCTION ID param_list COLON block .)
    CONT            reduce using rule 56 (function_stmt -> FUNCTION ID param_list COLON block .)
    BREAK           reduce using rule 56 (function_stmt -> FUNCTION ID param_list COLON block .)
    RETURN          reduce using rule 56 (function_stmt -> FUNCTION ID param_list COLON block .)
    TRY             reduce using rule 56 (function_stmt -> FUNCTION ID param_list COLON block .)
    THROW           reduce using rule 56 (function_stmt -> FUNCTION ID param_list COLON block .)
    ASSERT          reduce using rule 56 (function_stmt -> FUNCTION ID param_list COLON block .)
    ASSERT_EQ       reduce using rule 56 (function_stmt -> FUNCTION ID param_list COLON block .)
    ATTEMPT         reduce using rule 56 (function_stmt -> FUNCTION ID param_list COLON block .)
    INT             reduce using rule 56 (function_stmt -> FUNCTION ID param_list COLON block .)
    STR             reduce using rule 56 (function_stmt -> FUNCTION ID param_list COLON block .)
    BOOL            reduce using rule 56 (function_stmt -> FUNCTION ID param_list COLON block .)
    FLOAT           reduce using rule 56 (function_stmt -> FUNCTION ID param_list COLON block .)
    $end            reduce using rule 56 (function_stmt -> FUNCTION ID param_list COLON block .)
    RBRACE          reduce using rule 56 (function_stmt -> FUNCTION ID param_list COLON block .)
    OK_CHECK        reduce using rule 56 (function_stmt -> FUNCTION ID param_list COLON block .)
    RPAREN          reduce using rule 56 (function_stmt -> FUNCTION ID param_list COLON block .)
    FALLBACK        reduce using rule 56 (function_stmt -> FUNCTION ID param_list COLON block .)


state 220

    (53) param_list -> LBRACKET params RBRACKET .

    COLON           reduce using rule 53 (param_list -> LBRACKET params RBRACKET .)


state 221

    (54) param_list -> LBRACKET empty RBRACKET .

    COLON           reduce using rule 54 (param_list -> LBRACKET empty RBRACKET .)


state 222

    (39) for_stmt -> FOR LPAREN statement expression SEMICOLON . statement RPAREN block
    (2) statement -> . expression optional_semicolon
    (3) statement -> . assign_stmt
    (4) statement -> . statement_index_assign
    (5) statement -> . disp_stmt
    (6) statement -> . entry_stmt
    (7) statement -> . If_Else_stmt
    (8) statement -> . while_stmt
    (9) statement -> . block
    (10) statement -> . function_stmt
    (11) statement -> . for_stmt
    (12) statement -> . continue_stmt
    (13) statement -> . break_stmt
    (14) statement -> . return_stmt
    (15) statement -> . call_stmt
    (16) statement -> . try_ok_stmt
    (17) statement -> . throw_stmt
    (18) statement -> . assert_stmt
    (19) statement -> . assert_eq_stmt
    (20) statement -> . attempt_stmt
    (23) statement -> . empty
    (27) expression -> . variable
    (28) expression -> . bin_ops
    (29) expression -> . LPAREN expression RPAREN
    (45) expression -> . NOT expression
    (46) expression -> . SUB expression
    (62) expression -> . call_stmt
    (91) expression -> . LBRACKET args RBRACKET
    (92) expression -> . LBRACKET empty RBRACKET
    (93) expression -> . expression LBRACKET expression RBRACKET
    (95) expression -> . expression DOT ID LPAREN arg_list RPAREN
    (96) expression -> . LBRACE hash_elements RBRACE
    (97) expression -> . LBRACE empty RBRACE
    (115) expression -> . LAMBDA LPAREN params RPAREN COLON type ARROW expression
    (116) expression -> . LAMBDA LPAREN params RPAREN ARROW expression
    (117) expression -> . LAMBDA LPAREN RPAREN ARROW expression
    (88) assign_stmt -> . LET ID COLON type ASSIGN expression optional_semicolon
    (89) assign_stmt -> . LET ID ASSIGN expression optional_semicolon
    (90) assign_stmt -> . ID ASSIGN expression optional_semicolon
    (94) statement_index_assign -> . expression LBRACKET expression RBRACKET ASSIGN expression optional_semicolon
    (24) disp_stmt -> . DISP LPAREN expression RPAREN optional_semicolon
    (25) entry_stmt -> . ENTRY LPAREN expression RPAREN optional_semicolon
    (26) entry_stmt -> . ENTRY optional_semicolon
    (36) If_Else_stmt -> . IF expression block
    (37) If_Else_stmt -> . IF expression block ELSE block
    (38) while_stmt -> . WHILE expression block
    (35) block -> . LBRACE statements RBRACE
    (55) function_stmt -> . FUNCTION ID COLON type param_list COLON block
    (56) function_stmt -> . FUNCTION ID param_list COLON block
    (39) for_stmt -> . FOR LPAREN statement expression SEMICOLON statement RPAREN block
    (40) for_stmt -> . FOR expression block
    (41) continue_stmt -> . CONT optional_semicolon
    (42) break_stmt -> . BREAK optional_semicolon
    (43) return_stmt -> . RETURN expression optional_semicolon
    (44) return_stmt -> . RETURN optional_semicolon
    (61) call_stmt -> . ID LPAREN arg_list RPAREN
    (102) try_ok_stmt -> . TRY COLON block OK_CHECK LBRACKET ID COMMA ID RBRACKET COLON block
    (103) try_ok_stmt -> . TRY COLON block OK_CHECK LBRACKET ID RBRACKET COLON block
    (104) try_ok_stmt -> . TRY COLON block OK_CHECK COLON block
    (105) try_ok_stmt -> . TRY COLON statements OK_CHECK LBRACKET ID COMMA ID RBRACKET COLON statements
    (106) try_ok_stmt -> . TRY COLON statements OK_CHECK LBRACKET ID RBRACKET COLON statements
    (107) try_ok_stmt -> . TRY COLON statements OK_CHECK COLON statements
    (101) throw_stmt -> . THROW expression optional_semicolon
    (108) assert_stmt -> . ASSERT expression COMMA expression optional_semicolon
    (109) assert_stmt -> . ASSERT expression optional_semicolon
    (110) assert_eq_stmt -> . ASSERT_EQ expression COMMA expression optional_semicolon
    (111) attempt_stmt -> . ATTEMPT LPAREN expression RPAREN COLON block FALLBACK COLON block
    (112) attempt_stmt -> . ATTEMPT LPAREN expression RPAREN COLON block
    (113) attempt_stmt -> . ATTEMPT LPAREN expression RPAREN COLON statements FALLBACK COLON statements
    (114) attempt_stmt -> . ATTEMPT LPAREN expression RPAREN COLON statements
    (118) empty -> .
    (30) variable -> . INT
    (31) variable -> . STR
    (32) variable -> . BOOL
    (33) variable -> . ID
    (34) variable -> . FLOAT
    (63) bin_ops -> . expression ADD expression
    (64) bin_ops -> . expression SUB expression
    (65) bin_ops -> . expression MUL expression
    (66) bin_ops -> . expression DIV expression
    (67) bin_ops -> . expression MOD expression
    (68) bin_ops -> . expression POW expression
    (69) bin_ops -> . expression GT expression
    (70) bin_ops -> . expression LT expression
    (71) bin_ops -> . expression GE expression
    (72) bin_ops -> . expression LE expression
    (73) bin_ops -> . expression EQ expression
    (74) bin_ops -> . expression NE expression
    (75) bin_ops -> . expression AND expression
    (76) bin_ops -> . expression OR expression

    LPAREN          shift and go to state 26
    NOT             shift and go to state 27
    SUB             shift and go to state 28
    LBRACKET        shift and go to state 29
    LBRACE          shift and go to state 31
    LAMBDA          shift and go to state 32
    LET             shift and go to state 33
    ID              shift and go to state 30
    DISP            shift and go to state 34
    ENTRY           shift and go to state 35
    IF              shift and go to state 36
    WHILE           shift and go to state 37
    FUNCTION        shift and go to state 38
    FOR             shift and go to state 39
    CONT            shift and go to state 40
    BREAK           shift and go to state 41
    RETURN          shift and go to state 42
    TRY             shift and go to state 43
    THROW           shift and go to state 44
    ASSERT          shift and go to state 45
    ASSERT_EQ       shift and go to state 46
    ATTEMPT         shift and go to state 47
    RPAREN          reduce using rule 118 (empty -> .)
    INT             shift and go to state 48
    STR             shift and go to state 49
    BOOL            shift and go to state 50
    FLOAT           shift and go to state 51

    statement                      shift and go to state 239
    expression                     shift and go to state 4
    block                          shift and go to state 11
    assign_stmt                    shift and go to state 5
    statement_index_assign         shift and go to state 6
    disp_stmt                      shift and go to state 7
    entry_stmt                     shift and go to state 8
    If_Else_stmt                   shift and go to state 9
    while_stmt                     shift and go to state 10
    function_stmt                  shift and go to state 12
    for_stmt                       shift and go to state 13
    continue_stmt                  shift and go to state 14
    break_stmt                     shift and go to state 15
    return_stmt                    shift and go to state 16
    call_stmt                      shift and go to state 17
    try_ok_stmt                    shift and go to state 18
    throw_stmt                     shift and go to state 19
    assert_stmt                    shift and go to state 20
    assert_eq_stmt                 shift and go to state 21
    attempt_stmt                   shift and go to state 22
    empty                          shift and go to state 23
    variable                       shift and go to state 24
    bin_ops                        shift and go to state 25

state 223

    (104) try_ok_stmt -> TRY COLON block OK_CHECK COLON . block
    (35) block -> . LBRACE statements RBRACE

    LBRACE          shift and go to state 148

    block                          shift and go to state 240

state 224

    (102) try_ok_stmt -> TRY COLON block OK_CHECK LBRACKET . ID COMMA ID RBRACKET COLON block
    (103) try_ok_stmt -> TRY COLON block OK_CHECK LBRACKET . ID RBRACKET COLON block

    ID              shift and go to state 241


state 225

    (107) try_ok_stmt -> TRY COLON statements OK_CHECK COLON . statements
    (21) statements -> . statement
    (22) statements -> . statements statement
    (2) statement -> . expression optional_semicolon
    (3) statement -> . assign_stmt
    (4) statement -> . statement_index_assign
    (5) statement -> . disp_stmt
    (6) statement -> . entry_stmt
    (7) statement -> . If_Else_stmt
    (8) statement -> . while_stmt
    (9) statement -> . block
    (10) statement -> . function_stmt
    (11) statement -> . for_stmt
    (12) statement -> . continue_stmt
    (13) statement -> . break_stmt
    (14) statement -> . return_stmt
    (15) statement -> . call_stmt
    (16) statement -> . try_ok_stmt
    (17) statement -> . throw_stmt
    (18) statement -> . assert_stmt
    (19) statement -> . assert_eq_stmt
    (20) statement -> . attempt_stmt
    (23) statement -> . empty
    (27) expression -> . variable
    (28) expression -> . bin_ops
    (29) expression -> . LPAREN expression RPAREN
    (45) expression -> . NOT expression
    (46) expression -> . SUB expression
    (62) expression -> . call_stmt
    (91) expression -> . LBRACKET args RBRACKET
    (92) expression -> . LBRACKET empty RBRACKET
    (93) expression -> . expression LBRACKET expression RBRACKET
    (95) expression -> . expression DOT ID LPAREN arg_list RPAREN
    (96) expression -> . LBRACE hash_elements RBRACE
    (97) expression -> . LBRACE empty RBRACE
    (115) expression -> . LAMBDA LPAREN params RPAREN COLON type ARROW expression
    (116) expression -> . LAMBDA LPAREN params RPAREN ARROW expression
    (117) expression -> . LAMBDA LPAREN RPAREN ARROW expression
    (88) assign_stmt -> . LET ID COLON type ASSIGN expression optional_semicolon
    (89) assign_stmt -> . LET ID ASSIGN expression optional_semicolon
    (90) assign_stmt -> . ID ASSIGN expression optional_semicolon
    (94) statement_index_assign -> . expression LBRACKET expression RBRACKET ASSIGN expression optional_semicolon
    (24) disp_stmt -> . DISP LPAREN expression RPAREN optional_semicolon
    (25) entry_stmt -> . ENTRY LPAREN expression RPAREN optional_semicolon
    (26) entry_stmt -> . ENTRY optional_semicolon
    (36) If_Else_stmt -> . IF expression block
    (37) If_Else_stmt -> . IF expression block ELSE block
    (38) while_stmt -> . WHILE expression block
    (35) block -> . LBRACE statements RBRACE
    (55) function_stmt -> . FUNCTION ID COLON type param_list COLON block
    (56) function_stmt -> . FUNCTION ID param_list COLON block
    (39) for_stmt -> . FOR LPAREN statement expression SEMICOLON statement RPAREN block
    (40) for_stmt -> . FOR expression block
    (41) continue_stmt -> . CONT optional_semicolon
    (42) break_stmt -> . BREAK optional_semicolon
    (43) return_stmt -> . RETURN expression optional_semicolon
    (44) return_stmt -> . RETURN optional_semicolon
    (61) call_stmt -> . ID LPAREN arg_list RPAREN
    (102) try_ok_stmt -> . TRY COLON block OK_CHECK LBRACKET ID COMMA ID RBRACKET COLON block
    (103) try_ok_stmt -> . TRY COLON block OK_CHECK LBRACKET ID RBRACKET COLON block
    (104) try_ok_stmt -> . TRY COLON block OK_CHECK COLON block
    (105) try_ok_stmt -> . TRY COLON statements OK_CHECK LBRACKET ID COMMA ID RBRACKET COLON statements
    (106) try_ok_stmt -> . TRY COLON statements OK_CHECK LBRACKET ID RBRACKET COLON statements
    (107) try_ok_stmt -> . TRY COLON statements OK_CHECK COLON statements
    (101) throw_stmt -> . THROW expression optional_semicolon
    (108) assert_stmt -> . ASSERT expression COMMA expression optional_semicolon
    (109) assert_stmt -> . ASSERT expression optional_semicolon
    (110) assert_eq_stmt -> . ASSERT_EQ expression COMMA expression optional_semicolon
    (111) attempt_stmt -> . ATTEMPT LPAREN expression RPAREN COLON block FALLBACK COLON block
    (112) attempt_stmt -> . ATTEMPT LPAREN expression RPAREN COLON block
    (113) attempt_stmt -> . ATTEMPT LPAREN expression RPAREN COLON statements FALLBACK COLON statements
    (114) attempt_stmt -> . ATTEMPT LPAREN expression RPAREN COLON statements
    (118) empty -> .
    (30) variable -> . INT
    (31) variable -> . STR
    (32) variable -> . BOOL
    (33) variable -> . ID
    (34) variable -> . FLOAT
    (63) bin_ops -> . expression ADD expression
    (64) bin_ops -> . expression SUB expression
    (65) bin_ops -> . expression MUL expression
    (66) bin_ops -> . expression DIV expression
    (67) bin_ops -> . expression MOD expression
    (68) bin_ops -> . expression POW expression
    (69) bin_ops -> . expression GT expression
    (70) bin_ops -> . expression LT expression
    (71) bin_ops -> . expression GE expression
    (72) bin_ops -> . expression LE expression
    (73) bin_ops -> . expression EQ expression
    (74) bin_ops -> . expression NE expression
    (75) bin_ops -> . expression AND expression
    (76) bin_ops -> . expression OR expression

  ! shift/reduce conflict for LPAREN resolved as shift
  ! shift/reduce conflict for NOT resolved as shift
  ! shift/reduce conflict for SUB resolved as shift
  ! shift/reduce conflict for LBRACKET resolved as shift
  ! shift/reduce conflict for LBRACE resolved as shift
  ! shift/reduce conflict for LAMBDA resolved as shift
  ! shift/reduce conflict for LET resolved as shift
  ! shift/reduce conflict for ID resolved as shift
  ! shift/reduce conflict for DISP resolved as shift
  ! shift/reduce conflict for ENTRY resolved as shift
  ! shift/reduce conflict for IF resolved as shift
  ! shift/reduce conflict for WHILE resolved as shift
  ! shift/reduce conflict for FUNCTION resolved as shift
  ! shift/reduce conflict for FOR resolved as shift
  ! shift/reduce conflict for CONT resolved as shift
  ! shift/reduce conflict for BREAK resolved as shift
  ! shift/reduce conflict for RETURN resolved as shift
  ! shift/reduce conflict for TRY resolved as shift
  ! shift/reduce conflict for THROW resolved as shift
  ! shift/reduce conflict for ASSERT resolved as shift
  ! shift/reduce conflict for ASSERT_EQ resolved as shift
  ! shift/reduce conflict for ATTEMPT resolved as shift
  ! shift/reduce conflict for INT resolved as shift
  ! shift/reduce conflict for STR resolved as shift
  ! shift/reduce conflict for BOOL resolved as shift
  ! shift/reduce conflict for FLOAT resolved as shift
    LPAREN          shift and go to state 26
    NOT             shift and go to state 27
    SUB             shift and go to state 28
    LBRACKET        shift and go to state 29
    LBRACE          shift and go to state 31
    LAMBDA          shift and go to state 32
    LET             shift and go to state 33
    ID              shift and go to state 30
    DISP            shift and go to state 34
    ENTRY           shift and go to state 35
    IF              shift and go to state 36
    WHILE           shift and go to state 37
    FUNCTION        shift and go to state 38
    FOR             shift and go to state 39
    CONT            shift and go to state 40
    BREAK           shift and go to state 41
    RETURN          shift and go to state 42
    TRY             shift and go to state 43
    THROW           shift and go to state 44
    ASSERT          shift and go to state 45
    ASSERT_EQ       shift and go to state 46
    ATTEMPT         shift and go to state 47
    $end            reduce using rule 118 (empty -> .)
    RBRACE          reduce using rule 118 (empty -> .)
    OK_CHECK        reduce using rule 118 (empty -> .)
    RPAREN          reduce using rule 118 (empty -> .)
    FALLBACK        reduce using rule 118 (empty -> .)
    INT             shift and go to state 48
    STR             shift and go to state 49
    BOOL            shift and go to state 50
    FLOAT           shift and go to state 51

  ! LPAREN          [ reduce using rule 118 (empty -> .) ]
  ! NOT             [ reduce using rule 118 (empty -> .) ]
  ! SUB             [ reduce using rule 118 (empty -> .) ]
  ! LBRACKET        [ reduce using rule 118 (empty -> .) ]
  ! LBRACE          [ reduce using rule 118 (empty -> .) ]
  ! LAMBDA          [ reduce using rule 118 (empty -> .) ]
  ! LET             [ reduce using rule 118 (empty -> .) ]
  ! ID              [ reduce using rule 118 (empty -> .) ]
  ! DISP            [ reduce using rule 118 (empty -> .) ]
  ! ENTRY           [ reduce using rule 118 (empty -> .) ]
  ! IF              [ reduce using rule 118 (empty -> .) ]
  ! WHILE           [ reduce using rule 118 (empty -> .) ]
  ! FUNCTION        [ reduce using rule 118 (empty -> .) ]
  ! FOR             [ reduce using rule 118 (empty -> .) ]
  ! CONT            [ reduce using rule 118 (empty -> .) ]
  ! BREAK           [ reduce using rule 118 (empty -> .) ]
  ! RETURN          [ reduce using rule 118 (empty -> .) ]
  ! TRY             [ reduce using rule 118 (empty -> .) ]
  ! THROW           [ reduce using rule 118 (empty -> .) ]
  ! ASSERT          [ reduce using rule 118 (empty -> .) ]
  ! ASSERT_EQ       [ reduce using rule 118 (empty -> .) ]
  ! ATTEMPT         [ reduce using rule 118 (empty -> .) ]
  ! INT             [ reduce using rule 118 (empty -> .) ]
  ! STR             [ reduce using rule 118 (empty -> .) ]
  ! BOOL            [ reduce using rule 118 (empty -> .) ]
  ! FLOAT           [ reduce using rule 118 (empty -> .) ]

    statements                     shift and go to state 242
    statement                      shift and go to state 3
    expression                     shift and go to state 4
    assign_stmt                    shift and go to state 5
    statement_index_assign         shift and go to state 6
    disp_stmt                      shift and go to state 7
    entry_stmt                     shift and go to state 8
    If_Else_stmt                   shift and go to state 9
    while_stmt                     shift and go to state 10
    block                          shift and go to state 11
    function_stmt                  shift and go to state 12
    for_stmt                       shift and go to state 13
    continue_stmt                  shift and go to state 14
    break_stmt                     shift and go to state 15
    return_stmt                    shift and go to state 16
    call_stmt                      shift and go to state 17
    try_ok_stmt                    shift and go to state 18
    throw_stmt                     shift and go to state 19
    assert_stmt                    shift and go to state 20
    assert_eq_stmt                 shift and go to state 21
    attempt_stmt                   shift and go to state 22
    empty                          shift and go to state 23
    variable                       shift and go to state 24
    bin_ops                        shift and go to state 25

state 226

    (105) try_ok_stmt -> TRY COLON statements OK_CHECK LBRACKET . ID COMMA ID RBRACKET COLON statements
    (106) try_ok_stmt -> TRY COLON statements OK_CHECK LBRACKET . ID RBRACKET COLON statements

    ID              shift and go to state 243


state 227

    (108) assert_stmt -> ASSERT expression COMMA expression optional_semicolon .

    LPAREN          reduce using rule 108 (assert_stmt -> ASSERT expression COMMA expression optional_semicolon .)
    NOT             reduce using rule 108 (assert_stmt -> ASSERT expression COMMA expression optional_semicolon .)
    SUB             reduce using rule 108 (assert_stmt -> ASSERT expression COMMA expression optional_semicolon .)
    LBRACKET        reduce using rule 108 (assert_stmt -> ASSERT expression COMMA expression optional_semicolon .)
    LBRACE          reduce using rule 108 (assert_stmt -> ASSERT expression COMMA expression optional_semicolon .)
    LAMBDA          reduce using rule 108 (assert_stmt -> ASSERT expression COMMA expression optional_semicolon .)
    LET             reduce using rule 108 (assert_stmt -> ASSERT expression COMMA expression optional_semicolon .)
    ID              reduce using rule 108 (assert_stmt -> ASSERT expression COMMA expression optional_semicolon .)
    DISP            reduce using rule 108 (assert_stmt -> ASSERT expression COMMA expression optional_semicolon .)
    ENTRY           reduce using rule 108 (assert_stmt -> ASSERT expression COMMA expression optional_semicolon .)
    IF              reduce using rule 108 (assert_stmt -> ASSERT expression COMMA expression optional_semicolon .)
    WHILE           reduce using rule 108 (assert_stmt -> ASSERT expression COMMA expression optional_semicolon .)
    FUNCTION        reduce using rule 108 (assert_stmt -> ASSERT expression COMMA expression optional_semicolon .)
    FOR             reduce using rule 108 (assert_stmt -> ASSERT expression COMMA expression optional_semicolon .)
    CONT            reduce using rule 108 (assert_stmt -> ASSERT expression COMMA expression optional_semicolon .)
    BREAK           reduce using rule 108 (assert_stmt -> ASSERT expression COMMA expression optional_semicolon .)
    RETURN          reduce using rule 108 (assert_stmt -> ASSERT expression COMMA expression optional_semicolon .)
    TRY             reduce using rule 108 (assert_stmt -> ASSERT expression COMMA expression optional_semicolon .)
    THROW           reduce using rule 108 (assert_stmt -> ASSERT expression COMMA expression optional_semicolon .)
    ASSERT          reduce using rule 108 (assert_stmt -> ASSERT expression COMMA expression optional_semicolon .)
    ASSERT_EQ       reduce using rule 108 (assert_stmt -> ASSERT expression COMMA expression optional_semicolon .)
    ATTEMPT         reduce using rule 108 (assert_stmt -> ASSERT expression COMMA expression optional_semicolon .)
    INT             reduce using rule 108 (assert_stmt -> ASSERT expression COMMA expression optional_semicolon .)
    STR             reduce using rule 108 (assert_stmt -> ASSERT expression COMMA expression optional_semicolon .)
    BOOL            reduce using rule 108 (assert_stmt -> ASSERT expression COMMA expression optional_semicolon .)
    FLOAT           reduce using rule 108 (assert_stmt -> ASSERT expression COMMA expression optional_semicolon .)
    $end            reduce using rule 108 (assert_stmt -> ASSERT expression COMMA expression optional_semicolon .)
    RBRACE          reduce using rule 108 (assert_stmt -> ASSERT expression COMMA expression optional_semicolon .)
    OK_CHECK        reduce using rule 108 (assert_stmt -> ASSERT expression COMMA expression optional_semicolon .)
    RPAREN          reduce using rule 108 (assert_stmt -> ASSERT expression COMMA expression optional_semicolon .)
    FALLBACK        reduce using rule 108 (assert_stmt -> ASSERT expression COMMA expression optional_semicolon .)


state 228

    (110) assert_eq_stmt -> ASSERT_EQ expression COMMA expression optional_semicolon .

    LPAREN          reduce using rule 110 (assert_eq_stmt -> ASSERT_EQ expression COMMA expression optional_semicolon .)
    NOT             reduce using rule 110 (assert_eq_stmt -> ASSERT_EQ expression COMMA expression optional_semicolon .)
    SUB             reduce using rule 110 (assert_eq_stmt -> ASSERT_EQ expression COMMA expression optional_semicolon .)
    LBRACKET        reduce using rule 110 (assert_eq_stmt -> ASSERT_EQ expression COMMA expression optional_semicolon .)
    LBRACE          reduce using rule 110 (assert_eq_stmt -> ASSERT_EQ expression COMMA expression optional_semicolon .)
    LAMBDA          reduce using rule 110 (assert_eq_stmt -> ASSERT_EQ expression COMMA expression optional_semicolon .)
    LET             reduce using rule 110 (assert_eq_stmt -> ASSERT_EQ expression COMMA expression optional_semicolon .)
    ID              reduce using rule 110 (assert_eq_stmt -> ASSERT_EQ expression COMMA expression optional_semicolon .)
    DISP            reduce using rule 110 (assert_eq_stmt -> ASSERT_EQ expression COMMA expression optional_semicolon .)
    ENTRY           reduce using rule 110 (assert_eq_stmt -> ASSERT_EQ expression COMMA expression optional_semicolon .)
    IF              reduce using rule 110 (assert_eq_stmt -> ASSERT_EQ expression COMMA expression optional_semicolon .)
    WHILE           reduce using rule 110 (assert_eq_stmt -> ASSERT_EQ expression COMMA expression optional_semicolon .)
    FUNCTION        reduce using rule 110 (assert_eq_stmt -> ASSERT_EQ expression COMMA expression optional_semicolon .)
    FOR             reduce using rule 110 (assert_eq_stmt -> ASSERT_EQ expression COMMA expression optional_semicolon .)
    CONT            reduce using rule 110 (assert_eq_stmt -> ASSERT_EQ expression COMMA expression optional_semicolon .)
    BREAK           reduce using rule 110 (assert_eq_stmt -> ASSERT_EQ expression COMMA expression optional_semicolon .)
    RETURN          reduce using rule 110 (assert_eq_stmt -> ASSERT_EQ expression COMMA expression optional_semicolon .)
    TRY             reduce using rule 110 (assert_eq_stmt -> ASSERT_EQ expression COMMA expression optional_semicolon .)
    THROW           reduce using rule 110 (assert_eq_stmt -> ASSERT_EQ expression COMMA expression optional_semicolon .)
    ASSERT          reduce using rule 110 (assert_eq_stmt -> ASSERT_EQ expression COMMA expression optional_semicolon .)
    ASSERT_EQ       reduce using rule 110 (assert_eq_stmt -> ASSERT_EQ expression COMMA expression optional_semicolon .)
    ATTEMPT         reduce using rule 110 (assert_eq_stmt -> ASSERT_EQ expression COMMA expression optional_semicolon .)
    INT             reduce using rule 110 (assert_eq_stmt -> ASSERT_EQ expression COMMA expression optional_semicolon .)
    STR             reduce using rule 110 (assert_eq_stmt -> ASSERT_EQ expression COMMA expression optional_semicolon .)
    BOOL            reduce using rule 110 (assert_eq_stmt -> ASSERT_EQ expression COMMA expression optional_semicolon .)
    FLOAT           reduce using rule 110 (assert_eq_stmt -> ASSERT_EQ expression COMMA expression optional_semicolon .)
    $end            reduce using rule 110 (assert_eq_stmt -> ASSERT_EQ expression COMMA expression optional_semicolon .)
    RBRACE          reduce using rule 110 (assert_eq_stmt -> ASSERT_EQ expression COMMA expression optional_semicolon .)
    OK_CHECK        reduce using rule 110 (assert_eq_stmt -> ASSERT_EQ expression COMMA expression optional_semicolon .)
    RPAREN          reduce using rule 110 (assert_eq_stmt -> ASSERT_EQ expression COMMA expression optional_semicolon .)
    FALLBACK        reduce using rule 110 (assert_eq_stmt -> ASSERT_EQ expression COMMA expression optional_semicolon .)


state 229

    (111) attempt_stmt -> ATTEMPT LPAREN expression RPAREN COLON . block FALLBACK COLON block
    (112) attempt_stmt -> ATTEMPT LPAREN expression RPAREN COLON . block
    (113) attempt_stmt -> ATTEMPT LPAREN expression RPAREN COLON . statements FALLBACK COLON statements
    (114) attempt_stmt -> ATTEMPT LPAREN expression RPAREN COLON . statements
    (35) block -> . LBRACE statements RBRACE
    (21) statements -> . statement
    (22) statements -> . statements statement
    (2) statement -> . expression optional_semicolon
    (3) statement -> . assign_stmt
    (4) statement -> . statement_index_assign
    (5) statement -> . disp_stmt
    (6) statement -> . entry_stmt
    (7) statement -> . If_Else_stmt
    (8) statement -> . while_stmt
    (9) statement -> . block
    (10) statement -> . function_stmt
    (11) statement -> . for_stmt
    (12) statement -> . continue_stmt
    (13) statement -> . break_stmt
    (14) statement -> . return_stmt
    (15) statement -> . call_stmt
    (16) statement -> . try_ok_stmt
    (17) statement -> . throw_stmt
    (18) statement -> . assert_stmt
    (19) statement -> . assert_eq_stmt
    (20) statement -> . attempt_stmt
    (23) statement -> . empty
    (27) expression -> . variable
    (28) expression -> . bin_ops
    (29) expression -> . LPAREN expression RPAREN
    (45) expression -> . NOT expression
    (46) expression -> . SUB expression
    (62) expression -> . call_stmt
    (91) expression -> . LBRACKET args RBRACKET
    (92) expression -> . LBRACKET empty RBRACKET
    (93) expression -> . expression LBRACKET expression RBRACKET
    (95) expression -> . expression DOT ID LPAREN arg_list RPAREN
    (96) expression -> . LBRACE hash_elements RBRACE
    (97) expression -> . LBRACE empty RBRACE
    (115) expression -> . LAMBDA LPAREN params RPAREN COLON type ARROW expression
    (116) expression -> . LAMBDA LPAREN params RPAREN ARROW expression
    (117) expression -> . LAMBDA LPAREN RPAREN ARROW expression
    (88) assign_stmt -> . LET ID COLON type ASSIGN expression optional_semicolon
    (89) assign_stmt -> . LET ID ASSIGN expression optional_semicolon
    (90) assign_stmt -> . ID ASSIGN expression optional_semicolon
    (94) statement_index_assign -> . expression LBRACKET expression RBRACKET ASSIGN expression optional_semicolon
    (24) disp_stmt -> . DISP LPAREN expression RPAREN optional_semicolon
    (25) entry_stmt -> . ENTRY LPAREN expression RPAREN optional_semicolon
    (26) entry_stmt -> . ENTRY optional_semicolon
    (36) If_Else_stmt -> . IF expression block
    (37) If_Else_stmt -> . IF expression block ELSE block
    (38) while_stmt -> . WHILE expression block
    (55) function_stmt -> . FUNCTION ID COLON type param_list COLON block
    (56) function_stmt -> . FUNCTION ID param_list COLON block
    (39) for_stmt -> . FOR LPAREN statement expression SEMICOLON statement RPAREN block
    (40) for_stmt -> . FOR expression block
    (41) continue_stmt -> . CONT optional_semicolon
    (42) break_stmt -> . BREAK optional_semicolon
    (43) return_stmt -> . RETURN expression optional_semicolon
    (44) return_stmt -> . RETURN optional_semicolon
    (61) call_stmt -> . ID LPAREN arg_list RPAREN
    (102) try_ok_stmt -> . TRY COLON block OK_CHECK LBRACKET ID COMMA ID RBRACKET COLON block
    (103) try_ok_stmt -> . TRY COLON block OK_CHECK LBRACKET ID RBRACKET COLON block
    (104) try_ok_stmt -> . TRY COLON block OK_CHECK COLON block
    (105) try_ok_stmt -> . TRY COLON statements OK_CHECK LBRACKET ID COMMA ID RBRACKET COLON statements
    (106) try_ok_stmt -> . TRY COLON statements OK_CHECK LBRACKET ID RBRACKET COLON statements
    (107) try_ok_stmt -> . TRY COLON statements OK_CHECK COLON statements
    (101) throw_stmt -> . THROW expression optional_semicolon
    (108) assert_stmt -> . ASSERT expression COMMA expression optional_semicolon
    (109) assert_stmt -> . ASSERT expression optional_semicolon
    (110) assert_eq_stmt -> . ASSERT_EQ expression COMMA expression optional_semicolon
    (111) attempt_stmt -> . ATTEMPT LPAREN expression RPAREN COLON block FALLBACK COLON block
    (112) attempt_stmt -> . ATTEMPT LPAREN expression RPAREN COLON block
    (113) attempt_stmt -> . ATTEMPT LPAREN expression RPAREN COLON statements FALLBACK COLON statements
    (114) attempt_stmt -> . ATTEMPT LPAREN expression RPAREN COLON statements
    (118) empty -> .
    (30) variable -> . INT
    (31) variable -> . STR
    (32) variable -> . BOOL
    (33) variable -> . ID
    (34) variable -> . FLOAT
    (63) bin_ops -> . expression ADD expression
    (64) bin_ops -> . expression SUB expression
    (65) bin_ops -> . expression MUL expression
    (66) bin_ops -> . expression DIV expression
    (67) bin_ops -> . expression MOD expression
    (68) bin_ops -> . expression POW expression
    (69) bin_ops -> . expression GT expression
    (70) bin_ops -> . expression LT expression
    (71) bin_ops -> . expression GE expression
    (72) bin_ops -> . expression LE expression
    (73) bin_ops -> . expression EQ expression
    (74) bin_ops -> . expression NE expression
    (75) bin_ops -> . expression AND expression
    (76) bin_ops -> . expression OR expression

  ! shift/reduce conflict for LPAREN resolved as shift
  ! shift/reduce conflict for NOT resolved as shift
  ! shift/reduce conflict for SUB resolved as shift
  ! shift/reduce conflict for LBRACKET resolved as shift
  ! shift/reduce conflict for LBRACE resolved as shift
  ! shift/reduce conflict for LAMBDA resolved as shift
  ! shift/reduce conflict for LET resolved as shift
  ! shift/reduce conflict for ID resolved as shift
  ! shift/reduce conflict for DISP resolved as shift
  ! shift/reduce conflict for ENTRY resolved as shift
  ! shift/reduce conflict for IF resolved as shift
  ! shift/reduce conflict for WHILE resolved as shift
  ! shift/reduce conflict for FUNCTION resolved as shift
  ! shift/reduce conflict for FOR resolved as shift
  ! shift/reduce conflict for CONT resolved as shift
  ! shift/reduce conflict for BREAK resolved as shift
  ! shift/reduce conflict for RETURN resolved as shift
  ! shift/reduce conflict for TRY resolved as shift
  ! shift/reduce conflict for THROW resolved as shift
  ! shift/reduce conflict for ASSERT resolved as shift
  ! shift/reduce conflict for ASSERT_EQ resolved as shift
  ! shift/reduce conflict for ATTEMPT resolved as shift
  ! shift/reduce conflict for INT resolved as shift
  ! shift/reduce conflict for STR resolved as shift
  ! shift/reduce conflict for BOOL resolved as shift
  ! shift/reduce conflict for FLOAT resolved as shift
    LBRACE          shift and go to state 159
    LPAREN          shift and go to state 26
    NOT             shift and go to state 27
    SUB             shift and go to state 28
    LBRACKET        shift and go to state 29
    LAMBDA          shift and go to state 32
    LET             shift and go to state 33
    ID              shift and go to state 30
    DISP            shift and go to state 34
    ENTRY           shift and go to state 35
    IF              shift and go to state 36
    WHILE           shift and go to state 37
    FUNCTION        shift and go to state 38
    FOR             shift and go to state 39
    CONT            shift and go to state 40
    BREAK           shift and go to state 41
    RETURN          shift and go to state 42
    TRY             shift and go to state 43
    THROW           shift and go to state 44
    ASSERT          shift and go to state 45
    ASSERT_EQ       shift and go to state 46
    ATTEMPT         shift and go to state 47
    $end            reduce using rule 118 (empty -> .)
    RBRACE          reduce using rule 118 (empty -> .)
    OK_CHECK        reduce using rule 118 (empty -> .)
    RPAREN          reduce using rule 118 (empty -> .)
    FALLBACK        reduce using rule 118 (empty -> .)
    INT             shift and go to state 48
    STR             shift and go to state 49
    BOOL            shift and go to state 50
    FLOAT           shift and go to state 51

  ! LPAREN          [ reduce using rule 118 (empty -> .) ]
  ! NOT             [ reduce using rule 118 (empty -> .) ]
  ! SUB             [ reduce using rule 118 (empty -> .) ]
  ! LBRACKET        [ reduce using rule 118 (empty -> .) ]
  ! LBRACE          [ reduce using rule 118 (empty -> .) ]
  ! LAMBDA          [ reduce using rule 118 (empty -> .) ]
  ! LET             [ reduce using rule 118 (empty -> .) ]
  ! ID              [ reduce using rule 118 (empty -> .) ]
  ! DISP            [ reduce using rule 118 (empty -> .) ]
  ! ENTRY           [ reduce using rule 118 (empty -> .) ]
  ! IF              [ reduce using rule 118 (empty -> .) ]
  ! WHILE           [ reduce using rule 118 (empty -> .) ]
  ! FUNCTION        [ reduce using rule 118 (empty -> .) ]
  ! FOR             [ reduce using rule 118 (empty -> .) ]
  ! CONT            [ reduce using rule 118 (empty -> .) ]
  ! BREAK           [ reduce using rule 118 (empty -> .) ]
  ! RETURN          [ reduce using rule 118 (empty -> .) ]
  ! TRY             [ reduce using rule 118 (empty -> .) ]
  ! THROW           [ reduce using rule 118 (empty -> .) ]
  ! ASSERT          [ reduce using rule 118 (empty -> .) ]
  ! ASSERT_EQ       [ reduce using rule 118 (empty -> .) ]
  ! ATTEMPT         [ reduce using rule 118 (empty -> .) ]
  ! INT             [ reduce using rule 118 (empty -> .) ]
  ! STR             [ reduce using rule 118 (empty -> .) ]
  ! BOOL            [ reduce using rule 118 (empty -> .) ]
  ! FLOAT           [ reduce using rule 118 (empty -> .) ]

    expression                     shift and go to state 4
    block                          shift and go to state 244
    statements                     shift and go to state 245
    statement                      shift and go to state 3
    assign_stmt                    shift and go to state 5
    statement_index_assign         shift and go to state 6
    disp_stmt                      shift and go to state 7
    entry_stmt                     shift and go to state 8
    If_Else_stmt                   shift and go to state 9
    while_stmt                     shift and go to state 10
    function_stmt                  shift and go to state 12
    for_stmt                       shift and go to state 13
    continue_stmt                  shift and go to state 14
    break_stmt                     shift and go to state 15
    return_stmt                    shift and go to state 16
    call_stmt                      shift and go to state 17
    try_ok_stmt                    shift and go to state 18
    throw_stmt                     shift and go to state 19
    assert_stmt                    shift and go to state 20
    assert_eq_stmt                 shift and go to state 21
    attempt_stmt                   shift and go to state 22
    empty                          shift and go to state 23
    variable                       shift and go to state 24
    bin_ops                        shift and go to state 25

state 230

    (94) statement_index_assign -> expression LBRACKET expression RBRACKET ASSIGN expression . optional_semicolon
    (93) expression -> expression . LBRACKET expression RBRACKET
    (95) expression -> expression . DOT ID LPAREN arg_list RPAREN
    (63) bin_ops -> expression . ADD expression
    (64) bin_ops -> expression . SUB expression
    (65) bin_ops -> expression . MUL expression
    (66) bin_ops -> expression . DIV expression
    (67) bin_ops -> expression . MOD expression
    (68) bin_ops -> expression . POW expression
    (69) bin_ops -> expression . GT expression
    (70) bin_ops -> expression . LT expression
    (71) bin_ops -> expression . GE expression
    (72) bin_ops -> expression . LE expression
    (73) bin_ops -> expression . EQ expression
    (74) bin_ops -> expression . NE expression
    (75) bin_ops -> expression . AND expression
    (76) bin_ops -> expression . OR expression
    (119) optional_semicolon -> . SEMICOLON
    (120) optional_semicolon -> . empty
    (118) empty -> .

  ! shift/reduce conflict for SUB resolved as shift
  ! shift/reduce conflict for LBRACKET resolved as shift
    LBRACKET        shift and go to state 124
    DOT             shift and go to state 55
    ADD             shift and go to state 56
    SUB             shift and go to state 57
    MUL             shift and go to state 58
    DIV             shift and go to state 59
    MOD             shift and go to state 60
    POW             shift and go to state 61
    GT              shift and go to state 62
    LT              shift and go to state 63
    GE              shift and go to state 64
    LE              shift and go to state 65
    EQ              shift and go to state 66
    NE              shift and go to state 67
    AND             shift and go to state 68
    OR              shift and go to state 69
    SEMICOLON       shift and go to state 70
    LPAREN          reduce using rule 118 (empty -> .)
    NOT             reduce using rule 118 (empty -> .)
    LBRACE          reduce using rule 118 (empty -> .)
    LAMBDA          reduce using rule 118 (empty -> .)
    LET             reduce using rule 118 (empty -> .)
    ID              reduce using rule 118 (empty -> .)
    DISP            reduce using rule 118 (empty -> .)
    ENTRY           reduce using rule 118 (empty -> .)
    IF              reduce using rule 118 (empty -> .)
    WHILE           reduce using rule 118 (empty -> .)
    FUNCTION        reduce using rule 118 (empty -> .)
    FOR             reduce using rule 118 (empty -> .)
    CONT            reduce using rule 118 (empty -> .)
    BREAK           reduce using rule 118 (empty -> .)
    RETURN          reduce using rule 118 (empty -> .)
    TRY             reduce using rule 118 (empty -> .)
    THROW           reduce using rule 118 (empty -> .)
    ASSERT          reduce using rule 118 (empty -> .)
    ASSERT_EQ       reduce using rule 118 (empty -> .)
    ATTEMPT         reduce using rule 118 (empty -> .)
    INT             reduce using rule 118 (empty -> .)
    STR             reduce using rule 118 (empty -> .)
    BOOL            reduce using rule 118 (empty -> .)
    FLOAT           reduce using rule 118 (empty -> .)
    $end            reduce using rule 118 (empty -> .)
    RBRACE          reduce using rule 118 (empty -> .)
    OK_CHECK        reduce using rule 118 (empty -> .)
    RPAREN          reduce using rule 118 (empty -> .)
    FALLBACK        reduce using rule 118 (empty -> .)

  ! SUB             [ reduce using rule 118 (empty -> .) ]
  ! LBRACKET        [ reduce using rule 118 (empty -> .) ]

    optional_semicolon             shift and go to state 246
    empty                          shift and go to state 71

state 231

    (95) expression -> expression DOT ID LPAREN arg_list RPAREN .

    LBRACKET        reduce using rule 95 (expression -> expression DOT ID LPAREN arg_list RPAREN .)
    DOT             reduce using rule 95 (expression -> expression DOT ID LPAREN arg_list RPAREN .)
    ADD             reduce using rule 95 (expression -> expression DOT ID LPAREN arg_list RPAREN .)
    SUB             reduce using rule 95 (expression -> expression DOT ID LPAREN arg_list RPAREN .)
    MUL             reduce using rule 95 (expression -> expression DOT ID LPAREN arg_list RPAREN .)
    DIV             reduce using rule 95 (expression -> expression DOT ID LPAREN arg_list RPAREN .)
    MOD             reduce using rule 95 (expression -> expression DOT ID LPAREN arg_list RPAREN .)
    POW             reduce using rule 95 (expression -> expression DOT ID LPAREN arg_list RPAREN .)
    GT              reduce using rule 95 (expression -> expression DOT ID LPAREN arg_list RPAREN .)
    LT              reduce using rule 95 (expression -> expression DOT ID LPAREN arg_list RPAREN .)
    GE              reduce using rule 95 (expression -> expression DOT ID LPAREN arg_list RPAREN .)
    LE              reduce using rule 95 (expression -> expression DOT ID LPAREN arg_list RPAREN .)
    EQ              reduce using rule 95 (expression -> expression DOT ID LPAREN arg_list RPAREN .)
    NE              reduce using rule 95 (expression -> expression DOT ID LPAREN arg_list RPAREN .)
    AND             reduce using rule 95 (expression -> expression DOT ID LPAREN arg_list RPAREN .)
    OR              reduce using rule 95 (expression -> expression DOT ID LPAREN arg_list RPAREN .)
    SEMICOLON       reduce using rule 95 (expression -> expression DOT ID LPAREN arg_list RPAREN .)
    LPAREN          reduce using rule 95 (expression -> expression DOT ID LPAREN arg_list RPAREN .)
    NOT             reduce using rule 95 (expression -> expression DOT ID LPAREN arg_list RPAREN .)
    LBRACE          reduce using rule 95 (expression -> expression DOT ID LPAREN arg_list RPAREN .)
    LAMBDA          reduce using rule 95 (expression -> expression DOT ID LPAREN arg_list RPAREN .)
    LET             reduce using rule 95 (expression -> expression DOT ID LPAREN arg_list RPAREN .)
    ID              reduce using rule 95 (expression -> expression DOT ID LPAREN arg_list RPAREN .)
    DISP            reduce using rule 95 (expression -> expression DOT ID LPAREN arg_list RPAREN .)
    ENTRY           reduce using rule 95 (expression -> expression DOT ID LPAREN arg_list RPAREN .)
    IF              reduce using rule 95 (expression -> expression DOT ID LPAREN arg_list RPAREN .)
    WHILE           reduce using rule 95 (expression -> expression DOT ID LPAREN arg_list RPAREN .)
    FUNCTION        reduce using rule 95 (expression -> expression DOT ID LPAREN arg_list RPAREN .)
    FOR             reduce using rule 95 (expression -> expression DOT ID LPAREN arg_list RPAREN .)
    CONT            reduce using rule 95 (expression -> expression DOT ID LPAREN arg_list RPAREN .)
    BREAK           reduce using rule 95 (expression -> expression DOT ID LPAREN arg_list RPAREN .)
    RETURN          reduce using rule 95 (expression -> expression DOT ID LPAREN arg_list RPAREN .)
    TRY             reduce using rule 95 (expression -> expression DOT ID LPAREN arg_list RPAREN .)
    THROW           reduce using rule 95 (expression -> expression DOT ID LPAREN arg_list RPAREN .)
    ASSERT          reduce using rule 95 (expression -> expression DOT ID LPAREN arg_list RPAREN .)
    ASSERT_EQ       reduce using rule 95 (expression -> expression DOT ID LPAREN arg_list RPAREN .)
    ATTEMPT         reduce using rule 95 (expression -> expression DOT ID LPAREN arg_list RPAREN .)
    INT             reduce using rule 95 (expression -> expression DOT ID LPAREN arg_list RPAREN .)
    STR             reduce using rule 95 (expression -> expression DOT ID LPAREN arg_list RPAREN .)
    BOOL            reduce using rule 95 (expression -> expression DOT ID LPAREN arg_list RPAREN .)
    FLOAT           reduce using rule 95 (expression -> expression DOT ID LPAREN arg_list RPAREN .)
    $end            reduce using rule 95 (expression -> expression DOT ID LPAREN arg_list RPAREN .)
    RPAREN          reduce using rule 95 (expression -> expression DOT ID LPAREN arg_list RPAREN .)
    RBRACKET        reduce using rule 95 (expression -> expression DOT ID LPAREN arg_list RPAREN .)
    COMMA           reduce using rule 95 (expression -> expression DOT ID LPAREN arg_list RPAREN .)
    COLON           reduce using rule 95 (expression -> expression DOT ID LPAREN arg_list RPAREN .)
    RBRACE          reduce using rule 95 (expression -> expression DOT ID LPAREN arg_list RPAREN .)
    OK_CHECK        reduce using rule 95 (expression -> expression DOT ID LPAREN arg_list RPAREN .)
    FALLBACK        reduce using rule 95 (expression -> expression DOT ID LPAREN arg_list RPAREN .)


state 232

    (115) expression -> LAMBDA LPAREN params RPAREN COLON type . ARROW expression
    (84) type_array -> type . ARRAY_TYPE LBRACKET INT RBRACKET
    (85) type_array -> type . ARRAY_TYPE

    ARROW           shift and go to state 247
    ARRAY_TYPE      shift and go to state 212


state 233

    (116) expression -> LAMBDA LPAREN params RPAREN ARROW expression .
    (93) expression -> expression . LBRACKET expression RBRACKET
    (95) expression -> expression . DOT ID LPAREN arg_list RPAREN
    (63) bin_ops -> expression . ADD expression
    (64) bin_ops -> expression . SUB expression
    (65) bin_ops -> expression . MUL expression
    (66) bin_ops -> expression . DIV expression
    (67) bin_ops -> expression . MOD expression
    (68) bin_ops -> expression . POW expression
    (69) bin_ops -> expression . GT expression
    (70) bin_ops -> expression . LT expression
    (71) bin_ops -> expression . GE expression
    (72) bin_ops -> expression . LE expression
    (73) bin_ops -> expression . EQ expression
    (74) bin_ops -> expression . NE expression
    (75) bin_ops -> expression . AND expression
    (76) bin_ops -> expression . OR expression

  ! shift/reduce conflict for LBRACKET resolved as shift
  ! shift/reduce conflict for DOT resolved as shift
  ! shift/reduce conflict for ADD resolved as shift
  ! shift/reduce conflict for SUB resolved as shift
  ! shift/reduce conflict for MUL resolved as shift
  ! shift/reduce conflict for DIV resolved as shift
  ! shift/reduce conflict for MOD resolved as shift
  ! shift/reduce conflict for POW resolved as shift
  ! shift/reduce conflict for GT resolved as shift
  ! shift/reduce conflict for LT resolved as shift
  ! shift/reduce conflict for GE resolved as shift
  ! shift/reduce conflict for LE resolved as shift
  ! shift/reduce conflict for EQ resolved as shift
  ! shift/reduce conflict for NE resolved as shift
  ! shift/reduce conflict for AND resolved as shift
  ! shift/reduce conflict for OR resolved as shift
    SEMICOLON       reduce using rule 116 (expression -> LAMBDA LPAREN params RPAREN ARROW expression .)
    LPAREN          reduce using rule 116 (expression -> LAMBDA LPAREN params RPAREN ARROW expression .)
    NOT             reduce using rule 116 (expression -> LAMBDA LPAREN params RPAREN ARROW expression .)
    LBRACE          reduce using rule 116 (expression -> LAMBDA LPAREN params RPAREN ARROW expression .)
    LAMBDA          reduce using rule 116 (expression -> LAMBDA LPAREN params RPAREN ARROW expression .)
    LET             reduce using rule 116 (expression -> LAMBDA LPAREN params RPAREN ARROW expression .)
    ID              reduce using rule 116 (expression -> LAMBDA LPAREN params RPAREN ARROW expression .)
    DISP            reduce using rule 116 (expression -> LAMBDA LPAREN params RPAREN ARROW expression .)
    ENTRY           reduce using rule 116 (expression -> LAMBDA LPAREN params RPAREN ARROW expression .)
    IF              reduce using rule 116 (expression -> LAMBDA LPAREN params RPAREN ARROW expression .)
    WHILE           reduce using rule 116 (expression -> LAMBDA LPAREN params RPAREN ARROW expression .)
    FUNCTION        reduce using rule 116 (expression -> LAMBDA LPAREN params RPAREN ARROW expression .)
    FOR             reduce using rule 116 (expression -> LAMBDA LPAREN params RPAREN ARROW expression .)
    CONT            reduce using rule 116 (expression -> LAMBDA LPAREN params RPAREN ARROW expression .)
    BREAK           reduce using rule 116 (expression -> LAMBDA LPAREN params RPAREN ARROW expression .)
    RETURN          reduce using rule 116 (expression -> LAMBDA LPAREN params RPAREN ARROW expression .)
    TRY             reduce using rule 116 (expression -> LAMBDA LPAREN params RPAREN ARROW expression .)
    THROW           reduce using rule 116 (expression -> LAMBDA LPAREN params RPAREN ARROW expression .)
    ASSERT          reduce using rule 116 (expression -> LAMBDA LPAREN params RPAREN ARROW expression .)
    ASSERT_EQ       reduce using rule 116 (expression -> LAMBDA LPAREN params RPAREN ARROW expression .)
    ATTEMPT         reduce using rule 116 (expression -> LAMBDA LPAREN params RPAREN ARROW expression .)
    INT             reduce using rule 116 (expression -> LAMBDA LPAREN params RPAREN ARROW expression .)
    STR             reduce using rule 116 (expression -> LAMBDA LPAREN params RPAREN ARROW expression .)
    BOOL            reduce using rule 116 (expression -> LAMBDA LPAREN params RPAREN ARROW expression .)
    FLOAT           reduce using rule 116 (expression -> LAMBDA LPAREN params RPAREN ARROW expression .)
    $end            reduce using rule 116 (expression -> LAMBDA LPAREN params RPAREN ARROW expression .)
    RPAREN          reduce using rule 116 (expression -> LAMBDA LPAREN params RPAREN ARROW expression .)
    RBRACKET        reduce using rule 116 (expression -> LAMBDA LPAREN params RPAREN ARROW expression .)
    COMMA           reduce using rule 116 (expression -> LAMBDA LPAREN params RPAREN ARROW expression .)
    COLON           reduce using rule 116 (expression -> LAMBDA LPAREN params RPAREN ARROW expression .)
    RBRACE          reduce using rule 116 (expression -> LAMBDA LPAREN params RPAREN ARROW expression .)
    OK_CHECK        reduce using rule 116 (expression -> LAMBDA LPAREN params RPAREN ARROW expression .)
    FALLBACK        reduce using rule 116 (expression -> LAMBDA LPAREN params RPAREN ARROW expression .)
    LBRACKET        shift and go to state 124
    DOT             shift and go to state 55
    ADD             shift and go to state 56
    SUB             shift and go to state 57
    MUL             shift and go to state 58
    DIV             shift and go to state 59
    MOD             shift and go to state 60
    POW             shift and go to state 61
    GT              shift and go to state 62
    LT              shift and go to state 63
    GE              shift and go to state 64
    LE              shift and go to state 65
    EQ              shift and go to state 66
    NE              shift and go to state 67
    AND             shift and go to state 68
    OR              shift and go to state 69

  ! LBRACKET        [ reduce using rule 116 (expression -> LAMBDA LPAREN params RPAREN ARROW expression .) ]
  ! DOT             [ reduce using rule 116 (expression -> LAMBDA LPAREN params RPAREN ARROW expression .) ]
  ! ADD             [ reduce using rule 116 (expression -> LAMBDA LPAREN params RPAREN ARROW expression .) ]
  ! SUB             [ reduce using rule 116 (expression -> LAMBDA LPAREN params RPAREN ARROW expression .) ]
  ! MUL             [ reduce using rule 116 (expression -> LAMBDA LPAREN params RPAREN ARROW expression .) ]
  ! DIV             [ reduce using rule 116 (expression -> LAMBDA LPAREN params RPAREN ARROW expression .) ]
  ! MOD             [ reduce using rule 116 (expression -> LAMBDA LPAREN params RPAREN ARROW expression .) ]
  ! POW             [ reduce using rule 116 (expression -> LAMBDA LPAREN params RPAREN ARROW expression .) ]
  ! GT              [ reduce using rule 116 (expression -> LAMBDA LPAREN params RPAREN ARROW expression .) ]
  ! LT              [ reduce using rule 116 (expression -> LAMBDA LPAREN params RPAREN ARROW expression .) ]
  ! GE              [ reduce using rule 116 (expression -> LAMBDA LPAREN params RPAREN ARROW expression .) ]
  ! LE              [ reduce using rule 116 (expression -> LAMBDA LPAREN params RPAREN ARROW expression .) ]
  ! EQ              [ reduce using rule 116 (expression -> LAMBDA LPAREN params RPAREN ARROW expression .) ]
  ! NE              [ reduce using rule 116 (expression -> LAMBDA LPAREN params RPAREN ARROW expression .) ]
  ! AND             [ reduce using rule 116 (expression -> LAMBDA LPAREN params RPAREN ARROW expression .) ]
  ! OR              [ reduce using rule 116 (expression -> LAMBDA LPAREN params RPAREN ARROW expression .) ]


state 234

    (47) param -> ID COLON type ASSIGN . expression
    (27) expression -> . variable
    (28) expression -> . bin_ops
    (29) expression -> . LPAREN expression RPAREN
    (45) expression -> . NOT expression
    (46) expression -> . SUB expression
    (62) expression -> . call_stmt
    (91) expression -> . LBRACKET args RBRACKET
    (92) expression -> . LBRACKET empty RBRACKET
    (93) expression -> . expression LBRACKET expression RBRACKET
    (95) expression -> . expression DOT ID LPAREN arg_list RPAREN
    (96) expression -> . LBRACE hash_elements RBRACE
    (97) expression -> . LBRACE empty RBRACE
    (115) expression -> . LAMBDA LPAREN params RPAREN COLON type ARROW expression
    (116) expression -> . LAMBDA LPAREN params RPAREN ARROW expression
    (117) expression -> . LAMBDA LPAREN RPAREN ARROW expression
    (30) variable -> . INT
    (31) variable -> . STR
    (32) variable -> . BOOL
    (33) variable -> . ID
    (34) variable -> . FLOAT
    (63) bin_ops -> . expression ADD expression
    (64) bin_ops -> . expression SUB expression
    (65) bin_ops -> . expression MUL expression
    (66) bin_ops -> . expression DIV expression
    (67) bin_ops -> . expression MOD expression
    (68) bin_ops -> . expression POW expression
    (69) bin_ops -> . expression GT expression
    (70) bin_ops -> . expression LT expression
    (71) bin_ops -> . expression GE expression
    (72) bin_ops -> . expression LE expression
    (73) bin_ops -> . expression EQ expression
    (74) bin_ops -> . expression NE expression
    (75) bin_ops -> . expression AND expression
    (76) bin_ops -> . expression OR expression
    (61) call_stmt -> . ID LPAREN arg_list RPAREN

    LPAREN          shift and go to state 26
    NOT             shift and go to state 27
    SUB             shift and go to state 28
    LBRACKET        shift and go to state 29
    LBRACE          shift and go to state 75
    LAMBDA          shift and go to state 32
    INT             shift and go to state 48
    STR             shift and go to state 49
    BOOL            shift and go to state 50
    ID              shift and go to state 74
    FLOAT           shift and go to state 51

    expression                     shift and go to state 248
    variable                       shift and go to state 24
    bin_ops                        shift and go to state 25
    call_stmt                      shift and go to state 73

state 235

    (88) assign_stmt -> LET ID COLON type ASSIGN expression . optional_semicolon
    (93) expression -> expression . LBRACKET expression RBRACKET
    (95) expression -> expression . DOT ID LPAREN arg_list RPAREN
    (63) bin_ops -> expression . ADD expression
    (64) bin_ops -> expression . SUB expression
    (65) bin_ops -> expression . MUL expression
    (66) bin_ops -> expression . DIV expression
    (67) bin_ops -> expression . MOD expression
    (68) bin_ops -> expression . POW expression
    (69) bin_ops -> expression . GT expression
    (70) bin_ops -> expression . LT expression
    (71) bin_ops -> expression . GE expression
    (72) bin_ops -> expression . LE expression
    (73) bin_ops -> expression . EQ expression
    (74) bin_ops -> expression . NE expression
    (75) bin_ops -> expression . AND expression
    (76) bin_ops -> expression . OR expression
    (119) optional_semicolon -> . SEMICOLON
    (120) optional_semicolon -> . empty
    (118) empty -> .

  ! shift/reduce conflict for SUB resolved as shift
  ! shift/reduce conflict for LBRACKET resolved as shift
    LBRACKET        shift and go to state 124
    DOT             shift and go to state 55
    ADD             shift and go to state 56
    SUB             shift and go to state 57
    MUL             shift and go to state 58
    DIV             shift and go to state 59
    MOD             shift and go to state 60
    POW             shift and go to state 61
    GT              shift and go to state 62
    LT              shift and go to state 63
    GE              shift and go to state 64
    LE              shift and go to state 65
    EQ              shift and go to state 66
    NE              shift and go to state 67
    AND             shift and go to state 68
    OR              shift and go to state 69
    SEMICOLON       shift and go to state 70
    LPAREN          reduce using rule 118 (empty -> .)
    NOT             reduce using rule 118 (empty -> .)
    LBRACE          reduce using rule 118 (empty -> .)
    LAMBDA          reduce using rule 118 (empty -> .)
    LET             reduce using rule 118 (empty -> .)
    ID              reduce using rule 118 (empty -> .)
    DISP            reduce using rule 118 (empty -> .)
    ENTRY           reduce using rule 118 (empty -> .)
    IF              reduce using rule 118 (empty -> .)
    WHILE           reduce using rule 118 (empty -> .)
    FUNCTION        reduce using rule 118 (empty -> .)
    FOR             reduce using rule 118 (empty -> .)
    CONT            reduce using rule 118 (empty -> .)
    BREAK           reduce using rule 118 (empty -> .)
    RETURN          reduce using rule 118 (empty -> .)
    TRY             reduce using rule 118 (empty -> .)
    THROW           reduce using rule 118 (empty -> .)
    ASSERT          reduce using rule 118 (empty -> .)
    ASSERT_EQ       reduce using rule 118 (empty -> .)
    ATTEMPT         reduce using rule 118 (empty -> .)
    INT             reduce using rule 118 (empty -> .)
    STR             reduce using rule 118 (empty -> .)
    BOOL            reduce using rule 118 (empty -> .)
    FLOAT           reduce using rule 118 (empty -> .)
    $end            reduce using rule 118 (empty -> .)
    RBRACE          reduce using rule 118 (empty -> .)
    OK_CHECK        reduce using rule 118 (empty -> .)
    RPAREN          reduce using rule 118 (empty -> .)
    FALLBACK        reduce using rule 118 (empty -> .)

  ! SUB             [ reduce using rule 118 (empty -> .) ]
  ! LBRACKET        [ reduce using rule 118 (empty -> .) ]

    optional_semicolon             shift and go to state 249
    empty                          shift and go to state 71

state 236

    (84) type_array -> type ARRAY_TYPE LBRACKET . INT RBRACKET

    INT             shift and go to state 250


state 237

    (86) type_hash -> HASH_TYPE LBRACKET type . COMMA type RBRACKET
    (84) type_array -> type . ARRAY_TYPE LBRACKET INT RBRACKET
    (85) type_array -> type . ARRAY_TYPE

    COMMA           shift and go to state 251
    ARRAY_TYPE      shift and go to state 212


state 238

    (55) function_stmt -> FUNCTION ID COLON type param_list COLON . block
    (35) block -> . LBRACE statements RBRACE

    LBRACE          shift and go to state 148

    block                          shift and go to state 252

state 239

    (39) for_stmt -> FOR LPAREN statement expression SEMICOLON statement . RPAREN block

    RPAREN          shift and go to state 253


state 240

    (104) try_ok_stmt -> TRY COLON block OK_CHECK COLON block .

    LPAREN          reduce using rule 104 (try_ok_stmt -> TRY COLON block OK_CHECK COLON block .)
    NOT             reduce using rule 104 (try_ok_stmt -> TRY COLON block OK_CHECK COLON block .)
    SUB             reduce using rule 104 (try_ok_stmt -> TRY COLON block OK_CHECK COLON block .)
    LBRACKET        reduce using rule 104 (try_ok_stmt -> TRY COLON block OK_CHECK COLON block .)
    LBRACE          reduce using rule 104 (try_ok_stmt -> TRY COLON block OK_CHECK COLON block .)
    LAMBDA          reduce using rule 104 (try_ok_stmt -> TRY COLON block OK_CHECK COLON block .)
    LET             reduce using rule 104 (try_ok_stmt -> TRY COLON block OK_CHECK COLON block .)
    ID              reduce using rule 104 (try_ok_stmt -> TRY COLON block OK_CHECK COLON block .)
    DISP            reduce using rule 104 (try_ok_stmt -> TRY COLON block OK_CHECK COLON block .)
    ENTRY           reduce using rule 104 (try_ok_stmt -> TRY COLON block OK_CHECK COLON block .)
    IF              reduce using rule 104 (try_ok_stmt -> TRY COLON block OK_CHECK COLON block .)
    WHILE           reduce using rule 104 (try_ok_stmt -> TRY COLON block OK_CHECK COLON block .)
    FUNCTION        reduce using rule 104 (try_ok_stmt -> TRY COLON block OK_CHECK COLON block .)
    FOR             reduce using rule 104 (try_ok_stmt -> TRY COLON block OK_CHECK COLON block .)
    CONT            reduce using rule 104 (try_ok_stmt -> TRY COLON block OK_CHECK COLON block .)
    BREAK           reduce using rule 104 (try_ok_stmt -> TRY COLON block OK_CHECK COLON block .)
    RETURN          reduce using rule 104 (try_ok_stmt -> TRY COLON block OK_CHECK COLON block .)
    TRY             reduce using rule 104 (try_ok_stmt -> TRY COLON block OK_CHECK COLON block .)
    THROW           reduce using rule 104 (try_ok_stmt -> TRY COLON block OK_CHECK COLON block .)
    ASSERT          reduce using rule 104 (try_ok_stmt -> TRY COLON block OK_CHECK COLON block .)
    ASSERT_EQ       reduce using rule 104 (try_ok_stmt -> TRY COLON block OK_CHECK COLON block .)
    ATTEMPT         reduce using rule 104 (try_ok_stmt -> TRY COLON block OK_CHECK COLON block .)
    INT             reduce using rule 104 (try_ok_stmt -> TRY COLON block OK_CHECK COLON block .)
    STR             reduce using rule 104 (try_ok_stmt -> TRY COLON block OK_CHECK COLON block .)
    BOOL            reduce using rule 104 (try_ok_stmt -> TRY COLON block OK_CHECK COLON block .)
    FLOAT           reduce using rule 104 (try_ok_stmt -> TRY COLON block OK_CHECK COLON block .)
    $end            reduce using rule 104 (try_ok_stmt -> TRY COLON block OK_CHECK COLON block .)
    RBRACE          reduce using rule 104 (try_ok_stmt -> TRY COLON block OK_CHECK COLON block .)
    OK_CHECK        reduce using rule 104 (try_ok_stmt -> TRY COLON block OK_CHECK COLON block .)
    RPAREN          reduce using rule 104 (try_ok_stmt -> TRY COLON block OK_CHECK COLON block .)
    FALLBACK        reduce using rule 104 (try_ok_stmt -> TRY COLON block OK_CHECK COLON block .)


state 241

    (102) try_ok_stmt -> TRY COLON block OK_CHECK LBRACKET ID . COMMA ID RBRACKET COLON block
    (103) try_ok_stmt -> TRY COLON block OK_CHECK LBRACKET ID . RBRACKET COLON block

    COMMA           shift and go to state 254
    RBRACKET        shift and go to state 255


state 242

    (107) try_ok_stmt -> TRY COLON statements OK_CHECK COLON statements .
    (22) statements -> statements . statement
    (2) statement -> . expression optional_semicolon
    (3) statement -> . assign_stmt
    (4) statement -> . statement_index_assign
    (5) statement -> . disp_stmt
    (6) statement -> . entry_stmt
    (7) statement -> . If_Else_stmt
    (8) statement -> . while_stmt
    (9) statement -> . block
    (10) statement -> . function_stmt
    (11) statement -> . for_stmt
    (12) statement -> . continue_stmt
    (13) statement -> . break_stmt
    (14) statement -> . return_stmt
    (15) statement -> . call_stmt
    (16) statement -> . try_ok_stmt
    (17) statement -> . throw_stmt
    (18) statement -> . assert_stmt
    (19) statement -> . assert_eq_stmt
    (20) statement -> . attempt_stmt
    (23) statement -> . empty
    (27) expression -> . variable
    (28) expression -> . bin_ops
    (29) expression -> . LPAREN expression RPAREN
    (45) expression -> . NOT expression
    (46) expression -> . SUB expression
    (62) expression -> . call_stmt
    (91) expression -> . LBRACKET args RBRACKET
    (92) expression -> . LBRACKET empty RBRACKET
    (93) expression -> . expression LBRACKET expression RBRACKET
    (95) expression -> . expression DOT ID LPAREN arg_list RPAREN
    (96) expression -> . LBRACE hash_elements RBRACE
    (97) expression -> . LBRACE empty RBRACE
    (115) expression -> . LAMBDA LPAREN params RPAREN COLON type ARROW expression
    (116) expression -> . LAMBDA LPAREN params RPAREN ARROW expression
    (117) expression -> . LAMBDA LPAREN RPAREN ARROW expression
    (88) assign_stmt -> . LET ID COLON type ASSIGN expression optional_semicolon
    (89) assign_stmt -> . LET ID ASSIGN expression optional_semicolon
    (90) assign_stmt -> . ID ASSIGN expression optional_semicolon
    (94) statement_index_assign -> . expression LBRACKET expression RBRACKET ASSIGN expression optional_semicolon
    (24) disp_stmt -> . DISP LPAREN expression RPAREN optional_semicolon
    (25) entry_stmt -> . ENTRY LPAREN expression RPAREN optional_semicolon
    (26) entry_stmt -> . ENTRY optional_semicolon
    (36) If_Else_stmt -> . IF expression block
    (37) If_Else_stmt -> . IF expression block ELSE block
    (38) while_stmt -> . WHILE expression block
    (35) block -> . LBRACE statements RBRACE
    (55) function_stmt -> . FUNCTION ID COLON type param_list COLON block
    (56) function_stmt -> . FUNCTION ID param_list COLON block
    (39) for_stmt -> . FOR LPAREN statement expression SEMICOLON statement RPAREN block
    (40) for_stmt -> . FOR expression block
    (41) continue_stmt -> . CONT optional_semicolon
    (42) break_stmt -> . BREAK optional_semicolon
    (43) return_stmt -> . RETURN expression optional_semicolon
    (44) return_stmt -> . RETURN optional_semicolon
    (61) call_stmt -> . ID LPAREN arg_list RPAREN
    (102) try_ok_stmt -> . TRY COLON block OK_CHECK LBRACKET ID COMMA ID RBRACKET COLON block
    (103) try_ok_stmt -> . TRY COLON block OK_CHECK LBRACKET ID RBRACKET COLON block
    (104) try_ok_stmt -> . TRY COLON block OK_CHECK COLON block
    (105) try_ok_stmt -> . TRY COLON statements OK_CHECK LBRACKET ID COMMA ID RBRACKET COLON statements
    (106) try_ok_stmt -> . TRY COLON statements OK_CHECK LBRACKET ID RBRACKET COLON statements
    (107) try_ok_stmt -> . TRY COLON statements OK_CHECK COLON statements
    (101) throw_stmt -> . THROW expression optional_semicolon
    (108) assert_stmt -> . ASSERT expression COMMA expression optional_semicolon
    (109) assert_stmt -> . ASSERT expression optional_semicolon
    (110) assert_eq_stmt -> . ASSERT_EQ expression COMMA expression optional_semicolon
    (111) attempt_stmt -> . ATTEMPT LPAREN expression RPAREN COLON block FALLBACK COLON block
    (112) attempt_stmt -> . ATTEMPT LPAREN expression RPAREN COLON block
    (113) attempt_stmt -> . ATTEMPT LPAREN expression RPAREN COLON statements FALLBACK COLON statements
    (114) attempt_stmt -> . ATTEMPT LPAREN expression RPAREN COLON statements
    (118) empty -> .
    (30) variable -> . INT
    (31) variable -> . STR
    (32) variable -> . BOOL
    (33) variable -> . ID
    (34) variable -> . FLOAT
    (63) bin_ops -> . expression ADD expression
    (64) bin_ops -> . expression SUB expression
    (65) bin_ops -> . expression MUL expression
    (66) bin_ops -> . expression DIV expression
    (67) bin_ops -> . expression MOD expression
    (68) bin_ops -> . expression POW expression
    (69) bin_ops -> . expression GT expression
    (70) bin_ops -> . expression LT expression
    (71) bin_ops -> . expression GE expression
    (72) bin_ops -> . expression LE expression
    (73) bin_ops -> . expression EQ expression
    (74) bin_ops -> . expression NE expression
    (75) bin_ops -> . expression AND expression
    (76) bin_ops -> . expression OR expression

  ! shift/reduce conflict for LPAREN resolved as shift
  ! shift/reduce conflict for NOT resolved as shift
  ! shift/reduce conflict for SUB resolved as shift
  ! shift/reduce conflict for LBRACKET resolved as shift
  ! shift/reduce conflict for LBRACE resolved as shift
  ! shift/reduce conflict for LAMBDA resolved as shift
  ! shift/reduce conflict for LET resolved as shift
  ! shift/reduce conflict for ID resolved as shift
  ! shift/reduce conflict for DISP resolved as shift
  ! shift/reduce conflict for ENTRY resolved as shift
  ! shift/reduce conflict for IF resolved as shift
  ! shift/reduce conflict for WHILE resolved as shift
  ! shift/reduce conflict for FUNCTION resolved as shift
  ! shift/reduce conflict for FOR resolved as shift
  ! shift/reduce conflict for CONT resolved as shift
  ! shift/reduce conflict for BREAK resolved as shift
  ! shift/reduce conflict for RETURN resolved as shift
  ! shift/reduce conflict for TRY resolved as shift
  ! shift/reduce conflict for THROW resolved as shift
  ! shift/reduce conflict for ASSERT resolved as shift
  ! shift/reduce conflict for ASSERT_EQ resolved as shift
  ! shift/reduce conflict for ATTEMPT resolved as shift
  ! shift/reduce conflict for LPAREN resolved as shift
  ! shift/reduce conflict for NOT resolved as shift
  ! shift/reduce conflict for SUB resolved as shift
  ! shift/reduce conflict for LBRACKET resolved as shift
  ! shift/reduce conflict for LBRACE resolved as shift
  ! shift/reduce conflict for LAMBDA resolved as shift
  ! shift/reduce conflict for LET resolved as shift
  ! shift/reduce conflict for ID resolved as shift
  ! shift/reduce conflict for DISP resolved as shift
  ! shift/reduce conflict for ENTRY resolved as shift
  ! shift/reduce conflict for IF resolved as shift
  ! shift/reduce conflict for WHILE resolved as shift
  ! shift/reduce conflict for FUNCTION resolved as shift
  ! shift/reduce conflict for FOR resolved as shift
  ! shift/reduce conflict for CONT resolved as shift
  ! shift/reduce conflict for BREAK resolved as shift
  ! shift/reduce conflict for RETURN resolved as shift
  ! shift/reduce conflict for TRY resolved as shift
  ! shift/reduce conflict for THROW resolved as shift
  ! shift/reduce conflict for ASSERT resolved as shift
  ! shift/reduce conflict for ASSERT_EQ resolved as shift
  ! shift/reduce conflict for ATTEMPT resolved as shift
  ! reduce/reduce conflict for INT resolved using rule 107 (try_ok_stmt -> TRY COLON statements OK_CHECK COLON statements .)
  ! reduce/reduce conflict for STR resolved using rule 107 (try_ok_stmt -> TRY COLON statements OK_CHECK COLON statements .)
  ! reduce/reduce conflict for BOOL resolved using rule 107 (try_ok_stmt -> TRY COLON statements OK_CHECK COLON statements .)
  ! reduce/reduce conflict for FLOAT resolved using rule 107 (try_ok_stmt -> TRY COLON statements OK_CHECK COLON statements .)
  ! reduce/reduce conflict for $end resolved using rule 107 (try_ok_stmt -> TRY COLON statements OK_CHECK COLON statements .)
  ! reduce/reduce conflict for RBRACE resolved using rule 107 (try_ok_stmt -> TRY COLON statements OK_CHECK COLON statements .)
  ! reduce/reduce conflict for OK_CHECK resolved using rule 107 (try_ok_stmt -> TRY COLON statements OK_CHECK COLON statements .)
  ! reduce/reduce conflict for RPAREN resolved using rule 107 (try_ok_stmt -> TRY COLON statements OK_CHECK COLON statements .)
  ! reduce/reduce conflict for FALLBACK resolved using rule 107 (try_ok_stmt -> TRY COLON statements OK_CHECK COLON statements .)
  ! shift/reduce conflict for INT resolved as shift
  ! shift/reduce conflict for STR resolved as shift
  ! shift/reduce conflict for BOOL resolved as shift
  ! shift/reduce conflict for FLOAT resolved as shift
    $end            reduce using rule 107 (try_ok_stmt -> TRY COLON statements OK_CHECK COLON statements .)
    RBRACE          reduce using rule 107 (try_ok_stmt -> TRY COLON statements OK_CHECK COLON statements .)
    OK_CHECK        reduce using rule 107 (try_ok_stmt -> TRY COLON statements OK_CHECK COLON statements .)
    RPAREN          reduce using rule 107 (try_ok_stmt -> TRY COLON statements OK_CHECK COLON statements .)
    FALLBACK        reduce using rule 107 (try_ok_stmt -> TRY COLON statements OK_CHECK COLON statements .)
    LPAREN          shift and go to state 26
    NOT             shift and go to state 27
    SUB             shift and go to state 28
    LBRACKET        shift and go to state 29
    LBRACE          shift and go to state 31
    LAMBDA          shift and go to state 32
    LET             shift and go to state 33
    ID              shift and go to state 30
    DISP            shift and go to state 34
    ENTRY           shift and go to state 35
    IF              shift and go to state 36
    WHILE           shift and go to state 37
    FUNCTION        shift and go to state 38
    FOR             shift and go to state 39
    CONT            shift and go to state 40
    BREAK           shift and go to state 41
    RETURN          shift and go to state 42
    TRY             shift and go to state 43
    THROW           shift and go to state 44
    ASSERT          shift and go to state 45
    ASSERT_EQ       shift and go to state 46
    ATTEMPT         shift and go to state 47
    INT             shift and go to state 48
    STR             shift and go to state 49
    BOOL            shift and go to state 50
    FLOAT           shift and go to state 51

  ! LPAREN          [ reduce using rule 107 (try_ok_stmt -> TRY COLON statements OK_CHECK COLON statements .) ]
  ! NOT             [ reduce using rule 107 (try_ok_stmt -> TRY COLON statements OK_CHECK COLON statements .) ]
  ! SUB             [ reduce using rule 107 (try_ok_stmt -> TRY COLON statements OK_CHECK COLON statements .) ]
  ! LBRACKET        [ reduce using rule 107 (try_ok_stmt -> TRY COLON statements OK_CHECK COLON statements .) ]
  ! LBRACE          [ reduce using rule 107 (try_ok_stmt -> TRY COLON statements OK_CHECK COLON statements .) ]
  ! LAMBDA          [ reduce using rule 107 (try_ok_stmt -> TRY COLON statements OK_CHECK COLON statements .) ]
  ! LET             [ reduce using rule 107 (try_ok_stmt -> TRY COLON statements OK_CHECK COLON statements .) ]
  ! ID              [ reduce using rule 107 (try_ok_stmt -> TRY COLON statements OK_CHECK COLON statements .) ]
  ! DISP            [ reduce using rule 107 (try_ok_stmt -> TRY COLON statements OK_CHECK COLON statements .) ]
  ! ENTRY           [ reduce using rule 107 (try_ok_stmt -> TRY COLON statements OK_CHECK COLON statements .) ]
  ! IF              [ reduce using rule 107 (try_ok_stmt -> TRY COLON statements OK_CHECK COLON statements .) ]
  ! WHILE           [ reduce using rule 107 (try_ok_stmt -> TRY COLON statements OK_CHECK COLON statements .) ]
  ! FUNCTION        [ reduce using rule 107 (try_ok_stmt -> TRY COLON statements OK_CHECK COLON statements .) ]
  ! FOR             [ reduce using rule 107 (try_ok_stmt -> TRY COLON statements OK_CHECK COLON statements .) ]
  ! CONT            [ reduce using rule 107 (try_ok_stmt -> TRY COLON statements OK_CHECK COLON statements .) ]
  ! BREAK           [ reduce using rule 107 (try_ok_stmt -> TRY COLON statements OK_CHECK COLON statements .) ]
  ! RETURN          [ reduce using rule 107 (try_ok_stmt -> TRY COLON statements OK_CHECK COLON statements .) ]
  ! TRY             [ reduce using rule 107 (try_ok_stmt -> TRY COLON statements OK_CHECK COLON statements .) ]
  ! THROW           [ reduce using rule 107 (try_ok_stmt -> TRY COLON statements OK_CHECK COLON statements .) ]
  ! ASSERT          [ reduce using rule 107 (try_ok_stmt -> TRY COLON statements OK_CHECK COLON statements .) ]
  ! ASSERT_EQ       [ reduce using rule 107 (try_ok_stmt -> TRY COLON statements OK_CHECK COLON statements .) ]
  ! ATTEMPT         [ reduce using rule 107 (try_ok_stmt -> TRY COLON statements OK_CHECK COLON statements .) ]
  ! INT             [ reduce using rule 107 (try_ok_stmt -> TRY COLON statements OK_CHECK COLON statements .) ]
  ! STR             [ reduce using rule 107 (try_ok_stmt -> TRY COLON statements OK_CHECK COLON statements .) ]
  ! BOOL            [ reduce using rule 107 (try_ok_stmt -> TRY COLON statements OK_CHECK COLON statements .) ]
  ! FLOAT           [ reduce using rule 107 (try_ok_stmt -> TRY COLON statements OK_CHECK COLON statements .) ]
  ! LPAREN          [ reduce using rule 118 (empty -> .) ]
  ! NOT             [ reduce using rule 118 (empty -> .) ]
  ! SUB             [ reduce using rule 118 (empty -> .) ]
  ! LBRACKET        [ reduce using rule 118 (empty -> .) ]
  ! LBRACE          [ reduce using rule 118 (empty -> .) ]
  ! LAMBDA          [ reduce using rule 118 (empty -> .) ]
  ! LET             [ reduce using rule 118 (empty -> .) ]
  ! ID              [ reduce using rule 118 (empty -> .) ]
  ! DISP            [ reduce using rule 118 (empty -> .) ]
  ! ENTRY           [ reduce using rule 118 (empty -> .) ]
  ! IF              [ reduce using rule 118 (empty -> .) ]
  ! WHILE           [ reduce using rule 118 (empty -> .) ]
  ! FUNCTION        [ reduce using rule 118 (empty -> .) ]
  ! FOR             [ reduce using rule 118 (empty -> .) ]
  ! CONT            [ reduce using rule 118 (empty -> .) ]
  ! BREAK           [ reduce using rule 118 (empty -> .) ]
  ! RETURN          [ reduce using rule 118 (empty -> .) ]
  ! TRY             [ reduce using rule 118 (empty -> .) ]
  ! THROW           [ reduce using rule 118 (empty -> .) ]
  ! ASSERT          [ reduce using rule 118 (empty -> .) ]
  ! ASSERT_EQ       [ reduce using rule 118 (empty -> .) ]
  ! ATTEMPT         [ reduce using rule 118 (empty -> .) ]
  ! INT             [ reduce using rule 118 (empty -> .) ]
  ! STR             [ reduce using rule 118 (empty -> .) ]
  ! BOOL            [ reduce using rule 118 (empty -> .) ]
  ! FLOAT           [ reduce using rule 118 (empty -> .) ]
  ! $end            [ reduce using rule 118 (empty -> .) ]
  ! RBRACE          [ reduce using rule 118 (empty -> .) ]
  ! OK_CHECK        [ reduce using rule 118 (empty -> .) ]
  ! RPAREN          [ reduce using rule 118 (empty -> .) ]
  ! FALLBACK        [ reduce using rule 118 (empty -> .) ]

    statement                      shift and go to state 52
    expression                     shift and go to state 4
    assign_stmt                    shift and go to state 5
    statement_index_assign         shift and go to state 6
    disp_stmt                      shift and go to state 7
    entry_stmt                     shift and go to state 8
    If_Else_stmt                   shift and go to state 9
    while_stmt                     shift and go to state 10
    block                          shift and go to state 11
    function_stmt                  shift and go to state 12
    for_stmt                       shift and go to state 13
    continue_stmt                  shift and go to state 14
    break_stmt                     shift and go to state 15
    return_stmt                    shift and go to state 16
    call_stmt                      shift and go to state 17
    try_ok_stmt                    shift and go to state 18
    throw_stmt                     shift and go to state 19
    assert_stmt                    shift and go to state 20
    assert_eq_stmt                 shift and go to state 21
    attempt_stmt                   shift and go to state 22
    empty                          shift and go to state 23
    variable                       shift and go to state 24
    bin_ops                        shift and go to state 25

state 243

    (105) try_ok_stmt -> TRY COLON statements OK_CHECK LBRACKET ID . COMMA ID RBRACKET COLON statements
    (106) try_ok_stmt -> TRY COLON statements OK_CHECK LBRACKET ID . RBRACKET COLON statements

    COMMA           shift and go to state 256
    RBRACKET        shift and go to state 257


state 244

    (111) attempt_stmt -> ATTEMPT LPAREN expression RPAREN COLON block . FALLBACK COLON block
    (112) attempt_stmt -> ATTEMPT LPAREN expression RPAREN COLON block .
    (9) statement -> block .

  ! shift/reduce conflict for FALLBACK resolved as shift
  ! reduce/reduce conflict for LPAREN resolved using rule 9 (statement -> block .)
  ! reduce/reduce conflict for NOT resolved using rule 9 (statement -> block .)
  ! reduce/reduce conflict for SUB resolved using rule 9 (statement -> block .)
  ! reduce/reduce conflict for LBRACKET resolved using rule 9 (statement -> block .)
  ! reduce/reduce conflict for LBRACE resolved using rule 9 (statement -> block .)
  ! reduce/reduce conflict for LAMBDA resolved using rule 9 (statement -> block .)
  ! reduce/reduce conflict for LET resolved using rule 9 (statement -> block .)
  ! reduce/reduce conflict for ID resolved using rule 9 (statement -> block .)
  ! reduce/reduce conflict for DISP resolved using rule 9 (statement -> block .)
  ! reduce/reduce conflict for ENTRY resolved using rule 9 (statement -> block .)
  ! reduce/reduce conflict for IF resolved using rule 9 (statement -> block .)
  ! reduce/reduce conflict for WHILE resolved using rule 9 (statement -> block .)
  ! reduce/reduce conflict for FUNCTION resolved using rule 9 (statement -> block .)
  ! reduce/reduce conflict for FOR resolved using rule 9 (statement -> block .)
  ! reduce/reduce conflict for CONT resolved using rule 9 (statement -> block .)
  ! reduce/reduce conflict for BREAK resolved using rule 9 (statement -> block .)
  ! reduce/reduce conflict for RETURN resolved using rule 9 (statement -> block .)
  ! reduce/reduce conflict for TRY resolved using rule 9 (statement -> block .)
  ! reduce/reduce conflict for THROW resolved using rule 9 (statement -> block .)
  ! reduce/reduce conflict for ASSERT resolved using rule 9 (statement -> block .)
  ! reduce/reduce conflict for ASSERT_EQ resolved using rule 9 (statement -> block .)
  ! reduce/reduce conflict for ATTEMPT resolved using rule 9 (statement -> block .)
  ! reduce/reduce conflict for INT resolved using rule 9 (statement -> block .)
  ! reduce/reduce conflict for STR resolved using rule 9 (statement -> block .)
  ! reduce/reduce conflict for BOOL resolved using rule 9 (statement -> block .)
  ! reduce/reduce conflict for FLOAT resolved using rule 9 (statement -> block .)
  ! reduce/reduce conflict for $end resolved using rule 9 (statement -> block .)
  ! reduce/reduce conflict for RBRACE resolved using rule 9 (statement -> block .)
  ! reduce/reduce conflict for OK_CHECK resolved using rule 9 (statement -> block .)
  ! reduce/reduce conflict for RPAREN resolved using rule 9 (statement -> block .)
  ! shift/reduce conflict for FALLBACK resolved as shift
    FALLBACK        shift and go to state 258
    LPAREN          reduce using rule 9 (statement -> block .)
    NOT             reduce using rule 9 (statement -> block .)
    SUB             reduce using rule 9 (statement -> block .)
    LBRACKET        reduce using rule 9 (statement -> block .)
    LBRACE          reduce using rule 9 (statement -> block .)
    LAMBDA          reduce using rule 9 (statement -> block .)
    LET             reduce using rule 9 (statement -> block .)
    ID              reduce using rule 9 (statement -> block .)
    DISP            reduce using rule 9 (statement -> block .)
    ENTRY           reduce using rule 9 (statement -> block .)
    IF              reduce using rule 9 (statement -> block .)
    WHILE           reduce using rule 9 (statement -> block .)
    FUNCTION        reduce using rule 9 (statement -> block .)
    FOR             reduce using rule 9 (statement -> block .)
    CONT            reduce using rule 9 (statement -> block .)
    BREAK           reduce using rule 9 (statement -> block .)
    RETURN          reduce using rule 9 (statement -> block .)
    TRY             reduce using rule 9 (statement -> block .)
    THROW           reduce using rule 9 (statement -> block .)
    ASSERT          reduce using rule 9 (statement -> block .)
    ASSERT_EQ       reduce using rule 9 (statement -> block .)
    ATTEMPT         reduce using rule 9 (statement -> block .)
    INT             reduce using rule 9 (statement -> block .)
    STR             reduce using rule 9 (statement -> block .)
    BOOL            reduce using rule 9 (statement -> block .)
    FLOAT           reduce using rule 9 (statement -> block .)
    $end            reduce using rule 9 (statement -> block .)
    RBRACE          reduce using rule 9 (statement -> block .)
    OK_CHECK        reduce using rule 9 (statement -> block .)
    RPAREN          reduce using rule 9 (statement -> block .)

  ! LPAREN          [ reduce using rule 112 (attempt_stmt -> ATTEMPT LPAREN expression RPAREN COLON block .) ]
  ! NOT             [ reduce using rule 112 (attempt_stmt -> ATTEMPT LPAREN expression RPAREN COLON block .) ]
  ! SUB             [ reduce using rule 112 (attempt_stmt -> ATTEMPT LPAREN expression RPAREN COLON block .) ]
  ! LBRACKET        [ reduce using rule 112 (attempt_stmt -> ATTEMPT LPAREN expression RPAREN COLON block .) ]
  ! LBRACE          [ reduce using rule 112 (attempt_stmt -> ATTEMPT LPAREN expression RPAREN COLON block .) ]
  ! LAMBDA          [ reduce using rule 112 (attempt_stmt -> ATTEMPT LPAREN expression RPAREN COLON block .) ]
  ! LET             [ reduce using rule 112 (attempt_stmt -> ATTEMPT LPAREN expression RPAREN COLON block .) ]
  ! ID              [ reduce using rule 112 (attempt_stmt -> ATTEMPT LPAREN expression RPAREN COLON block .) ]
  ! DISP            [ reduce using rule 112 (attempt_stmt -> ATTEMPT LPAREN expression RPAREN COLON block .) ]
  ! ENTRY           [ reduce using rule 112 (attempt_stmt -> ATTEMPT LPAREN expression RPAREN COLON block .) ]
  ! IF              [ reduce using rule 112 (attempt_stmt -> ATTEMPT LPAREN expression RPAREN COLON block .) ]
  ! WHILE           [ reduce using rule 112 (attempt_stmt -> ATTEMPT LPAREN expression RPAREN COLON block .) ]
  ! FUNCTION        [ reduce using rule 112 (attempt_stmt -> ATTEMPT LPAREN expression RPAREN COLON block .) ]
  ! FOR             [ reduce using rule 112 (attempt_stmt -> ATTEMPT LPAREN expression RPAREN COLON block .) ]
  ! CONT            [ reduce using rule 112 (attempt_stmt -> ATTEMPT LPAREN expression RPAREN COLON block .) ]
  ! BREAK           [ reduce using rule 112 (attempt_stmt -> ATTEMPT LPAREN expression RPAREN COLON block .) ]
  ! RETURN          [ reduce using rule 112 (attempt_stmt -> ATTEMPT LPAREN expression RPAREN COLON block .) ]
  ! TRY             [ reduce using rule 112 (attempt_stmt -> ATTEMPT LPAREN expression RPAREN COLON block .) ]
  ! THROW           [ reduce using rule 112 (attempt_stmt -> ATTEMPT LPAREN expression RPAREN COLON block .) ]
  ! ASSERT          [ reduce using rule 112 (attempt_stmt -> ATTEMPT LPAREN expression RPAREN COLON block .) ]
  ! ASSERT_EQ       [ reduce using rule 112 (attempt_stmt -> ATTEMPT LPAREN expression RPAREN COLON block .) ]
  ! ATTEMPT         [ reduce using rule 112 (attempt_stmt -> ATTEMPT LPAREN expression RPAREN COLON block .) ]
  ! INT             [ reduce using rule 112 (attempt_stmt -> ATTEMPT LPAREN expression RPAREN COLON block .) ]
  ! STR             [ reduce using rule 112 (attempt_stmt -> ATTEMPT LPAREN expression RPAREN COLON block .) ]
  ! BOOL            [ reduce using rule 112 (attempt_stmt -> ATTEMPT LPAREN expression RPAREN COLON block .) ]
  ! FLOAT           [ reduce using rule 112 (attempt_stmt -> ATTEMPT LPAREN expression RPAREN COLON block .) ]
  ! $end            [ reduce using rule 112 (attempt_stmt -> ATTEMPT LPAREN expression RPAREN COLON block .) ]
  ! RBRACE          [ reduce using rule 112 (attempt_stmt -> ATTEMPT LPAREN expression RPAREN COLON block .) ]
  ! OK_CHECK        [ reduce using rule 112 (attempt_stmt -> ATTEMPT LPAREN expression RPAREN COLON block .) ]
  ! RPAREN          [ reduce using rule 112 (attempt_stmt -> ATTEMPT LPAREN expression RPAREN COLON block .) ]
  ! FALLBACK        [ reduce using rule 112 (attempt_stmt -> ATTEMPT LPAREN expression RPAREN COLON block .) ]
  ! FALLBACK        [ reduce using rule 9 (statement -> block .) ]


state 245

    (113) attempt_stmt -> ATTEMPT LPAREN expression RPAREN COLON statements . FALLBACK COLON statements
    (114) attempt_stmt -> ATTEMPT LPAREN expression RPAREN COLON statements .
    (22) statements -> statements . statement
    (2) statement -> . expression optional_semicolon
    (3) statement -> . assign_stmt
    (4) statement -> . statement_index_assign
    (5) statement -> . disp_stmt
    (6) statement -> . entry_stmt
    (7) statement -> . If_Else_stmt
    (8) statement -> . while_stmt
    (9) statement -> . block
    (10) statement -> . function_stmt
    (11) statement -> . for_stmt
    (12) statement -> . continue_stmt
    (13) statement -> . break_stmt
    (14) statement -> . return_stmt
    (15) statement -> . call_stmt
    (16) statement -> . try_ok_stmt
    (17) statement -> . throw_stmt
    (18) statement -> . assert_stmt
    (19) statement -> . assert_eq_stmt
    (20) statement -> . attempt_stmt
    (23) statement -> . empty
    (27) expression -> . variable
    (28) expression -> . bin_ops
    (29) expression -> . LPAREN expression RPAREN
    (45) expression -> . NOT expression
    (46) expression -> . SUB expression
    (62) expression -> . call_stmt
    (91) expression -> . LBRACKET args RBRACKET
    (92) expression -> . LBRACKET empty RBRACKET
    (93) expression -> . expression LBRACKET expression RBRACKET
    (95) expression -> . expression DOT ID LPAREN arg_list RPAREN
    (96) expression -> . LBRACE hash_elements RBRACE
    (97) expression -> . LBRACE empty RBRACE
    (115) expression -> . LAMBDA LPAREN params RPAREN COLON type ARROW expression
    (116) expression -> . LAMBDA LPAREN params RPAREN ARROW expression
    (117) expression -> . LAMBDA LPAREN RPAREN ARROW expression
    (88) assign_stmt -> . LET ID COLON type ASSIGN expression optional_semicolon
    (89) assign_stmt -> . LET ID ASSIGN expression optional_semicolon
    (90) assign_stmt -> . ID ASSIGN expression optional_semicolon
    (94) statement_index_assign -> . expression LBRACKET expression RBRACKET ASSIGN expression optional_semicolon
    (24) disp_stmt -> . DISP LPAREN expression RPAREN optional_semicolon
    (25) entry_stmt -> . ENTRY LPAREN expression RPAREN optional_semicolon
    (26) entry_stmt -> . ENTRY optional_semicolon
    (36) If_Else_stmt -> . IF expression block
    (37) If_Else_stmt -> . IF expression block ELSE block
    (38) while_stmt -> . WHILE expression block
    (35) block -> . LBRACE statements RBRACE
    (55) function_stmt -> . FUNCTION ID COLON type param_list COLON block
    (56) function_stmt -> . FUNCTION ID param_list COLON block
    (39) for_stmt -> . FOR LPAREN statement expression SEMICOLON statement RPAREN block
    (40) for_stmt -> . FOR expression block
    (41) continue_stmt -> . CONT optional_semicolon
    (42) break_stmt -> . BREAK optional_semicolon
    (43) return_stmt -> . RETURN expression optional_semicolon
    (44) return_stmt -> . RETURN optional_semicolon
    (61) call_stmt -> . ID LPAREN arg_list RPAREN
    (102) try_ok_stmt -> . TRY COLON block OK_CHECK LBRACKET ID COMMA ID RBRACKET COLON block
    (103) try_ok_stmt -> . TRY COLON block OK_CHECK LBRACKET ID RBRACKET COLON block
    (104) try_ok_stmt -> . TRY COLON block OK_CHECK COLON block
    (105) try_ok_stmt -> . TRY COLON statements OK_CHECK LBRACKET ID COMMA ID RBRACKET COLON statements
    (106) try_ok_stmt -> . TRY COLON statements OK_CHECK LBRACKET ID RBRACKET COLON statements
    (107) try_ok_stmt -> . TRY COLON statements OK_CHECK COLON statements
    (101) throw_stmt -> . THROW expression optional_semicolon
    (108) assert_stmt -> . ASSERT expression COMMA expression optional_semicolon
    (109) assert_stmt -> . ASSERT expression optional_semicolon
    (110) assert_eq_stmt -> . ASSERT_EQ expression COMMA expression optional_semicolon
    (111) attempt_stmt -> . ATTEMPT LPAREN expression RPAREN COLON block FALLBACK COLON block
    (112) attempt_stmt -> . ATTEMPT LPAREN expression RPAREN COLON block
    (113) attempt_stmt -> . ATTEMPT LPAREN expression RPAREN COLON statements FALLBACK COLON statements
    (114) attempt_stmt -> . ATTEMPT LPAREN expression RPAREN COLON statements
    (118) empty -> .
    (30) variable -> . INT
    (31) variable -> . STR
    (32) variable -> . BOOL
    (33) variable -> . ID
    (34) variable -> . FLOAT
    (63) bin_ops -> . expression ADD expression
    (64) bin_ops -> . expression SUB expression
    (65) bin_ops -> . expression MUL expression
    (66) bin_ops -> . expression DIV expression
    (67) bin_ops -> . expression MOD expression
    (68) bin_ops -> . expression POW expression
    (69) bin_ops -> . expression GT expression
    (70) bin_ops -> . expression LT expression
    (71) bin_ops -> . expression GE expression
    (72) bin_ops -> . expression LE expression
    (73) bin_ops -> . expression EQ expression
    (74) bin_ops -> . expression NE expression
    (75) bin_ops -> . expression AND expression
    (76) bin_ops -> . expression OR expression

  ! shift/reduce conflict for FALLBACK resolved as shift
  ! shift/reduce conflict for LPAREN resolved as shift
  ! shift/reduce conflict for NOT resolved as shift
  ! shift/reduce conflict for SUB resolved as shift
  ! shift/reduce conflict for LBRACKET resolved as shift
  ! shift/reduce conflict for LBRACE resolved as shift
  ! shift/reduce conflict for LAMBDA resolved as shift
  ! shift/reduce conflict for LET resolved as shift
  ! shift/reduce conflict for ID resolved as shift
  ! shift/reduce conflict for DISP resolved as shift
  ! shift/reduce conflict for ENTRY resolved as shift
  ! shift/reduce conflict for IF resolved as shift
  ! shift/reduce conflict for WHILE resolved as shift
  ! shift/reduce conflict for FUNCTION resolved as shift
  ! shift/reduce conflict for FOR resolved as shift
  ! shift/reduce conflict for CONT resolved as shift
  ! shift/reduce conflict for BREAK resolved as shift
  ! shift/reduce conflict for RETURN resolved as shift
  ! shift/reduce conflict for TRY resolved as shift
  ! shift/reduce conflict for THROW resolved as shift
  ! shift/reduce conflict for ASSERT resolved as shift
  ! shift/reduce conflict for ASSERT_EQ resolved as shift
  ! shift/reduce conflict for ATTEMPT resolved as shift
  ! shift/reduce conflict for LPAREN resolved as shift
  ! shift/reduce conflict for NOT resolved as shift
  ! shift/reduce conflict for SUB resolved as shift
  ! shift/reduce conflict for LBRACKET resolved as shift
  ! shift/reduce conflict for LBRACE resolved as shift
  ! shift/reduce conflict for LAMBDA resolved as shift
  ! shift/reduce conflict for LET resolved as shift
  ! shift/reduce conflict for ID resolved as shift
  ! shift/reduce conflict for DISP resolved as shift
  ! shift/reduce conflict for ENTRY resolved as shift
  ! shift/reduce conflict for IF resolved as shift
  ! shift/reduce conflict for WHILE resolved as shift
  ! shift/reduce conflict for FUNCTION resolved as shift
  ! shift/reduce conflict for FOR resolved as shift
  ! shift/reduce conflict for CONT resolved as shift
  ! shift/reduce conflict for BREAK resolved as shift
  ! shift/reduce conflict for RETURN resolved as shift
  ! shift/reduce conflict for TRY resolved as shift
  ! shift/reduce conflict for THROW resolved as shift
  ! shift/reduce conflict for ASSERT resolved as shift
  ! shift/reduce conflict for ASSERT_EQ resolved as shift
  ! shift/reduce conflict for ATTEMPT resolved as shift
  ! reduce/reduce conflict for INT resolved using rule 114 (attempt_stmt -> ATTEMPT LPAREN expression RPAREN COLON statements .)
  ! reduce/reduce conflict for STR resolved using rule 114 (attempt_stmt -> ATTEMPT LPAREN expression RPAREN COLON statements .)
  ! reduce/reduce conflict for BOOL resolved using rule 114 (attempt_stmt -> ATTEMPT LPAREN expression RPAREN COLON statements .)
  ! reduce/reduce conflict for FLOAT resolved using rule 114 (attempt_stmt -> ATTEMPT LPAREN expression RPAREN COLON statements .)
  ! reduce/reduce conflict for $end resolved using rule 114 (attempt_stmt -> ATTEMPT LPAREN expression RPAREN COLON statements .)
  ! reduce/reduce conflict for RBRACE resolved using rule 114 (attempt_stmt -> ATTEMPT LPAREN expression RPAREN COLON statements .)
  ! reduce/reduce conflict for OK_CHECK resolved using rule 114 (attempt_stmt -> ATTEMPT LPAREN expression RPAREN COLON statements .)
  ! reduce/reduce conflict for RPAREN resolved using rule 114 (attempt_stmt -> ATTEMPT LPAREN expression RPAREN COLON statements .)
  ! shift/reduce conflict for FALLBACK resolved as shift
  ! shift/reduce conflict for INT resolved as shift
  ! shift/reduce conflict for STR resolved as shift
  ! shift/reduce conflict for BOOL resolved as shift
  ! shift/reduce conflict for FLOAT resolved as shift
    FALLBACK        shift and go to state 259
    $end            reduce using rule 114 (attempt_stmt -> ATTEMPT LPAREN expression RPAREN COLON statements .)
    RBRACE          reduce using rule 114 (attempt_stmt -> ATTEMPT LPAREN expression RPAREN COLON statements .)
    OK_CHECK        reduce using rule 114 (attempt_stmt -> ATTEMPT LPAREN expression RPAREN COLON statements .)
    RPAREN          reduce using rule 114 (attempt_stmt -> ATTEMPT LPAREN expression RPAREN COLON statements .)
    LPAREN          shift and go to state 26
    NOT             shift and go to state 27
    SUB             shift and go to state 28
    LBRACKET        shift and go to state 29
    LBRACE          shift and go to state 31
    LAMBDA          shift and go to state 32
    LET             shift and go to state 33
    ID              shift and go to state 30
    DISP            shift and go to state 34
    ENTRY           shift and go to state 35
    IF              shift and go to state 36
    WHILE           shift and go to state 37
    FUNCTION        shift and go to state 38
    FOR             shift and go to state 39
    CONT            shift and go to state 40
    BREAK           shift and go to state 41
    RETURN          shift and go to state 42
    TRY             shift and go to state 43
    THROW           shift and go to state 44
    ASSERT          shift and go to state 45
    ASSERT_EQ       shift and go to state 46
    ATTEMPT         shift and go to state 47
    INT             shift and go to state 48
    STR             shift and go to state 49
    BOOL            shift and go to state 50
    FLOAT           shift and go to state 51

  ! LPAREN          [ reduce using rule 114 (attempt_stmt -> ATTEMPT LPAREN expression RPAREN COLON statements .) ]
  ! NOT             [ reduce using rule 114 (attempt_stmt -> ATTEMPT LPAREN expression RPAREN COLON statements .) ]
  ! SUB             [ reduce using rule 114 (attempt_stmt -> ATTEMPT LPAREN expression RPAREN COLON statements .) ]
  ! LBRACKET        [ reduce using rule 114 (attempt_stmt -> ATTEMPT LPAREN expression RPAREN COLON statements .) ]
  ! LBRACE          [ reduce using rule 114 (attempt_stmt -> ATTEMPT LPAREN expression RPAREN COLON statements .) ]
  ! LAMBDA          [ reduce using rule 114 (attempt_stmt -> ATTEMPT LPAREN expression RPAREN COLON statements .) ]
  ! LET             [ reduce using rule 114 (attempt_stmt -> ATTEMPT LPAREN expression RPAREN COLON statements .) ]
  ! ID              [ reduce using rule 114 (attempt_stmt -> ATTEMPT LPAREN expression RPAREN COLON statements .) ]
  ! DISP            [ reduce using rule 114 (attempt_stmt -> ATTEMPT LPAREN expression RPAREN COLON statements .) ]
  ! ENTRY           [ reduce using rule 114 (attempt_stmt -> ATTEMPT LPAREN expression RPAREN COLON statements .) ]
  ! IF              [ reduce using rule 114 (attempt_stmt -> ATTEMPT LPAREN expression RPAREN COLON statements .) ]
  ! WHILE           [ reduce using rule 114 (attempt_stmt -> ATTEMPT LPAREN expression RPAREN COLON statements .) ]
  ! FUNCTION        [ reduce using rule 114 (attempt_stmt -> ATTEMPT LPAREN expression RPAREN COLON statements .) ]
  ! FOR             [ reduce using rule 114 (attempt_stmt -> ATTEMPT LPAREN expression RPAREN COLON statements .) ]
  ! CONT            [ reduce using rule 114 (attempt_stmt -> ATTEMPT LPAREN expression RPAREN COLON statements .) ]
  ! BREAK           [ reduce using rule 114 (attempt_stmt -> ATTEMPT LPAREN expression RPAREN COLON statements .) ]
  ! RETURN          [ reduce using rule 114 (attempt_stmt -> ATTEMPT LPAREN expression RPAREN COLON statements .) ]
  ! TRY             [ reduce using rule 114 (attempt_stmt -> ATTEMPT LPAREN expression RPAREN COLON statements .) ]
  ! THROW           [ reduce using rule 114 (attempt_stmt -> ATTEMPT LPAREN expression RPAREN COLON statements .) ]
  ! ASSERT          [ reduce using rule 114 (attempt_stmt -> ATTEMPT LPAREN expression RPAREN COLON statements .) ]
  ! ASSERT_EQ       [ reduce using rule 114 (attempt_stmt -> ATTEMPT LPAREN expression RPAREN COLON statements .) ]
  ! ATTEMPT         [ reduce using rule 114 (attempt_stmt -> ATTEMPT LPAREN expression RPAREN COLON statements .) ]
  ! INT             [ reduce using rule 114 (attempt_stmt -> ATTEMPT LPAREN expression RPAREN COLON statements .) ]
  ! STR             [ reduce using rule 114 (attempt_stmt -> ATTEMPT LPAREN expression RPAREN COLON statements .) ]
  ! BOOL            [ reduce using rule 114 (attempt_stmt -> ATTEMPT LPAREN expression RPAREN COLON statements .) ]
  ! FLOAT           [ reduce using rule 114 (attempt_stmt -> ATTEMPT LPAREN expression RPAREN COLON statements .) ]
  ! FALLBACK        [ reduce using rule 114 (attempt_stmt -> ATTEMPT LPAREN expression RPAREN COLON statements .) ]
  ! LPAREN          [ reduce using rule 118 (empty -> .) ]
  ! NOT             [ reduce using rule 118 (empty -> .) ]
  ! SUB             [ reduce using rule 118 (empty -> .) ]
  ! LBRACKET        [ reduce using rule 118 (empty -> .) ]
  ! LBRACE          [ reduce using rule 118 (empty -> .) ]
  ! LAMBDA          [ reduce using rule 118 (empty -> .) ]
  ! LET             [ reduce using rule 118 (empty -> .) ]
  ! ID              [ reduce using rule 118 (empty -> .) ]
  ! DISP            [ reduce using rule 118 (empty -> .) ]
  ! ENTRY           [ reduce using rule 118 (empty -> .) ]
  ! IF              [ reduce using rule 118 (empty -> .) ]
  ! WHILE           [ reduce using rule 118 (empty -> .) ]
  ! FUNCTION        [ reduce using rule 118 (empty -> .) ]
  ! FOR             [ reduce using rule 118 (empty -> .) ]
  ! CONT            [ reduce using rule 118 (empty -> .) ]
  ! BREAK           [ reduce using rule 118 (empty -> .) ]
  ! RETURN          [ reduce using rule 118 (empty -> .) ]
  ! TRY             [ reduce using rule 118 (empty -> .) ]
  ! THROW           [ reduce using rule 118 (empty -> .) ]
  ! ASSERT          [ reduce using rule 118 (empty -> .) ]
  ! ASSERT_EQ       [ reduce using rule 118 (empty -> .) ]
  ! ATTEMPT         [ reduce using rule 118 (empty -> .) ]
  ! INT             [ reduce using rule 118 (empty -> .) ]
  ! STR             [ reduce using rule 118 (empty -> .) ]
  ! BOOL            [ reduce using rule 118 (empty -> .) ]
  ! FLOAT           [ reduce using rule 118 (empty -> .) ]
  ! $end            [ reduce using rule 118 (empty -> .) ]
  ! RBRACE          [ reduce using rule 118 (empty -> .) ]
  ! OK_CHECK        [ reduce using rule 118 (empty -> .) ]
  ! RPAREN          [ reduce using rule 118 (empty -> .) ]
  ! FALLBACK        [ reduce using rule 118 (empty -> .) ]

    expression                     shift and go to state 4
    statement                      shift and go to state 52
    assign_stmt                    shift and go to state 5
    statement_index_assign         shift and go to state 6
    disp_stmt                      shift and go to state 7
    entry_stmt                     shift and go to state 8
    If_Else_stmt                   shift and go to state 9
    while_stmt                     shift and go to state 10
    block                          shift and go to state 11
    function_stmt                  shift and go to state 12
    for_stmt                       shift and go to state 13
    continue_stmt                  shift and go to state 14
    break_stmt                     shift and go to state 15
    return_stmt                    shift and go to state 16
    call_stmt                      shift and go to state 17
    try_ok_stmt                    shift and go to state 18
    throw_stmt                     shift and go to state 19
    assert_stmt                    shift and go to state 20
    assert_eq_stmt                 shift and go to state 21
    attempt_stmt                   shift and go to state 22
    empty                          shift and go to state 23
    variable                       shift and go to state 24
    bin_ops                        shift and go to state 25

state 246

    (94) statement_index_assign -> expression LBRACKET expression RBRACKET ASSIGN expression optional_semicolon .

    LPAREN          reduce using rule 94 (statement_index_assign -> expression LBRACKET expression RBRACKET ASSIGN expression optional_semicolon .)
    NOT             reduce using rule 94 (statement_index_assign -> expression LBRACKET expression RBRACKET ASSIGN expression optional_semicolon .)
    SUB             reduce using rule 94 (statement_index_assign -> expression LBRACKET expression RBRACKET ASSIGN expression optional_semicolon .)
    LBRACKET        reduce using rule 94 (statement_index_assign -> expression LBRACKET expression RBRACKET ASSIGN expression optional_semicolon .)
    LBRACE          reduce using rule 94 (statement_index_assign -> expression LBRACKET expression RBRACKET ASSIGN expression optional_semicolon .)
    LAMBDA          reduce using rule 94 (statement_index_assign -> expression LBRACKET expression RBRACKET ASSIGN expression optional_semicolon .)
    LET             reduce using rule 94 (statement_index_assign -> expression LBRACKET expression RBRACKET ASSIGN expression optional_semicolon .)
    ID              reduce using rule 94 (statement_index_assign -> expression LBRACKET expression RBRACKET ASSIGN expression optional_semicolon .)
    DISP            reduce using rule 94 (statement_index_assign -> expression LBRACKET expression RBRACKET ASSIGN expression optional_semicolon .)
    ENTRY           reduce using rule 94 (statement_index_assign -> expression LBRACKET expression RBRACKET ASSIGN expression optional_semicolon .)
    IF              reduce using rule 94 (statement_index_assign -> expression LBRACKET expression RBRACKET ASSIGN expression optional_semicolon .)
    WHILE           reduce using rule 94 (statement_index_assign -> expression LBRACKET expression RBRACKET ASSIGN expression optional_semicolon .)
    FUNCTION        reduce using rule 94 (statement_index_assign -> expression LBRACKET expression RBRACKET ASSIGN expression optional_semicolon .)
    FOR             reduce using rule 94 (statement_index_assign -> expression LBRACKET expression RBRACKET ASSIGN expression optional_semicolon .)
    CONT            reduce using rule 94 (statement_index_assign -> expression LBRACKET expression RBRACKET ASSIGN expression optional_semicolon .)
    BREAK           reduce using rule 94 (statement_index_assign -> expression LBRACKET expression RBRACKET ASSIGN expression optional_semicolon .)
    RETURN          reduce using rule 94 (statement_index_assign -> expression LBRACKET expression RBRACKET ASSIGN expression optional_semicolon .)
    TRY             reduce using rule 94 (statement_index_assign -> expression LBRACKET expression RBRACKET ASSIGN expression optional_semicolon .)
    THROW           reduce using rule 94 (statement_index_assign -> expression LBRACKET expression RBRACKET ASSIGN expression optional_semicolon .)
    ASSERT          reduce using rule 94 (statement_index_assign -> expression LBRACKET expression RBRACKET ASSIGN expression optional_semicolon .)
    ASSERT_EQ       reduce using rule 94 (statement_index_assign -> expression LBRACKET expression RBRACKET ASSIGN expression optional_semicolon .)
    ATTEMPT         reduce using rule 94 (statement_index_assign -> expression LBRACKET expression RBRACKET ASSIGN expression optional_semicolon .)
    INT             reduce using rule 94 (statement_index_assign -> expression LBRACKET expression RBRACKET ASSIGN expression optional_semicolon .)
    STR             reduce using rule 94 (statement_index_assign -> expression LBRACKET expression RBRACKET ASSIGN expression optional_semicolon .)
    BOOL            reduce using rule 94 (statement_index_assign -> expression LBRACKET expression RBRACKET ASSIGN expression optional_semicolon .)
    FLOAT           reduce using rule 94 (statement_index_assign -> expression LBRACKET expression RBRACKET ASSIGN expression optional_semicolon .)
    $end            reduce using rule 94 (statement_index_assign -> expression LBRACKET expression RBRACKET ASSIGN expression optional_semicolon .)
    RBRACE          reduce using rule 94 (statement_index_assign -> expression LBRACKET expression RBRACKET ASSIGN expression optional_semicolon .)
    OK_CHECK        reduce using rule 94 (statement_index_assign -> expression LBRACKET expression RBRACKET ASSIGN expression optional_semicolon .)
    RPAREN          reduce using rule 94 (statement_index_assign -> expression LBRACKET expression RBRACKET ASSIGN expression optional_semicolon .)
    FALLBACK        reduce using rule 94 (statement_index_assign -> expression LBRACKET expression RBRACKET ASSIGN expression optional_semicolon .)


state 247

    (115) expression -> LAMBDA LPAREN params RPAREN COLON type ARROW . expression
    (27) expression -> . variable
    (28) expression -> . bin_ops
    (29) expression -> . LPAREN expression RPAREN
    (45) expression -> . NOT expression
    (46) expression -> . SUB expression
    (62) expression -> . call_stmt
    (91) expression -> . LBRACKET args RBRACKET
    (92) expression -> . LBRACKET empty RBRACKET
    (93) expression -> . expression LBRACKET expression RBRACKET
    (95) expression -> . expression DOT ID LPAREN arg_list RPAREN
    (96) expression -> . LBRACE hash_elements RBRACE
    (97) expression -> . LBRACE empty RBRACE
    (115) expression -> . LAMBDA LPAREN params RPAREN COLON type ARROW expression
    (116) expression -> . LAMBDA LPAREN params RPAREN ARROW expression
    (117) expression -> . LAMBDA LPAREN RPAREN ARROW expression
    (30) variable -> . INT
    (31) variable -> . STR
    (32) variable -> . BOOL
    (33) variable -> . ID
    (34) variable -> . FLOAT
    (63) bin_ops -> . expression ADD expression
    (64) bin_ops -> . expression SUB expression
    (65) bin_ops -> . expression MUL expression
    (66) bin_ops -> . expression DIV expression
    (67) bin_ops -> . expression MOD expression
    (68) bin_ops -> . expression POW expression
    (69) bin_ops -> . expression GT expression
    (70) bin_ops -> . expression LT expression
    (71) bin_ops -> . expression GE expression
    (72) bin_ops -> . expression LE expression
    (73) bin_ops -> . expression EQ expression
    (74) bin_ops -> . expression NE expression
    (75) bin_ops -> . expression AND expression
    (76) bin_ops -> . expression OR expression
    (61) call_stmt -> . ID LPAREN arg_list RPAREN

    LPAREN          shift and go to state 26
    NOT             shift and go to state 27
    SUB             shift and go to state 28
    LBRACKET        shift and go to state 29
    LBRACE          shift and go to state 75
    LAMBDA          shift and go to state 32
    INT             shift and go to state 48
    STR             shift and go to state 49
    BOOL            shift and go to state 50
    ID              shift and go to state 74
    FLOAT           shift and go to state 51

    expression                     shift and go to state 260
    variable                       shift and go to state 24
    bin_ops                        shift and go to state 25
    call_stmt                      shift and go to state 73

state 248

    (47) param -> ID COLON type ASSIGN expression .
    (93) expression -> expression . LBRACKET expression RBRACKET
    (95) expression -> expression . DOT ID LPAREN arg_list RPAREN
    (63) bin_ops -> expression . ADD expression
    (64) bin_ops -> expression . SUB expression
    (65) bin_ops -> expression . MUL expression
    (66) bin_ops -> expression . DIV expression
    (67) bin_ops -> expression . MOD expression
    (68) bin_ops -> expression . POW expression
    (69) bin_ops -> expression . GT expression
    (70) bin_ops -> expression . LT expression
    (71) bin_ops -> expression . GE expression
    (72) bin_ops -> expression . LE expression
    (73) bin_ops -> expression . EQ expression
    (74) bin_ops -> expression . NE expression
    (75) bin_ops -> expression . AND expression
    (76) bin_ops -> expression . OR expression

    RPAREN          reduce using rule 47 (param -> ID COLON type ASSIGN expression .)
    COMMA           reduce using rule 47 (param -> ID COLON type ASSIGN expression .)
    RBRACKET        reduce using rule 47 (param -> ID COLON type ASSIGN expression .)
    LBRACKET        shift and go to state 124
    DOT             shift and go to state 55
    ADD             shift and go to state 56
    SUB             shift and go to state 57
    MUL             shift and go to state 58
    DIV             shift and go to state 59
    MOD             shift and go to state 60
    POW             shift and go to state 61
    GT              shift and go to state 62
    LT              shift and go to state 63
    GE              shift and go to state 64
    LE              shift and go to state 65
    EQ              shift and go to state 66
    NE              shift and go to state 67
    AND             shift and go to state 68
    OR              shift and go to state 69


state 249

    (88) assign_stmt -> LET ID COLON type ASSIGN expression optional_semicolon .

    LPAREN          reduce using rule 88 (assign_stmt -> LET ID COLON type ASSIGN expression optional_semicolon .)
    NOT             reduce using rule 88 (assign_stmt -> LET ID COLON type ASSIGN expression optional_semicolon .)
    SUB             reduce using rule 88 (assign_stmt -> LET ID COLON type ASSIGN expression optional_semicolon .)
    LBRACKET        reduce using rule 88 (assign_stmt -> LET ID COLON type ASSIGN expression optional_semicolon .)
    LBRACE          reduce using rule 88 (assign_stmt -> LET ID COLON type ASSIGN expression optional_semicolon .)
    LAMBDA          reduce using rule 88 (assign_stmt -> LET ID COLON type ASSIGN expression optional_semicolon .)
    LET             reduce using rule 88 (assign_stmt -> LET ID COLON type ASSIGN expression optional_semicolon .)
    ID              reduce using rule 88 (assign_stmt -> LET ID COLON type ASSIGN expression optional_semicolon .)
    DISP            reduce using rule 88 (assign_stmt -> LET ID COLON type ASSIGN expression optional_semicolon .)
    ENTRY           reduce using rule 88 (assign_stmt -> LET ID COLON type ASSIGN expression optional_semicolon .)
    IF              reduce using rule 88 (assign_stmt -> LET ID COLON type ASSIGN expression optional_semicolon .)
    WHILE           reduce using rule 88 (assign_stmt -> LET ID COLON type ASSIGN expression optional_semicolon .)
    FUNCTION        reduce using rule 88 (assign_stmt -> LET ID COLON type ASSIGN expression optional_semicolon .)
    FOR             reduce using rule 88 (assign_stmt -> LET ID COLON type ASSIGN expression optional_semicolon .)
    CONT            reduce using rule 88 (assign_stmt -> LET ID COLON type ASSIGN expression optional_semicolon .)
    BREAK           reduce using rule 88 (assign_stmt -> LET ID COLON type ASSIGN expression optional_semicolon .)
    RETURN          reduce using rule 88 (assign_stmt -> LET ID COLON type ASSIGN expression optional_semicolon .)
    TRY             reduce using rule 88 (assign_stmt -> LET ID COLON type ASSIGN expression optional_semicolon .)
    THROW           reduce using rule 88 (assign_stmt -> LET ID COLON type ASSIGN expression optional_semicolon .)
    ASSERT          reduce using rule 88 (assign_stmt -> LET ID COLON type ASSIGN expression optional_semicolon .)
    ASSERT_EQ       reduce using rule 88 (assign_stmt -> LET ID COLON type ASSIGN expression optional_semicolon .)
    ATTEMPT         reduce using rule 88 (assign_stmt -> LET ID COLON type ASSIGN expression optional_semicolon .)
    INT             reduce using rule 88 (assign_stmt -> LET ID COLON type ASSIGN expression optional_semicolon .)
    STR             reduce using rule 88 (assign_stmt -> LET ID COLON type ASSIGN expression optional_semicolon .)
    BOOL            reduce using rule 88 (assign_stmt -> LET ID COLON type ASSIGN expression optional_semicolon .)
    FLOAT           reduce using rule 88 (assign_stmt -> LET ID COLON type ASSIGN expression optional_semicolon .)
    $end            reduce using rule 88 (assign_stmt -> LET ID COLON type ASSIGN expression optional_semicolon .)
    RBRACE          reduce using rule 88 (assign_stmt -> LET ID COLON type ASSIGN expression optional_semicolon .)
    OK_CHECK        reduce using rule 88 (assign_stmt -> LET ID COLON type ASSIGN expression optional_semicolon .)
    RPAREN          reduce using rule 88 (assign_stmt -> LET ID COLON type ASSIGN expression optional_semicolon .)
    FALLBACK        reduce using rule 88 (assign_stmt -> LET ID COLON type ASSIGN expression optional_semicolon .)


state 250

    (84) type_array -> type ARRAY_TYPE LBRACKET INT . RBRACKET

    RBRACKET        shift and go to state 261


state 251

    (86) type_hash -> HASH_TYPE LBRACKET type COMMA . type RBRACKET
    (77) type -> . INT_TYPE
    (78) type -> . STR_TYPE
    (79) type -> . BOOL_TYPE
    (80) type -> . FLOAT_TYPE
    (81) type -> . VOID_TYPE
    (82) type -> . type_array
    (83) type -> . type_hash
    (84) type_array -> . type ARRAY_TYPE LBRACKET INT RBRACKET
    (85) type_array -> . type ARRAY_TYPE
    (86) type_hash -> . HASH_TYPE LBRACKET type COMMA type RBRACKET
    (87) type_hash -> . HASH_TYPE

    INT_TYPE        shift and go to state 179
    STR_TYPE        shift and go to state 180
    BOOL_TYPE       shift and go to state 181
    FLOAT_TYPE      shift and go to state 182
    VOID_TYPE       shift and go to state 183
    HASH_TYPE       shift and go to state 186

    type                           shift and go to state 262
    type_array                     shift and go to state 184
    type_hash                      shift and go to state 185

state 252

    (55) function_stmt -> FUNCTION ID COLON type param_list COLON block .

    LPAREN          reduce using rule 55 (function_stmt -> FUNCTION ID COLON type param_list COLON block .)
    NOT             reduce using rule 55 (function_stmt -> FUNCTION ID COLON type param_list COLON block .)
    SUB             reduce using rule 55 (function_stmt -> FUNCTION ID COLON type param_list COLON block .)
    LBRACKET        reduce using rule 55 (function_stmt -> FUNCTION ID COLON type param_list COLON block .)
    LBRACE          reduce using rule 55 (function_stmt -> FUNCTION ID COLON type param_list COLON block .)
    LAMBDA          reduce using rule 55 (function_stmt -> FUNCTION ID COLON type param_list COLON block .)
    LET             reduce using rule 55 (function_stmt -> FUNCTION ID COLON type param_list COLON block .)
    ID              reduce using rule 55 (function_stmt -> FUNCTION ID COLON type param_list COLON block .)
    DISP            reduce using rule 55 (function_stmt -> FUNCTION ID COLON type param_list COLON block .)
    ENTRY           reduce using rule 55 (function_stmt -> FUNCTION ID COLON type param_list COLON block .)
    IF              reduce using rule 55 (function_stmt -> FUNCTION ID COLON type param_list COLON block .)
    WHILE           reduce using rule 55 (function_stmt -> FUNCTION ID COLON type param_list COLON block .)
    FUNCTION        reduce using rule 55 (function_stmt -> FUNCTION ID COLON type param_list COLON block .)
    FOR             reduce using rule 55 (function_stmt -> FUNCTION ID COLON type param_list COLON block .)
    CONT            reduce using rule 55 (function_stmt -> FUNCTION ID COLON type param_list COLON block .)
    BREAK           reduce using rule 55 (function_stmt -> FUNCTION ID COLON type param_list COLON block .)
    RETURN          reduce using rule 55 (function_stmt -> FUNCTION ID COLON type param_list COLON block .)
    TRY             reduce using rule 55 (function_stmt -> FUNCTION ID COLON type param_list COLON block .)
    THROW           reduce using rule 55 (function_stmt -> FUNCTION ID COLON type param_list COLON block .)
    ASSERT          reduce using rule 55 (function_stmt -> FUNCTION ID COLON type param_list COLON block .)
    ASSERT_EQ       reduce using rule 55 (function_stmt -> FUNCTION ID COLON type param_list COLON block .)
    ATTEMPT         reduce using rule 55 (function_stmt -> FUNCTION ID COLON type param_list COLON block .)
    INT             reduce using rule 55 (function_stmt -> FUNCTION ID COLON type param_list COLON block .)
    STR             reduce using rule 55 (function_stmt -> FUNCTION ID COLON type param_list COLON block .)
    BOOL            reduce using rule 55 (function_stmt -> FUNCTION ID COLON type param_list COLON block .)
    FLOAT           reduce using rule 55 (function_stmt -> FUNCTION ID COLON type param_list COLON block .)
    $end            reduce using rule 55 (function_stmt -> FUNCTION ID COLON type param_list COLON block .)
    RBRACE          reduce using rule 55 (function_stmt -> FUNCTION ID COLON type param_list COLON block .)
    OK_CHECK        reduce using rule 55 (function_stmt -> FUNCTION ID COLON type param_list COLON block .)
    RPAREN          reduce using rule 55 (function_stmt -> FUNCTION ID COLON type param_list COLON block .)
    FALLBACK        reduce using rule 55 (function_stmt -> FUNCTION ID COLON type param_list COLON block .)


state 253

    (39) for_stmt -> FOR LPAREN statement expression SEMICOLON statement RPAREN . block
    (35) block -> . LBRACE statements RBRACE

    LBRACE          shift and go to state 148

    block                          shift and go to state 263

state 254

    (102) try_ok_stmt -> TRY COLON block OK_CHECK LBRACKET ID COMMA . ID RBRACKET COLON block

    ID              shift and go to state 264


state 255

    (103) try_ok_stmt -> TRY COLON block OK_CHECK LBRACKET ID RBRACKET . COLON block

    COLON           shift and go to state 265


state 256

    (105) try_ok_stmt -> TRY COLON statements OK_CHECK LBRACKET ID COMMA . ID RBRACKET COLON statements

    ID              shift and go to state 266


state 257

    (106) try_ok_stmt -> TRY COLON statements OK_CHECK LBRACKET ID RBRACKET . COLON statements

    COLON           shift and go to state 267


state 258

    (111) attempt_stmt -> ATTEMPT LPAREN expression RPAREN COLON block FALLBACK . COLON block

    COLON           shift and go to state 268


state 259

    (113) attempt_stmt -> ATTEMPT LPAREN expression RPAREN COLON statements FALLBACK . COLON statements

    COLON           shift and go to state 269


state 260

    (115) expression -> LAMBDA LPAREN params RPAREN COLON type ARROW expression .
    (93) expression -> expression . LBRACKET expression RBRACKET
    (95) expression -> expression . DOT ID LPAREN arg_list RPAREN
    (63) bin_ops -> expression . ADD expression
    (64) bin_ops -> expression . SUB expression
    (65) bin_ops -> expression . MUL expression
    (66) bin_ops -> expression . DIV expression
    (67) bin_ops -> expression . MOD expression
    (68) bin_ops -> expression . POW expression
    (69) bin_ops -> expression . GT expression
    (70) bin_ops -> expression . LT expression
    (71) bin_ops -> expression . GE expression
    (72) bin_ops -> expression . LE expression
    (73) bin_ops -> expression . EQ expression
    (74) bin_ops -> expression . NE expression
    (75) bin_ops -> expression . AND expression
    (76) bin_ops -> expression . OR expression

  ! shift/reduce conflict for LBRACKET resolved as shift
  ! shift/reduce conflict for DOT resolved as shift
  ! shift/reduce conflict for ADD resolved as shift
  ! shift/reduce conflict for SUB resolved as shift
  ! shift/reduce conflict for MUL resolved as shift
  ! shift/reduce conflict for DIV resolved as shift
  ! shift/reduce conflict for MOD resolved as shift
  ! shift/reduce conflict for POW resolved as shift
  ! shift/reduce conflict for GT resolved as shift
  ! shift/reduce conflict for LT resolved as shift
  ! shift/reduce conflict for GE resolved as shift
  ! shift/reduce conflict for LE resolved as shift
  ! shift/reduce conflict for EQ resolved as shift
  ! shift/reduce conflict for NE resolved as shift
  ! shift/reduce conflict for AND resolved as shift
  ! shift/reduce conflict for OR resolved as shift
    SEMICOLON       reduce using rule 115 (expression -> LAMBDA LPAREN params RPAREN COLON type ARROW expression .)
    LPAREN          reduce using rule 115 (expression -> LAMBDA LPAREN params RPAREN COLON type ARROW expression .)
    NOT             reduce using rule 115 (expression -> LAMBDA LPAREN params RPAREN COLON type ARROW expression .)
    LBRACE          reduce using rule 115 (expression -> LAMBDA LPAREN params RPAREN COLON type ARROW expression .)
    LAMBDA          reduce using rule 115 (expression -> LAMBDA LPAREN params RPAREN COLON type ARROW expression .)
    LET             reduce using rule 115 (expression -> LAMBDA LPAREN params RPAREN COLON type ARROW expression .)
    ID              reduce using rule 115 (expression -> LAMBDA LPAREN params RPAREN COLON type ARROW expression .)
    DISP            reduce using rule 115 (expression -> LAMBDA LPAREN params RPAREN COLON type ARROW expression .)
    ENTRY           reduce using rule 115 (expression -> LAMBDA LPAREN params RPAREN COLON type ARROW expression .)
    IF              reduce using rule 115 (expression -> LAMBDA LPAREN params RPAREN COLON type ARROW expression .)
    WHILE           reduce using rule 115 (expression -> LAMBDA LPAREN params RPAREN COLON type ARROW expression .)
    FUNCTION        reduce using rule 115 (expression -> LAMBDA LPAREN params RPAREN COLON type ARROW expression .)
    FOR             reduce using rule 115 (expression -> LAMBDA LPAREN params RPAREN COLON type ARROW expression .)
    CONT            reduce using rule 115 (expression -> LAMBDA LPAREN params RPAREN COLON type ARROW expression .)
    BREAK           reduce using rule 115 (expression -> LAMBDA LPAREN params RPAREN COLON type ARROW expression .)
    RETURN          reduce using rule 115 (expression -> LAMBDA LPAREN params RPAREN COLON type ARROW expression .)
    TRY             reduce using rule 115 (expression -> LAMBDA LPAREN params RPAREN COLON type ARROW expression .)
    THROW           reduce using rule 115 (expression -> LAMBDA LPAREN params RPAREN COLON type ARROW expression .)
    ASSERT          reduce using rule 115 (expression -> LAMBDA LPAREN params RPAREN COLON type ARROW expression .)
    ASSERT_EQ       reduce using rule 115 (expression -> LAMBDA LPAREN params RPAREN COLON type ARROW expression .)
    ATTEMPT         reduce using rule 115 (expression -> LAMBDA LPAREN params RPAREN COLON type ARROW expression .)
    INT             reduce using rule 115 (expression -> LAMBDA LPAREN params RPAREN COLON type ARROW expression .)
    STR             reduce using rule 115 (expression -> LAMBDA LPAREN params RPAREN COLON type ARROW expression .)
    BOOL            reduce using rule 115 (expression -> LAMBDA LPAREN params RPAREN COLON type ARROW expression .)
    FLOAT           reduce using rule 115 (expression -> LAMBDA LPAREN params RPAREN COLON type ARROW expression .)
    $end            reduce using rule 115 (expression -> LAMBDA LPAREN params RPAREN COLON type ARROW expression .)
    RPAREN          reduce using rule 115 (expression -> LAMBDA LPAREN params RPAREN COLON type ARROW expression .)
    RBRACKET        reduce using rule 115 (expression -> LAMBDA LPAREN params RPAREN COLON type ARROW expression .)
    COMMA           reduce using rule 115 (expression -> LAMBDA LPAREN params RPAREN COLON type ARROW expression .)
    COLON           reduce using rule 115 (expression -> LAMBDA LPAREN params RPAREN COLON type ARROW expression .)
    RBRACE          reduce using rule 115 (expression -> LAMBDA LPAREN params RPAREN COLON type ARROW expression .)
    OK_CHECK        reduce using rule 115 (expression -> LAMBDA LPAREN params RPAREN COLON type ARROW expression .)
    FALLBACK        reduce using rule 115 (expression -> LAMBDA LPAREN params RPAREN COLON type ARROW expression .)
    LBRACKET        shift and go to state 124
    DOT             shift and go to state 55
    ADD             shift and go to state 56
    SUB             shift and go to state 57
    MUL             shift and go to state 58
    DIV             shift and go to state 59
    MOD             shift and go to state 60
    POW             shift and go to state 61
    GT              shift and go to state 62
    LT              shift and go to state 63
    GE              shift and go to state 64
    LE              shift and go to state 65
    EQ              shift and go to state 66
    NE              shift and go to state 67
    AND             shift and go to state 68
    OR              shift and go to state 69

  ! LBRACKET        [ reduce using rule 115 (expression -> LAMBDA LPAREN params RPAREN COLON type ARROW expression .) ]
  ! DOT             [ reduce using rule 115 (expression -> LAMBDA LPAREN params RPAREN COLON type ARROW expression .) ]
  ! ADD             [ reduce using rule 115 (expression -> LAMBDA LPAREN params RPAREN COLON type ARROW expression .) ]
  ! SUB             [ reduce using rule 115 (expression -> LAMBDA LPAREN params RPAREN COLON type ARROW expression .) ]
  ! MUL             [ reduce using rule 115 (expression -> LAMBDA LPAREN params RPAREN COLON type ARROW expression .) ]
  ! DIV             [ reduce using rule 115 (expression -> LAMBDA LPAREN params RPAREN COLON type ARROW expression .) ]
  ! MOD             [ reduce using rule 115 (expression -> LAMBDA LPAREN params RPAREN COLON type ARROW expression .) ]
  ! POW             [ reduce using rule 115 (expression -> LAMBDA LPAREN params RPAREN COLON type ARROW expression .) ]
  ! GT              [ reduce using rule 115 (expression -> LAMBDA LPAREN params RPAREN COLON type ARROW expression .) ]
  ! LT              [ reduce using rule 115 (expression -> LAMBDA LPAREN params RPAREN COLON type ARROW expression .) ]
  ! GE              [ reduce using rule 115 (expression -> LAMBDA LPAREN params RPAREN COLON type ARROW expression .) ]
  ! LE              [ reduce using rule 115 (expression -> LAMBDA LPAREN params RPAREN COLON type ARROW expression .) ]
  ! EQ              [ reduce using rule 115 (expression -> LAMBDA LPAREN params RPAREN COLON type ARROW expression .) ]
  ! NE              [ reduce using rule 115 (expression -> LAMBDA LPAREN params RPAREN COLON type ARROW expression .) ]
  ! AND             [ reduce using rule 115 (expression -> LAMBDA LPAREN params RPAREN COLON type ARROW expression .) ]
  ! OR              [ reduce using rule 115 (expression -> LAMBDA LPAREN params RPAREN COLON type ARROW expression .) ]


state 261

    (84) type_array -> type ARRAY_TYPE LBRACKET INT RBRACKET .

    ASSIGN          reduce using rule 84 (type_array -> type ARRAY_TYPE LBRACKET INT RBRACKET .)
    ARRAY_TYPE      reduce using rule 84 (type_array -> type ARRAY_TYPE LBRACKET INT RBRACKET .)
    LBRACKET        reduce using rule 84 (type_array -> type ARRAY_TYPE LBRACKET INT RBRACKET .)
    RPAREN          reduce using rule 84 (type_array -> type ARRAY_TYPE LBRACKET INT RBRACKET .)
    COMMA           reduce using rule 84 (type_array -> type ARRAY_TYPE LBRACKET INT RBRACKET .)
    RBRACKET        reduce using rule 84 (type_array -> type ARRAY_TYPE LBRACKET INT RBRACKET .)
    ARROW           reduce using rule 84 (type_array -> type ARRAY_TYPE LBRACKET INT RBRACKET .)


state 262

    (86) type_hash -> HASH_TYPE LBRACKET type COMMA type . RBRACKET
    (84) type_array -> type . ARRAY_TYPE LBRACKET INT RBRACKET
    (85) type_array -> type . ARRAY_TYPE

    RBRACKET        shift and go to state 270
    ARRAY_TYPE      shift and go to state 212


state 263

    (39) for_stmt -> FOR LPAREN statement expression SEMICOLON statement RPAREN block .

    LPAREN          reduce using rule 39 (for_stmt -> FOR LPAREN statement expression SEMICOLON statement RPAREN block .)
    NOT             reduce using rule 39 (for_stmt -> FOR LPAREN statement expression SEMICOLON statement RPAREN block .)
    SUB             reduce using rule 39 (for_stmt -> FOR LPAREN statement expression SEMICOLON statement RPAREN block .)
    LBRACKET        reduce using rule 39 (for_stmt -> FOR LPAREN statement expression SEMICOLON statement RPAREN block .)
    LBRACE          reduce using rule 39 (for_stmt -> FOR LPAREN statement expression SEMICOLON statement RPAREN block .)
    LAMBDA          reduce using rule 39 (for_stmt -> FOR LPAREN statement expression SEMICOLON statement RPAREN block .)
    LET             reduce using rule 39 (for_stmt -> FOR LPAREN statement expression SEMICOLON statement RPAREN block .)
    ID              reduce using rule 39 (for_stmt -> FOR LPAREN statement expression SEMICOLON statement RPAREN block .)
    DISP            reduce using rule 39 (for_stmt -> FOR LPAREN statement expression SEMICOLON statement RPAREN block .)
    ENTRY           reduce using rule 39 (for_stmt -> FOR LPAREN statement expression SEMICOLON statement RPAREN block .)
    IF              reduce using rule 39 (for_stmt -> FOR LPAREN statement expression SEMICOLON statement RPAREN block .)
    WHILE           reduce using rule 39 (for_stmt -> FOR LPAREN statement expression SEMICOLON statement RPAREN block .)
    FUNCTION        reduce using rule 39 (for_stmt -> FOR LPAREN statement expression SEMICOLON statement RPAREN block .)
    FOR             reduce using rule 39 (for_stmt -> FOR LPAREN statement expression SEMICOLON statement RPAREN block .)
    CONT            reduce using rule 39 (for_stmt -> FOR LPAREN statement expression SEMICOLON statement RPAREN block .)
    BREAK           reduce using rule 39 (for_stmt -> FOR LPAREN statement expression SEMICOLON statement RPAREN block .)
    RETURN          reduce using rule 39 (for_stmt -> FOR LPAREN statement expression SEMICOLON statement RPAREN block .)
    TRY             reduce using rule 39 (for_stmt -> FOR LPAREN statement expression SEMICOLON statement RPAREN block .)
    THROW           reduce using rule 39 (for_stmt -> FOR LPAREN statement expression SEMICOLON statement RPAREN block .)
    ASSERT          reduce using rule 39 (for_stmt -> FOR LPAREN statement expression SEMICOLON statement RPAREN block .)
    ASSERT_EQ       reduce using rule 39 (for_stmt -> FOR LPAREN statement expression SEMICOLON statement RPAREN block .)
    ATTEMPT         reduce using rule 39 (for_stmt -> FOR LPAREN statement expression SEMICOLON statement RPAREN block .)
    INT             reduce using rule 39 (for_stmt -> FOR LPAREN statement expression SEMICOLON statement RPAREN block .)
    STR             reduce using rule 39 (for_stmt -> FOR LPAREN statement expression SEMICOLON statement RPAREN block .)
    BOOL            reduce using rule 39 (for_stmt -> FOR LPAREN statement expression SEMICOLON statement RPAREN block .)
    FLOAT           reduce using rule 39 (for_stmt -> FOR LPAREN statement expression SEMICOLON statement RPAREN block .)
    $end            reduce using rule 39 (for_stmt -> FOR LPAREN statement expression SEMICOLON statement RPAREN block .)
    RBRACE          reduce using rule 39 (for_stmt -> FOR LPAREN statement expression SEMICOLON statement RPAREN block .)
    OK_CHECK        reduce using rule 39 (for_stmt -> FOR LPAREN statement expression SEMICOLON statement RPAREN block .)
    RPAREN          reduce using rule 39 (for_stmt -> FOR LPAREN statement expression SEMICOLON statement RPAREN block .)
    FALLBACK        reduce using rule 39 (for_stmt -> FOR LPAREN statement expression SEMICOLON statement RPAREN block .)


state 264

    (102) try_ok_stmt -> TRY COLON block OK_CHECK LBRACKET ID COMMA ID . RBRACKET COLON block

    RBRACKET        shift and go to state 271


state 265

    (103) try_ok_stmt -> TRY COLON block OK_CHECK LBRACKET ID RBRACKET COLON . block
    (35) block -> . LBRACE statements RBRACE

    LBRACE          shift and go to state 148

    block                          shift and go to state 272

state 266

    (105) try_ok_stmt -> TRY COLON statements OK_CHECK LBRACKET ID COMMA ID . RBRACKET COLON statements

    RBRACKET        shift and go to state 273


state 267

    (106) try_ok_stmt -> TRY COLON statements OK_CHECK LBRACKET ID RBRACKET COLON . statements
    (21) statements -> . statement
    (22) statements -> . statements statement
    (2) statement -> . expression optional_semicolon
    (3) statement -> . assign_stmt
    (4) statement -> . statement_index_assign
    (5) statement -> . disp_stmt
    (6) statement -> . entry_stmt
    (7) statement -> . If_Else_stmt
    (8) statement -> . while_stmt
    (9) statement -> . block
    (10) statement -> . function_stmt
    (11) statement -> . for_stmt
    (12) statement -> . continue_stmt
    (13) statement -> . break_stmt
    (14) statement -> . return_stmt
    (15) statement -> . call_stmt
    (16) statement -> . try_ok_stmt
    (17) statement -> . throw_stmt
    (18) statement -> . assert_stmt
    (19) statement -> . assert_eq_stmt
    (20) statement -> . attempt_stmt
    (23) statement -> . empty
    (27) expression -> . variable
    (28) expression -> . bin_ops
    (29) expression -> . LPAREN expression RPAREN
    (45) expression -> . NOT expression
    (46) expression -> . SUB expression
    (62) expression -> . call_stmt
    (91) expression -> . LBRACKET args RBRACKET
    (92) expression -> . LBRACKET empty RBRACKET
    (93) expression -> . expression LBRACKET expression RBRACKET
    (95) expression -> . expression DOT ID LPAREN arg_list RPAREN
    (96) expression -> . LBRACE hash_elements RBRACE
    (97) expression -> . LBRACE empty RBRACE
    (115) expression -> . LAMBDA LPAREN params RPAREN COLON type ARROW expression
    (116) expression -> . LAMBDA LPAREN params RPAREN ARROW expression
    (117) expression -> . LAMBDA LPAREN RPAREN ARROW expression
    (88) assign_stmt -> . LET ID COLON type ASSIGN expression optional_semicolon
    (89) assign_stmt -> . LET ID ASSIGN expression optional_semicolon
    (90) assign_stmt -> . ID ASSIGN expression optional_semicolon
    (94) statement_index_assign -> . expression LBRACKET expression RBRACKET ASSIGN expression optional_semicolon
    (24) disp_stmt -> . DISP LPAREN expression RPAREN optional_semicolon
    (25) entry_stmt -> . ENTRY LPAREN expression RPAREN optional_semicolon
    (26) entry_stmt -> . ENTRY optional_semicolon
    (36) If_Else_stmt -> . IF expression block
    (37) If_Else_stmt -> . IF expression block ELSE block
    (38) while_stmt -> . WHILE expression block
    (35) block -> . LBRACE statements RBRACE
    (55) function_stmt -> . FUNCTION ID COLON type param_list COLON block
    (56) function_stmt -> . FUNCTION ID param_list COLON block
    (39) for_stmt -> . FOR LPAREN statement expression SEMICOLON statement RPAREN block
    (40) for_stmt -> . FOR expression block
    (41) continue_stmt -> . CONT optional_semicolon
    (42) break_stmt -> . BREAK optional_semicolon
    (43) return_stmt -> . RETURN expression optional_semicolon
    (44) return_stmt -> . RETURN optional_semicolon
    (61) call_stmt -> . ID LPAREN arg_list RPAREN
    (102) try_ok_stmt -> . TRY COLON block OK_CHECK LBRACKET ID COMMA ID RBRACKET COLON block
    (103) try_ok_stmt -> . TRY COLON block OK_CHECK LBRACKET ID RBRACKET COLON block
    (104) try_ok_stmt -> . TRY COLON block OK_CHECK COLON block
    (105) try_ok_stmt -> . TRY COLON statements OK_CHECK LBRACKET ID COMMA ID RBRACKET COLON statements
    (106) try_ok_stmt -> . TRY COLON statements OK_CHECK LBRACKET ID RBRACKET COLON statements
    (107) try_ok_stmt -> . TRY COLON statements OK_CHECK COLON statements
    (101) throw_stmt -> . THROW expression optional_semicolon
    (108) assert_stmt -> . ASSERT expression COMMA expression optional_semicolon
    (109) assert_stmt -> . ASSERT expression optional_semicolon
    (110) assert_eq_stmt -> . ASSERT_EQ expression COMMA expression optional_semicolon
    (111) attempt_stmt -> . ATTEMPT LPAREN expression RPAREN COLON block FALLBACK COLON block
    (112) attempt_stmt -> . ATTEMPT LPAREN expression RPAREN COLON block
    (113) attempt_stmt -> . ATTEMPT LPAREN expression RPAREN COLON statements FALLBACK COLON statements
    (114) attempt_stmt -> . ATTEMPT LPAREN expression RPAREN COLON statements
    (118) empty -> .
    (30) variable -> . INT
    (31) variable -> . STR
    (32) variable -> . BOOL
    (33) variable -> . ID
    (34) variable -> . FLOAT
    (63) bin_ops -> . expression ADD expression
    (64) bin_ops -> . expression SUB expression
    (65) bin_ops -> . expression MUL expression
    (66) bin_ops -> . expression DIV expression
    (67) bin_ops -> . expression MOD expression
    (68) bin_ops -> . expression POW expression
    (69) bin_ops -> . expression GT expression
    (70) bin_ops -> . expression LT expression
    (71) bin_ops -> . expression GE expression
    (72) bin_ops -> . expression LE expression
    (73) bin_ops -> . expression EQ expression
    (74) bin_ops -> . expression NE expression
    (75) bin_ops -> . expression AND expression
    (76) bin_ops -> . expression OR expression

  ! shift/reduce conflict for LPAREN resolved as shift
  ! shift/reduce conflict for NOT resolved as shift
  ! shift/reduce conflict for SUB resolved as shift
  ! shift/reduce conflict for LBRACKET resolved as shift
  ! shift/reduce conflict for LBRACE resolved as shift
  ! shift/reduce conflict for LAMBDA resolved as shift
  ! shift/reduce conflict for LET resolved as shift
  ! shift/reduce conflict for ID resolved as shift
  ! shift/reduce conflict for DISP resolved as shift
  ! shift/reduce conflict for ENTRY resolved as shift
  ! shift/reduce conflict for IF resolved as shift
  ! shift/reduce conflict for WHILE resolved as shift
  ! shift/reduce conflict for FUNCTION resolved as shift
  ! shift/reduce conflict for FOR resolved as shift
  ! shift/reduce conflict for CONT resolved as shift
  ! shift/reduce conflict for BREAK resolved as shift
  ! shift/reduce conflict for RETURN resolved as shift
  ! shift/reduce conflict for TRY resolved as shift
  ! shift/reduce conflict for THROW resolved as shift
  ! shift/reduce conflict for ASSERT resolved as shift
  ! shift/reduce conflict for ASSERT_EQ resolved as shift
  ! shift/reduce conflict for ATTEMPT resolved as shift
  ! shift/reduce conflict for INT resolved as shift
  ! shift/reduce conflict for STR resolved as shift
  ! shift/reduce conflict for BOOL resolved as shift
  ! shift/reduce conflict for FLOAT resolved as shift
    LPAREN          shift and go to state 26
    NOT             shift and go to state 27
    SUB             shift and go to state 28
    LBRACKET        shift and go to state 29
    LBRACE          shift and go to state 31
    LAMBDA          shift and go to state 32
    LET             shift and go to state 33
    ID              shift and go to state 30
    DISP            shift and go to state 34
    ENTRY           shift and go to state 35
    IF              shift and go to state 36
    WHILE           shift and go to state 37
    FUNCTION        shift and go to state 38
    FOR             shift and go to state 39
    CONT            shift and go to state 40
    BREAK           shift and go to state 41
    RETURN          shift and go to state 42
    TRY             shift and go to state 43
    THROW           shift and go to state 44
    ASSERT          shift and go to state 45
    ASSERT_EQ       shift and go to state 46
    ATTEMPT         shift and go to state 47
    $end            reduce using rule 118 (empty -> .)
    RBRACE          reduce using rule 118 (empty -> .)
    OK_CHECK        reduce using rule 118 (empty -> .)
    RPAREN          reduce using rule 118 (empty -> .)
    FALLBACK        reduce using rule 118 (empty -> .)
    INT             shift and go to state 48
    STR             shift and go to state 49
    BOOL            shift and go to state 50
    FLOAT           shift and go to state 51

  ! LPAREN          [ reduce using rule 118 (empty -> .) ]
  ! NOT             [ reduce using rule 118 (empty -> .) ]
  ! SUB             [ reduce using rule 118 (empty -> .) ]
  ! LBRACKET        [ reduce using rule 118 (empty -> .) ]
  ! LBRACE          [ reduce using rule 118 (empty -> .) ]
  ! LAMBDA          [ reduce using rule 118 (empty -> .) ]
  ! LET             [ reduce using rule 118 (empty -> .) ]
  ! ID              [ reduce using rule 118 (empty -> .) ]
  ! DISP            [ reduce using rule 118 (empty -> .) ]
  ! ENTRY           [ reduce using rule 118 (empty -> .) ]
  ! IF              [ reduce using rule 118 (empty -> .) ]
  ! WHILE           [ reduce using rule 118 (empty -> .) ]
  ! FUNCTION        [ reduce using rule 118 (empty -> .) ]
  ! FOR             [ reduce using rule 118 (empty -> .) ]
  ! CONT            [ reduce using rule 118 (empty -> .) ]
  ! BREAK           [ reduce using rule 118 (empty -> .) ]
  ! RETURN          [ reduce using rule 118 (empty -> .) ]
  ! TRY             [ reduce using rule 118 (empty -> .) ]
  ! THROW           [ reduce using rule 118 (empty -> .) ]
  ! ASSERT          [ reduce using rule 118 (empty -> .) ]
  ! ASSERT_EQ       [ reduce using rule 118 (empty -> .) ]
  ! ATTEMPT         [ reduce using rule 118 (empty -> .) ]
  ! INT             [ reduce using rule 118 (empty -> .) ]
  ! STR             [ reduce using rule 118 (empty -> .) ]
  ! BOOL            [ reduce using rule 118 (empty -> .) ]
  ! FLOAT           [ reduce using rule 118 (empty -> .) ]

    statements                     shift and go to state 274
    statement                      shift and go to state 3
    expression                     shift and go to state 4
    assign_stmt                    shift and go to state 5
    statement_index_assign         shift and go to state 6
    disp_stmt                      shift and go to state 7
    entry_stmt                     shift and go to state 8
    If_Else_stmt                   shift and go to state 9
    while_stmt                     shift and go to state 10
    block                          shift and go to state 11
    function_stmt                  shift and go to state 12
    for_stmt                       shift and go to state 13
    continue_stmt                  shift and go to state 14
    break_stmt                     shift and go to state 15
    return_stmt                    shift and go to state 16
    call_stmt                      shift and go to state 17
    try_ok_stmt                    shift and go to state 18
    throw_stmt                     shift and go to state 19
    assert_stmt                    shift and go to state 20
    assert_eq_stmt                 shift and go to state 21
    attempt_stmt                   shift and go to state 22
    empty                          shift and go to state 23
    variable                       shift and go to state 24
    bin_ops                        shift and go to state 25

state 268

    (111) attempt_stmt -> ATTEMPT LPAREN expression RPAREN COLON block FALLBACK COLON . block
    (35) block -> . LBRACE statements RBRACE

    LBRACE          shift and go to state 148

    block                          shift and go to state 275

state 269

    (113) attempt_stmt -> ATTEMPT LPAREN expression RPAREN COLON statements FALLBACK COLON . statements
    (21) statements -> . statement
    (22) statements -> . statements statement
    (2) statement -> . expression optional_semicolon
    (3) statement -> . assign_stmt
    (4) statement -> . statement_index_assign
    (5) statement -> . disp_stmt
    (6) statement -> . entry_stmt
    (7) statement -> . If_Else_stmt
    (8) statement -> . while_stmt
    (9) statement -> . block
    (10) statement -> . function_stmt
    (11) statement -> . for_stmt
    (12) statement -> . continue_stmt
    (13) statement -> . break_stmt
    (14) statement -> . return_stmt
    (15) statement -> . call_stmt
    (16) statement -> . try_ok_stmt
    (17) statement -> . throw_stmt
    (18) statement -> . assert_stmt
    (19) statement -> . assert_eq_stmt
    (20) statement -> . attempt_stmt
    (23) statement -> . empty
    (27) expression -> . variable
    (28) expression -> . bin_ops
    (29) expression -> . LPAREN expression RPAREN
    (45) expression -> . NOT expression
    (46) expression -> . SUB expression
    (62) expression -> . call_stmt
    (91) expression -> . LBRACKET args RBRACKET
    (92) expression -> . LBRACKET empty RBRACKET
    (93) expression -> . expression LBRACKET expression RBRACKET
    (95) expression -> . expression DOT ID LPAREN arg_list RPAREN
    (96) expression -> . LBRACE hash_elements RBRACE
    (97) expression -> . LBRACE empty RBRACE
    (115) expression -> . LAMBDA LPAREN params RPAREN COLON type ARROW expression
    (116) expression -> . LAMBDA LPAREN params RPAREN ARROW expression
    (117) expression -> . LAMBDA LPAREN RPAREN ARROW expression
    (88) assign_stmt -> . LET ID COLON type ASSIGN expression optional_semicolon
    (89) assign_stmt -> . LET ID ASSIGN expression optional_semicolon
    (90) assign_stmt -> . ID ASSIGN expression optional_semicolon
    (94) statement_index_assign -> . expression LBRACKET expression RBRACKET ASSIGN expression optional_semicolon
    (24) disp_stmt -> . DISP LPAREN expression RPAREN optional_semicolon
    (25) entry_stmt -> . ENTRY LPAREN expression RPAREN optional_semicolon
    (26) entry_stmt -> . ENTRY optional_semicolon
    (36) If_Else_stmt -> . IF expression block
    (37) If_Else_stmt -> . IF expression block ELSE block
    (38) while_stmt -> . WHILE expression block
    (35) block -> . LBRACE statements RBRACE
    (55) function_stmt -> . FUNCTION ID COLON type param_list COLON block
    (56) function_stmt -> . FUNCTION ID param_list COLON block
    (39) for_stmt -> . FOR LPAREN statement expression SEMICOLON statement RPAREN block
    (40) for_stmt -> . FOR expression block
    (41) continue_stmt -> . CONT optional_semicolon
    (42) break_stmt -> . BREAK optional_semicolon
    (43) return_stmt -> . RETURN expression optional_semicolon
    (44) return_stmt -> . RETURN optional_semicolon
    (61) call_stmt -> . ID LPAREN arg_list RPAREN
    (102) try_ok_stmt -> . TRY COLON block OK_CHECK LBRACKET ID COMMA ID RBRACKET COLON block
    (103) try_ok_stmt -> . TRY COLON block OK_CHECK LBRACKET ID RBRACKET COLON block
    (104) try_ok_stmt -> . TRY COLON block OK_CHECK COLON block
    (105) try_ok_stmt -> . TRY COLON statements OK_CHECK LBRACKET ID COMMA ID RBRACKET COLON statements
    (106) try_ok_stmt -> . TRY COLON statements OK_CHECK LBRACKET ID RBRACKET COLON statements
    (107) try_ok_stmt -> . TRY COLON statements OK_CHECK COLON statements
    (101) throw_stmt -> . THROW expression optional_semicolon
    (108) assert_stmt -> . ASSERT expression COMMA expression optional_semicolon
    (109) assert_stmt -> . ASSERT expression optional_semicolon
    (110) assert_eq_stmt -> . ASSERT_EQ expression COMMA expression optional_semicolon
    (111) attempt_stmt -> . ATTEMPT LPAREN expression RPAREN COLON block FALLBACK COLON block
    (112) attempt_stmt -> . ATTEMPT LPAREN expression RPAREN COLON block
    (113) attempt_stmt -> . ATTEMPT LPAREN expression RPAREN COLON statements FALLBACK COLON statements
    (114) attempt_stmt -> . ATTEMPT LPAREN expression RPAREN COLON statements
    (118) empty -> .
    (30) variable -> . INT
    (31) variable -> . STR
    (32) variable -> . BOOL
    (33) variable -> . ID
    (34) variable -> . FLOAT
    (63) bin_ops -> . expression ADD expression
    (64) bin_ops -> . expression SUB expression
    (65) bin_ops -> . expression MUL expression
    (66) bin_ops -> . expression DIV expression
    (67) bin_ops -> . expression MOD expression
    (68) bin_ops -> . expression POW expression
    (69) bin_ops -> . expression GT expression
    (70) bin_ops -> . expression LT expression
    (71) bin_ops -> . expression GE expression
    (72) bin_ops -> . expression LE expression
    (73) bin_ops -> . expression EQ expression
    (74) bin_ops -> . expression NE expression
    (75) bin_ops -> . expression AND expression
    (76) bin_ops -> . expression OR expression

  ! shift/reduce conflict for LPAREN resolved as shift
  ! shift/reduce conflict for NOT resolved as shift
  ! shift/reduce conflict for SUB resolved as shift
  ! shift/reduce conflict for LBRACKET resolved as shift
  ! shift/reduce conflict for LBRACE resolved as shift
  ! shift/reduce conflict for LAMBDA resolved as shift
  ! shift/reduce conflict for LET resolved as shift
  ! shift/reduce conflict for ID resolved as shift
  ! shift/reduce conflict for DISP resolved as shift
  ! shift/reduce conflict for ENTRY resolved as shift
  ! shift/reduce conflict for IF resolved as shift
  ! shift/reduce conflict for WHILE resolved as shift
  ! shift/reduce conflict for FUNCTION resolved as shift
  ! shift/reduce conflict for FOR resolved as shift
  ! shift/reduce conflict for CONT resolved as shift
  ! shift/reduce conflict for BREAK resolved as shift
  ! shift/reduce conflict for RETURN resolved as shift
  ! shift/reduce conflict for TRY resolved as shift
  ! shift/reduce conflict for THROW resolved as shift
  ! shift/reduce conflict for ASSERT resolved as shift
  ! shift/reduce conflict for ASSERT_EQ resolved as shift
  ! shift/reduce conflict for ATTEMPT resolved as shift
  ! shift/reduce conflict for INT resolved as shift
  ! shift/reduce conflict for STR resolved as shift
  ! shift/reduce conflict for BOOL resolved as shift
  ! shift/reduce conflict for FLOAT resolved as shift
    LPAREN          shift and go to state 26
    NOT             shift and go to state 27
    SUB             shift and go to state 28
    LBRACKET        shift and go to state 29
    LBRACE          shift and go to state 31
    LAMBDA          shift and go to state 32
    LET             shift and go to state 33
    ID              shift and go to state 30
    DISP            shift and go to state 34
    ENTRY           shift and go to state 35
    IF              shift and go to state 36
    WHILE           shift and go to state 37
    FUNCTION        shift and go to state 38
    FOR             shift and go to state 39
    CONT            shift and go to state 40
    BREAK           shift and go to state 41
    RETURN          shift and go to state 42
    TRY             shift and go to state 43
    THROW           shift and go to state 44
    ASSERT          shift and go to state 45
    ASSERT_EQ       shift and go to state 46
    ATTEMPT         shift and go to state 47
    $end            reduce using rule 118 (empty -> .)
    RBRACE          reduce using rule 118 (empty -> .)
    OK_CHECK        reduce using rule 118 (empty -> .)
    RPAREN          reduce using rule 118 (empty -> .)
    FALLBACK        reduce using rule 118 (empty -> .)
    INT             shift and go to state 48
    STR             shift and go to state 49
    BOOL            shift and go to state 50
    FLOAT           shift and go to state 51

  ! LPAREN          [ reduce using rule 118 (empty -> .) ]
  ! NOT             [ reduce using rule 118 (empty -> .) ]
  ! SUB             [ reduce using rule 118 (empty -> .) ]
  ! LBRACKET        [ reduce using rule 118 (empty -> .) ]
  ! LBRACE          [ reduce using rule 118 (empty -> .) ]
  ! LAMBDA          [ reduce using rule 118 (empty -> .) ]
  ! LET             [ reduce using rule 118 (empty -> .) ]
  ! ID              [ reduce using rule 118 (empty -> .) ]
  ! DISP            [ reduce using rule 118 (empty -> .) ]
  ! ENTRY           [ reduce using rule 118 (empty -> .) ]
  ! IF              [ reduce using rule 118 (empty -> .) ]
  ! WHILE           [ reduce using rule 118 (empty -> .) ]
  ! FUNCTION        [ reduce using rule 118 (empty -> .) ]
  ! FOR             [ reduce using rule 118 (empty -> .) ]
  ! CONT            [ reduce using rule 118 (empty -> .) ]
  ! BREAK           [ reduce using rule 118 (empty -> .) ]
  ! RETURN          [ reduce using rule 118 (empty -> .) ]
  ! TRY             [ reduce using rule 118 (empty -> .) ]
  ! THROW           [ reduce using rule 118 (empty -> .) ]
  ! ASSERT          [ reduce using rule 118 (empty -> .) ]
  ! ASSERT_EQ       [ reduce using rule 118 (empty -> .) ]
  ! ATTEMPT         [ reduce using rule 118 (empty -> .) ]
  ! INT             [ reduce using rule 118 (empty -> .) ]
  ! STR             [ reduce using rule 118 (empty -> .) ]
  ! BOOL            [ reduce using rule 118 (empty -> .) ]
  ! FLOAT           [ reduce using rule 118 (empty -> .) ]

    expression                     shift and go to state 4
    statements                     shift and go to state 276
    statement                      shift and go to state 3
    assign_stmt                    shift and go to state 5
    statement_index_assign         shift and go to state 6
    disp_stmt                      shift and go to state 7
    entry_stmt                     shift and go to state 8
    If_Else_stmt                   shift and go to state 9
    while_stmt                     shift and go to state 10
    block                          shift and go to state 11
    function_stmt                  shift and go to state 12
    for_stmt                       shift and go to state 13
    continue_stmt                  shift and go to state 14
    break_stmt                     shift and go to state 15
    return_stmt                    shift and go to state 16
    call_stmt                      shift and go to state 17
    try_ok_stmt                    shift and go to state 18
    throw_stmt                     shift and go to state 19
    assert_stmt                    shift and go to state 20
    assert_eq_stmt                 shift and go to state 21
    attempt_stmt                   shift and go to state 22
    empty                          shift and go to state 23
    variable                       shift and go to state 24
    bin_ops                        shift and go to state 25

state 270

    (86) type_hash -> HASH_TYPE LBRACKET type COMMA type RBRACKET .

    ASSIGN          reduce using rule 86 (type_hash -> HASH_TYPE LBRACKET type COMMA type RBRACKET .)
    ARRAY_TYPE      reduce using rule 86 (type_hash -> HASH_TYPE LBRACKET type COMMA type RBRACKET .)
    LBRACKET        reduce using rule 86 (type_hash -> HASH_TYPE LBRACKET type COMMA type RBRACKET .)
    RPAREN          reduce using rule 86 (type_hash -> HASH_TYPE LBRACKET type COMMA type RBRACKET .)
    COMMA           reduce using rule 86 (type_hash -> HASH_TYPE LBRACKET type COMMA type RBRACKET .)
    RBRACKET        reduce using rule 86 (type_hash -> HASH_TYPE LBRACKET type COMMA type RBRACKET .)
    ARROW           reduce using rule 86 (type_hash -> HASH_TYPE LBRACKET type COMMA type RBRACKET .)


state 271

    (102) try_ok_stmt -> TRY COLON block OK_CHECK LBRACKET ID COMMA ID RBRACKET . COLON block

    COLON           shift and go to state 277


state 272

    (103) try_ok_stmt -> TRY COLON block OK_CHECK LBRACKET ID RBRACKET COLON block .

    LPAREN          reduce using rule 103 (try_ok_stmt -> TRY COLON block OK_CHECK LBRACKET ID RBRACKET COLON block .)
    NOT             reduce using rule 103 (try_ok_stmt -> TRY COLON block OK_CHECK LBRACKET ID RBRACKET COLON block .)
    SUB             reduce using rule 103 (try_ok_stmt -> TRY COLON block OK_CHECK LBRACKET ID RBRACKET COLON block .)
    LBRACKET        reduce using rule 103 (try_ok_stmt -> TRY COLON block OK_CHECK LBRACKET ID RBRACKET COLON block .)
    LBRACE          reduce using rule 103 (try_ok_stmt -> TRY COLON block OK_CHECK LBRACKET ID RBRACKET COLON block .)
    LAMBDA          reduce using rule 103 (try_ok_stmt -> TRY COLON block OK_CHECK LBRACKET ID RBRACKET COLON block .)
    LET             reduce using rule 103 (try_ok_stmt -> TRY COLON block OK_CHECK LBRACKET ID RBRACKET COLON block .)
    ID              reduce using rule 103 (try_ok_stmt -> TRY COLON block OK_CHECK LBRACKET ID RBRACKET COLON block .)
    DISP            reduce using rule 103 (try_ok_stmt -> TRY COLON block OK_CHECK LBRACKET ID RBRACKET COLON block .)
    ENTRY           reduce using rule 103 (try_ok_stmt -> TRY COLON block OK_CHECK LBRACKET ID RBRACKET COLON block .)
    IF              reduce using rule 103 (try_ok_stmt -> TRY COLON block OK_CHECK LBRACKET ID RBRACKET COLON block .)
    WHILE           reduce using rule 103 (try_ok_stmt -> TRY COLON block OK_CHECK LBRACKET ID RBRACKET COLON block .)
    FUNCTION        reduce using rule 103 (try_ok_stmt -> TRY COLON block OK_CHECK LBRACKET ID RBRACKET COLON block .)
    FOR             reduce using rule 103 (try_ok_stmt -> TRY COLON block OK_CHECK LBRACKET ID RBRACKET COLON block .)
    CONT            reduce using rule 103 (try_ok_stmt -> TRY COLON block OK_CHECK LBRACKET ID RBRACKET COLON block .)
    BREAK           reduce using rule 103 (try_ok_stmt -> TRY COLON block OK_CHECK LBRACKET ID RBRACKET COLON block .)
    RETURN          reduce using rule 103 (try_ok_stmt -> TRY COLON block OK_CHECK LBRACKET ID RBRACKET COLON block .)
    TRY             reduce using rule 103 (try_ok_stmt -> TRY COLON block OK_CHECK LBRACKET ID RBRACKET COLON block .)
    THROW           reduce using rule 103 (try_ok_stmt -> TRY COLON block OK_CHECK LBRACKET ID RBRACKET COLON block .)
    ASSERT          reduce using rule 103 (try_ok_stmt -> TRY COLON block OK_CHECK LBRACKET ID RBRACKET COLON block .)
    ASSERT_EQ       reduce using rule 103 (try_ok_stmt -> TRY COLON block OK_CHECK LBRACKET ID RBRACKET COLON block .)
    ATTEMPT         reduce using rule 103 (try_ok_stmt -> TRY COLON block OK_CHECK LBRACKET ID RBRACKET COLON block .)
    INT             reduce using rule 103 (try_ok_stmt -> TRY COLON block OK_CHECK LBRACKET ID RBRACKET COLON block .)
    STR             reduce using rule 103 (try_ok_stmt -> TRY COLON block OK_CHECK LBRACKET ID RBRACKET COLON block .)
    BOOL            reduce using rule 103 (try_ok_stmt -> TRY COLON block OK_CHECK LBRACKET ID RBRACKET COLON block .)
    FLOAT           reduce using rule 103 (try_ok_stmt -> TRY COLON block OK_CHECK LBRACKET ID RBRACKET COLON block .)
    $end            reduce using rule 103 (try_ok_stmt -> TRY COLON block OK_CHECK LBRACKET ID RBRACKET COLON block .)
    RBRACE          reduce using rule 103 (try_ok_stmt -> TRY COLON block OK_CHECK LBRACKET ID RBRACKET COLON block .)
    OK_CHECK        reduce using rule 103 (try_ok_stmt -> TRY COLON block OK_CHECK LBRACKET ID RBRACKET COLON block .)
    RPAREN          reduce using rule 103 (try_ok_stmt -> TRY COLON block OK_CHECK LBRACKET ID RBRACKET COLON block .)
    FALLBACK        reduce using rule 103 (try_ok_stmt -> TRY COLON block OK_CHECK LBRACKET ID RBRACKET COLON block .)


state 273

    (105) try_ok_stmt -> TRY COLON statements OK_CHECK LBRACKET ID COMMA ID RBRACKET . COLON statements

    COLON           shift and go to state 278


state 274

    (106) try_ok_stmt -> TRY COLON statements OK_CHECK LBRACKET ID RBRACKET COLON statements .
    (22) statements -> statements . statement
    (2) statement -> . expression optional_semicolon
    (3) statement -> . assign_stmt
    (4) statement -> . statement_index_assign
    (5) statement -> . disp_stmt
    (6) statement -> . entry_stmt
    (7) statement -> . If_Else_stmt
    (8) statement -> . while_stmt
    (9) statement -> . block
    (10) statement -> . function_stmt
    (11) statement -> . for_stmt
    (12) statement -> . continue_stmt
    (13) statement -> . break_stmt
    (14) statement -> . return_stmt
    (15) statement -> . call_stmt
    (16) statement -> . try_ok_stmt
    (17) statement -> . throw_stmt
    (18) statement -> . assert_stmt
    (19) statement -> . assert_eq_stmt
    (20) statement -> . attempt_stmt
    (23) statement -> . empty
    (27) expression -> . variable
    (28) expression -> . bin_ops
    (29) expression -> . LPAREN expression RPAREN
    (45) expression -> . NOT expression
    (46) expression -> . SUB expression
    (62) expression -> . call_stmt
    (91) expression -> . LBRACKET args RBRACKET
    (92) expression -> . LBRACKET empty RBRACKET
    (93) expression -> . expression LBRACKET expression RBRACKET
    (95) expression -> . expression DOT ID LPAREN arg_list RPAREN
    (96) expression -> . LBRACE hash_elements RBRACE
    (97) expression -> . LBRACE empty RBRACE
    (115) expression -> . LAMBDA LPAREN params RPAREN COLON type ARROW expression
    (116) expression -> . LAMBDA LPAREN params RPAREN ARROW expression
    (117) expression -> . LAMBDA LPAREN RPAREN ARROW expression
    (88) assign_stmt -> . LET ID COLON type ASSIGN expression optional_semicolon
    (89) assign_stmt -> . LET ID ASSIGN expression optional_semicolon
    (90) assign_stmt -> . ID ASSIGN expression optional_semicolon
    (94) statement_index_assign -> . expression LBRACKET expression RBRACKET ASSIGN expression optional_semicolon
    (24) disp_stmt -> . DISP LPAREN expression RPAREN optional_semicolon
    (25) entry_stmt -> . ENTRY LPAREN expression RPAREN optional_semicolon
    (26) entry_stmt -> . ENTRY optional_semicolon
    (36) If_Else_stmt -> . IF expression block
    (37) If_Else_stmt -> . IF expression block ELSE block
    (38) while_stmt -> . WHILE expression block
    (35) block -> . LBRACE statements RBRACE
    (55) function_stmt -> . FUNCTION ID COLON type param_list COLON block
    (56) function_stmt -> . FUNCTION ID param_list COLON block
    (39) for_stmt -> . FOR LPAREN statement expression SEMICOLON statement RPAREN block
    (40) for_stmt -> . FOR expression block
    (41) continue_stmt -> . CONT optional_semicolon
    (42) break_stmt -> . BREAK optional_semicolon
    (43) return_stmt -> . RETURN expression optional_semicolon
    (44) return_stmt -> . RETURN optional_semicolon
    (61) call_stmt -> . ID LPAREN arg_list RPAREN
    (102) try_ok_stmt -> . TRY COLON block OK_CHECK LBRACKET ID COMMA ID RBRACKET COLON block
    (103) try_ok_stmt -> . TRY COLON block OK_CHECK LBRACKET ID RBRACKET COLON block
    (104) try_ok_stmt -> . TRY COLON block OK_CHECK COLON block
    (105) try_ok_stmt -> . TRY COLON statements OK_CHECK LBRACKET ID COMMA ID RBRACKET COLON statements
    (106) try_ok_stmt -> . TRY COLON statements OK_CHECK LBRACKET ID RBRACKET COLON statements
    (107) try_ok_stmt -> . TRY COLON statements OK_CHECK COLON statements
    (101) throw_stmt -> . THROW expression optional_semicolon
    (108) assert_stmt -> . ASSERT expression COMMA expression optional_semicolon
    (109) assert_stmt -> . ASSERT expression optional_semicolon
    (110) assert_eq_stmt -> . ASSERT_EQ expression COMMA expression optional_semicolon
    (111) attempt_stmt -> . ATTEMPT LPAREN expression RPAREN COLON block FALLBACK COLON block
    (112) attempt_stmt -> . ATTEMPT LPAREN expression RPAREN COLON block
    (113) attempt_stmt -> . ATTEMPT LPAREN expression RPAREN COLON statements FALLBACK COLON statements
    (114) attempt_stmt -> . ATTEMPT LPAREN expression RPAREN COLON statements
    (118) empty -> .
    (30) variable -> . INT
    (31) variable -> . STR
    (32) variable -> . BOOL
    (33) variable -> . ID
    (34) variable -> . FLOAT
    (63) bin_ops -> . expression ADD expression
    (64) bin_ops -> . expression SUB expression
    (65) bin_ops -> . expression MUL expression
    (66) bin_ops -> . expression DIV expression
    (67) bin_ops -> . expression MOD expression
    (68) bin_ops -> . expression POW expression
    (69) bin_ops -> . expression GT expression
    (70) bin_ops -> . expression LT expression
    (71) bin_ops -> . expression GE expression
    (72) bin_ops -> . expression LE expression
    (73) bin_ops -> . expression EQ expression
    (74) bin_ops -> . expression NE expression
    (75) bin_ops -> . expression AND expression
    (76) bin_ops -> . expression OR expression

  ! shift/reduce conflict for LPAREN resolved as shift
  ! shift/reduce conflict for NOT resolved as shift
  ! shift/reduce conflict for SUB resolved as shift
  ! shift/reduce conflict for LBRACKET resolved as shift
  ! shift/reduce conflict for LBRACE resolved as shift
  ! shift/reduce conflict for LAMBDA resolved as shift
  ! shift/reduce conflict for LET resolved as shift
  ! shift/reduce conflict for ID resolved as shift
  ! shift/reduce conflict for DISP resolved as shift
  ! shift/reduce conflict for ENTRY resolved as shift
  ! shift/reduce conflict for IF resolved as shift
  ! shift/reduce conflict for WHILE resolved as shift
  ! shift/reduce conflict for FUNCTION resolved as shift
  ! shift/reduce conflict for FOR resolved as shift
  ! shift/reduce conflict for CONT resolved as shift
  ! shift/reduce conflict for BREAK resolved as shift
  ! shift/reduce conflict for RETURN resolved as shift
  ! shift/reduce conflict for TRY resolved as shift
  ! shift/reduce conflict for THROW resolved as shift
  ! shift/reduce conflict for ASSERT resolved as shift
  ! shift/reduce conflict for ASSERT_EQ resolved as shift
  ! shift/reduce conflict for ATTEMPT resolved as shift
  ! shift/reduce conflict for LPAREN resolved as shift
  ! shift/reduce conflict for NOT resolved as shift
  ! shift/reduce conflict for SUB resolved as shift
  ! shift/reduce conflict for LBRACKET resolved as shift
  ! shift/reduce conflict for LBRACE resolved as shift
  ! shift/reduce conflict for LAMBDA resolved as shift
  ! shift/reduce conflict for LET resolved as shift
  ! shift/reduce conflict for ID resolved as shift
  ! shift/reduce conflict for DISP resolved as shift
  ! shift/reduce conflict for ENTRY resolved as shift
  ! shift/reduce conflict for IF resolved as shift
  ! shift/reduce conflict for WHILE resolved as shift
  ! shift/reduce conflict for FUNCTION resolved as shift
  ! shift/reduce conflict for FOR resolved as shift
  ! shift/reduce conflict for CONT resolved as shift
  ! shift/reduce conflict for BREAK resolved as shift
  ! shift/reduce conflict for RETURN resolved as shift
  ! shift/reduce conflict for TRY resolved as shift
  ! shift/reduce conflict for THROW resolved as shift
  ! shift/reduce conflict for ASSERT resolved as shift
  ! shift/reduce conflict for ASSERT_EQ resolved as shift
  ! shift/reduce conflict for ATTEMPT resolved as shift
  ! reduce/reduce conflict for INT resolved using rule 106 (try_ok_stmt -> TRY COLON statements OK_CHECK LBRACKET ID RBRACKET COLON statements .)
  ! reduce/reduce conflict for STR resolved using rule 106 (try_ok_stmt -> TRY COLON statements OK_CHECK LBRACKET ID RBRACKET COLON statements .)
  ! reduce/reduce conflict for BOOL resolved using rule 106 (try_ok_stmt -> TRY COLON statements OK_CHECK LBRACKET ID RBRACKET COLON statements .)
  ! reduce/reduce conflict for FLOAT resolved using rule 106 (try_ok_stmt -> TRY COLON statements OK_CHECK LBRACKET ID RBRACKET COLON statements .)
  ! reduce/reduce conflict for $end resolved using rule 106 (try_ok_stmt -> TRY COLON statements OK_CHECK LBRACKET ID RBRACKET COLON statements .)
  ! reduce/reduce conflict for RBRACE resolved using rule 106 (try_ok_stmt -> TRY COLON statements OK_CHECK LBRACKET ID RBRACKET COLON statements .)
  ! reduce/reduce conflict for OK_CHECK resolved using rule 106 (try_ok_stmt -> TRY COLON statements OK_CHECK LBRACKET ID RBRACKET COLON statements .)
  ! reduce/reduce conflict for RPAREN resolved using rule 106 (try_ok_stmt -> TRY COLON statements OK_CHECK LBRACKET ID RBRACKET COLON statements .)
  ! reduce/reduce conflict for FALLBACK resolved using rule 106 (try_ok_stmt -> TRY COLON statements OK_CHECK LBRACKET ID RBRACKET COLON statements .)
  ! shift/reduce conflict for INT resolved as shift
  ! shift/reduce conflict for STR resolved as shift
  ! shift/reduce conflict for BOOL resolved as shift
  ! shift/reduce conflict for FLOAT resolved as shift
    $end            reduce using rule 106 (try_ok_stmt -> TRY COLON statements OK_CHECK LBRACKET ID RBRACKET COLON statements .)
    RBRACE          reduce using rule 106 (try_ok_stmt -> TRY COLON statements OK_CHECK LBRACKET ID RBRACKET COLON statements .)
    OK_CHECK        reduce using rule 106 (try_ok_stmt -> TRY COLON statements OK_CHECK LBRACKET ID RBRACKET COLON statements .)
    RPAREN          reduce using rule 106 (try_ok_stmt -> TRY COLON statements OK_CHECK LBRACKET ID RBRACKET COLON statements .)
    FALLBACK        reduce using rule 106 (try_ok_stmt -> TRY COLON statements OK_CHECK LBRACKET ID RBRACKET COLON statements .)
    LPAREN          shift and go to state 26
    NOT             shift and go to state 27
    SUB             shift and go to state 28
    LBRACKET        shift and go to state 29
    LBRACE          shift and go to state 31
    LAMBDA          shift and go to state 32
    LET             shift and go to state 33
    ID              shift and go to state 30
    DISP            shift and go to state 34
    ENTRY           shift and go to state 35
    IF              shift and go to state 36
    WHILE           shift and go to state 37
    FUNCTION        shift and go to state 38
    FOR             shift and go to state 39
    CONT            shift and go to state 40
    BREAK           shift and go to state 41
    RETURN          shift and go to state 42
    TRY             shift and go to state 43
    THROW           shift and go to state 44
    ASSERT          shift and go to state 45
    ASSERT_EQ       shift and go to state 46
    ATTEMPT         shift and go to state 47
    INT             shift and go to state 48
    STR             shift and go to state 49
    BOOL            shift and go to state 50
    FLOAT           shift and go to state 51

  ! LPAREN          [ reduce using rule 106 (try_ok_stmt -> TRY COLON statements OK_CHECK LBRACKET ID RBRACKET COLON statements .) ]
  ! NOT             [ reduce using rule 106 (try_ok_stmt -> TRY COLON statements OK_CHECK LBRACKET ID RBRACKET COLON statements .) ]
  ! SUB             [ reduce using rule 106 (try_ok_stmt -> TRY COLON statements OK_CHECK LBRACKET ID RBRACKET COLON statements .) ]
  ! LBRACKET        [ reduce using rule 106 (try_ok_stmt -> TRY COLON statements OK_CHECK LBRACKET ID RBRACKET COLON statements .) ]
  ! LBRACE          [ reduce using rule 106 (try_ok_stmt -> TRY COLON statements OK_CHECK LBRACKET ID RBRACKET COLON statements .) ]
  ! LAMBDA          [ reduce using rule 106 (try_ok_stmt -> TRY COLON statements OK_CHECK LBRACKET ID RBRACKET COLON statements .) ]
  ! LET             [ reduce using rule 106 (try_ok_stmt -> TRY COLON statements OK_CHECK LBRACKET ID RBRACKET COLON statements .) ]
  ! ID              [ reduce using rule 106 (try_ok_stmt -> TRY COLON statements OK_CHECK LBRACKET ID RBRACKET COLON statements .) ]
  ! DISP            [ reduce using rule 106 (try_ok_stmt -> TRY COLON statements OK_CHECK LBRACKET ID RBRACKET COLON statements .) ]
  ! ENTRY           [ reduce using rule 106 (try_ok_stmt -> TRY COLON statements OK_CHECK LBRACKET ID RBRACKET COLON statements .) ]
  ! IF              [ reduce using rule 106 (try_ok_stmt -> TRY COLON statements OK_CHECK LBRACKET ID RBRACKET COLON statements .) ]
  ! WHILE           [ reduce using rule 106 (try_ok_stmt -> TRY COLON statements OK_CHECK LBRACKET ID RBRACKET COLON statements .) ]
  ! FUNCTION        [ reduce using rule 106 (try_ok_stmt -> TRY COLON statements OK_CHECK LBRACKET ID RBRACKET COLON statements .) ]
  ! FOR             [ reduce using rule 106 (try_ok_stmt -> TRY COLON statements OK_CHECK LBRACKET ID RBRACKET COLON statements .) ]
  ! CONT            [ reduce using rule 106 (try_ok_stmt -> TRY COLON statements OK_CHECK LBRACKET ID RBRACKET COLON statements .) ]
  ! BREAK           [ reduce using rule 106 (try_ok_stmt -> TRY COLON statements OK_CHECK LBRACKET ID RBRACKET COLON statements .) ]
  ! RETURN          [ reduce using rule 106 (try_ok_stmt -> TRY COLON statements OK_CHECK LBRACKET ID RBRACKET COLON statements .) ]
  ! TRY             [ reduce using rule 106 (try_ok_stmt -> TRY COLON statements OK_CHECK LBRACKET ID RBRACKET COLON statements .) ]
  ! THROW           [ reduce using rule 106 (try_ok_stmt -> TRY COLON statements OK_CHECK LBRACKET ID RBRACKET COLON statements .) ]
  ! ASSERT          [ reduce using rule 106 (try_ok_stmt -> TRY COLON statements OK_CHECK LBRACKET ID RBRACKET COLON statements .) ]
  ! ASSERT_EQ       [ reduce using rule 106 (try_ok_stmt -> TRY COLON statements OK_CHECK LBRACKET ID RBRACKET COLON statements .) ]
  ! ATTEMPT         [ reduce using rule 106 (try_ok_stmt -> TRY COLON statements OK_CHECK LBRACKET ID RBRACKET COLON statements .) ]
  ! INT             [ reduce using rule 106 (try_ok_stmt -> TRY COLON statements OK_CHECK LBRACKET ID RBRACKET COLON statements .) ]
  ! STR             [ reduce using rule 106 (try_ok_stmt -> TRY COLON statements OK_CHECK LBRACKET ID RBRACKET COLON statements .) ]
  ! BOOL            [ reduce using rule 106 (try_ok_stmt -> TRY COLON statements OK_CHECK LBRACKET ID RBRACKET COLON statements .) ]
  ! FLOAT           [ reduce using rule 106 (try_ok_stmt -> TRY COLON statements OK_CHECK LBRACKET ID RBRACKET COLON statements .) ]
  ! LPAREN          [ reduce using rule 118 (empty -> .) ]
  ! NOT             [ reduce using rule 118 (empty -> .) ]
  ! SUB             [ reduce using rule 118 (empty -> .) ]
  ! LBRACKET        [ reduce using rule 118 (empty -> .) ]
  ! LBRACE          [ reduce using rule 118 (empty -> .) ]
  ! LAMBDA          [ reduce using rule 118 (empty -> .) ]
  ! LET             [ reduce using rule 118 (empty -> .) ]
  ! ID              [ reduce using rule 118 (empty -> .) ]
  ! DISP            [ reduce using rule 118 (empty -> .) ]
  ! ENTRY           [ reduce using rule 118 (empty -> .) ]
  ! IF              [ reduce using rule 118 (empty -> .) ]
  ! WHILE           [ reduce using rule 118 (empty -> .) ]
  ! FUNCTION        [ reduce using rule 118 (empty -> .) ]
  ! FOR             [ reduce using rule 118 (empty -> .) ]
  ! CONT            [ reduce using rule 118 (empty -> .) ]
  ! BREAK           [ reduce using rule 118 (empty -> .) ]
  ! RETURN          [ reduce using rule 118 (empty -> .) ]
  ! TRY             [ reduce using rule 118 (empty -> .) ]
  ! THROW           [ reduce using rule 118 (empty -> .) ]
  ! ASSERT          [ reduce using rule 118 (empty -> .) ]
  ! ASSERT_EQ       [ reduce using rule 118 (empty -> .) ]
  ! ATTEMPT         [ reduce using rule 118 (empty -> .) ]
  ! INT             [ reduce using rule 118 (empty -> .) ]
  ! STR             [ reduce using rule 118 (empty -> .) ]
  ! BOOL            [ reduce using rule 118 (empty -> .) ]
  ! FLOAT           [ reduce using rule 118 (empty -> .) ]
  ! $end            [ reduce using rule 118 (empty -> .) ]
  ! RBRACE          [ reduce using rule 118 (empty -> .) ]
  ! OK_CHECK        [ reduce using rule 118 (empty -> .) ]
  ! RPAREN          [ reduce using rule 118 (empty -> .) ]
  ! FALLBACK        [ reduce using rule 118 (empty -> .) ]

    statement                      shift and go to state 52
    expression                     shift and go to state 4
    assign_stmt                    shift and go to state 5
    statement_index_assign         shift and go to state 6
    disp_stmt                      shift and go to state 7
    entry_stmt                     shift and go to state 8
    If_Else_stmt                   shift and go to state 9
    while_stmt                     shift and go to state 10
    block                          shift and go to state 11
    function_stmt                  shift and go to state 12
    for_stmt                       shift and go to state 13
    continue_stmt                  shift and go to state 14
    break_stmt                     shift and go to state 15
    return_stmt                    shift and go to state 16
    call_stmt                      shift and go to state 17
    try_ok_stmt                    shift and go to state 18
    throw_stmt                     shift and go to state 19
    assert_stmt                    shift and go to state 20
    assert_eq_stmt                 shift and go to state 21
    attempt_stmt                   shift and go to state 22
    empty                          shift and go to state 23
    variable                       shift and go to state 24
    bin_ops                        shift and go to state 25

state 275

    (111) attempt_stmt -> ATTEMPT LPAREN expression RPAREN COLON block FALLBACK COLON block .

    LPAREN          reduce using rule 111 (attempt_stmt -> ATTEMPT LPAREN expression RPAREN COLON block FALLBACK COLON block .)
    NOT             reduce using rule 111 (attempt_stmt -> ATTEMPT LPAREN expression RPAREN COLON block FALLBACK COLON block .)
    SUB             reduce using rule 111 (attempt_stmt -> ATTEMPT LPAREN expression RPAREN COLON block FALLBACK COLON block .)
    LBRACKET        reduce using rule 111 (attempt_stmt -> ATTEMPT LPAREN expression RPAREN COLON block FALLBACK COLON block .)
    LBRACE          reduce using rule 111 (attempt_stmt -> ATTEMPT LPAREN expression RPAREN COLON block FALLBACK COLON block .)
    LAMBDA          reduce using rule 111 (attempt_stmt -> ATTEMPT LPAREN expression RPAREN COLON block FALLBACK COLON block .)
    LET             reduce using rule 111 (attempt_stmt -> ATTEMPT LPAREN expression RPAREN COLON block FALLBACK COLON block .)
    ID              reduce using rule 111 (attempt_stmt -> ATTEMPT LPAREN expression RPAREN COLON block FALLBACK COLON block .)
    DISP            reduce using rule 111 (attempt_stmt -> ATTEMPT LPAREN expression RPAREN COLON block FALLBACK COLON block .)
    ENTRY           reduce using rule 111 (attempt_stmt -> ATTEMPT LPAREN expression RPAREN COLON block FALLBACK COLON block .)
    IF              reduce using rule 111 (attempt_stmt -> ATTEMPT LPAREN expression RPAREN COLON block FALLBACK COLON block .)
    WHILE           reduce using rule 111 (attempt_stmt -> ATTEMPT LPAREN expression RPAREN COLON block FALLBACK COLON block .)
    FUNCTION        reduce using rule 111 (attempt_stmt -> ATTEMPT LPAREN expression RPAREN COLON block FALLBACK COLON block .)
    FOR             reduce using rule 111 (attempt_stmt -> ATTEMPT LPAREN expression RPAREN COLON block FALLBACK COLON block .)
    CONT            reduce using rule 111 (attempt_stmt -> ATTEMPT LPAREN expression RPAREN COLON block FALLBACK COLON block .)
    BREAK           reduce using rule 111 (attempt_stmt -> ATTEMPT LPAREN expression RPAREN COLON block FALLBACK COLON block .)
    RETURN          reduce using rule 111 (attempt_stmt -> ATTEMPT LPAREN expression RPAREN COLON block FALLBACK COLON block .)
    TRY             reduce using rule 111 (attempt_stmt -> ATTEMPT LPAREN expression RPAREN COLON block FALLBACK COLON block .)
    THROW           reduce using rule 111 (attempt_stmt -> ATTEMPT LPAREN expression RPAREN COLON block FALLBACK COLON block .)
    ASSERT          reduce using rule 111 (attempt_stmt -> ATTEMPT LPAREN expression RPAREN COLON block FALLBACK COLON block .)
    ASSERT_EQ       reduce using rule 111 (attempt_stmt -> ATTEMPT LPAREN expression RPAREN COLON block FALLBACK COLON block .)
    ATTEMPT         reduce using rule 111 (attempt_stmt -> ATTEMPT LPAREN expression RPAREN COLON block FALLBACK COLON block .)
    INT             reduce using rule 111 (attempt_stmt -> ATTEMPT LPAREN expression RPAREN COLON block FALLBACK COLON block .)
    STR             reduce using rule 111 (attempt_stmt -> ATTEMPT LPAREN expression RPAREN COLON block FALLBACK COLON block .)
    BOOL            reduce using rule 111 (attempt_stmt -> ATTEMPT LPAREN expression RPAREN COLON block FALLBACK COLON block .)
    FLOAT           reduce using rule 111 (attempt_stmt -> ATTEMPT LPAREN expression RPAREN COLON block FALLBACK COLON block .)
    $end            reduce using rule 111 (attempt_stmt -> ATTEMPT LPAREN expression RPAREN COLON block FALLBACK COLON block .)
    RBRACE          reduce using rule 111 (attempt_stmt -> ATTEMPT LPAREN expression RPAREN COLON block FALLBACK COLON block .)
    OK_CHECK        reduce using rule 111 (attempt_stmt -> ATTEMPT LPAREN expression RPAREN COLON block FALLBACK COLON block .)
    RPAREN          reduce using rule 111 (attempt_stmt -> ATTEMPT LPAREN expression RPAREN COLON block FALLBACK COLON block .)
    FALLBACK        reduce using rule 111 (attempt_stmt -> ATTEMPT LPAREN expression RPAREN COLON block FALLBACK COLON block .)


state 276

    (113) attempt_stmt -> ATTEMPT LPAREN expression RPAREN COLON statements FALLBACK COLON statements .
    (22) statements -> statements . statement
    (2) statement -> . expression optional_semicolon
    (3) statement -> . assign_stmt
    (4) statement -> . statement_index_assign
    (5) statement -> . disp_stmt
    (6) statement -> . entry_stmt
    (7) statement -> . If_Else_stmt
    (8) statement -> . while_stmt
    (9) statement -> . block
    (10) statement -> . function_stmt
    (11) statement -> . for_stmt
    (12) statement -> . continue_stmt
    (13) statement -> . break_stmt
    (14) statement -> . return_stmt
    (15) statement -> . call_stmt
    (16) statement -> . try_ok_stmt
    (17) statement -> . throw_stmt
    (18) statement -> . assert_stmt
    (19) statement -> . assert_eq_stmt
    (20) statement -> . attempt_stmt
    (23) statement -> . empty
    (27) expression -> . variable
    (28) expression -> . bin_ops
    (29) expression -> . LPAREN expression RPAREN
    (45) expression -> . NOT expression
    (46) expression -> . SUB expression
    (62) expression -> . call_stmt
    (91) expression -> . LBRACKET args RBRACKET
    (92) expression -> . LBRACKET empty RBRACKET
    (93) expression -> . expression LBRACKET expression RBRACKET
    (95) expression -> . expression DOT ID LPAREN arg_list RPAREN
    (96) expression -> . LBRACE hash_elements RBRACE
    (97) expression -> . LBRACE empty RBRACE
    (115) expression -> . LAMBDA LPAREN params RPAREN COLON type ARROW expression
    (116) expression -> . LAMBDA LPAREN params RPAREN ARROW expression
    (117) expression -> . LAMBDA LPAREN RPAREN ARROW expression
    (88) assign_stmt -> . LET ID COLON type ASSIGN expression optional_semicolon
    (89) assign_stmt -> . LET ID ASSIGN expression optional_semicolon
    (90) assign_stmt -> . ID ASSIGN expression optional_semicolon
    (94) statement_index_assign -> . expression LBRACKET expression RBRACKET ASSIGN expression optional_semicolon
    (24) disp_stmt -> . DISP LPAREN expression RPAREN optional_semicolon
    (25) entry_stmt -> . ENTRY LPAREN expression RPAREN optional_semicolon
    (26) entry_stmt -> . ENTRY optional_semicolon
    (36) If_Else_stmt -> . IF expression block
    (37) If_Else_stmt -> . IF expression block ELSE block
    (38) while_stmt -> . WHILE expression block
    (35) block -> . LBRACE statements RBRACE
    (55) function_stmt -> . FUNCTION ID COLON type param_list COLON block
    (56) function_stmt -> . FUNCTION ID param_list COLON block
    (39) for_stmt -> . FOR LPAREN statement expression SEMICOLON statement RPAREN block
    (40) for_stmt -> . FOR expression block
    (41) continue_stmt -> . CONT optional_semicolon
    (42) break_stmt -> . BREAK optional_semicolon
    (43) return_stmt -> . RETURN expression optional_semicolon
    (44) return_stmt -> . RETURN optional_semicolon
    (61) call_stmt -> . ID LPAREN arg_list RPAREN
    (102) try_ok_stmt -> . TRY COLON block OK_CHECK LBRACKET ID COMMA ID RBRACKET COLON block
    (103) try_ok_stmt -> . TRY COLON block OK_CHECK LBRACKET ID RBRACKET COLON block
    (104) try_ok_stmt -> . TRY COLON block OK_CHECK COLON block
    (105) try_ok_stmt -> . TRY COLON statements OK_CHECK LBRACKET ID COMMA ID RBRACKET COLON statements
    (106) try_ok_stmt -> . TRY COLON statements OK_CHECK LBRACKET ID RBRACKET COLON statements
    (107) try_ok_stmt -> . TRY COLON statements OK_CHECK COLON statements
    (101) throw_stmt -> . THROW expression optional_semicolon
    (108) assert_stmt -> . ASSERT expression COMMA expression optional_semicolon
    (109) assert_stmt -> . ASSERT expression optional_semicolon
    (110) assert_eq_stmt -> . ASSERT_EQ expression COMMA expression optional_semicolon
    (111) attempt_stmt -> . ATTEMPT LPAREN expression RPAREN COLON block FALLBACK COLON block
    (112) attempt_stmt -> . ATTEMPT LPAREN expression RPAREN COLON block
    (113) attempt_stmt -> . ATTEMPT LPAREN expression RPAREN COLON statements FALLBACK COLON statements
    (114) attempt_stmt -> . ATTEMPT LPAREN expression RPAREN COLON statements
    (118) empty -> .
    (30) variable -> . INT
    (31) variable -> . STR
    (32) variable -> . BOOL
    (33) variable -> . ID
    (34) variable -> . FLOAT
    (63) bin_ops -> . expression ADD expression
    (64) bin_ops -> . expression SUB expression
    (65) bin_ops -> . expression MUL expression
    (66) bin_ops -> . expression DIV expression
    (67) bin_ops -> . expression MOD expression
    (68) bin_ops -> . expression POW expression
    (69) bin_ops -> . expression GT expression
    (70) bin_ops -> . expression LT expression
    (71) bin_ops -> . expression GE expression
    (72) bin_ops -> . expression LE expression
    (73) bin_ops -> . expression EQ expression
    (74) bin_ops -> . expression NE expression
    (75) bin_ops -> . expression AND expression
    (76) bin_ops -> . expression OR expression

  ! shift/reduce conflict for LPAREN resolved as shift
  ! shift/reduce conflict for NOT resolved as shift
  ! shift/reduce conflict for SUB resolved as shift
  ! shift/reduce conflict for LBRACKET resolved as shift
  ! shift/reduce conflict for LBRACE resolved as shift
  ! shift/reduce conflict for LAMBDA resolved as shift
  ! shift/reduce conflict for LET resolved as shift
  ! shift/reduce conflict for ID resolved as shift
  ! shift/reduce conflict for DISP resolved as shift
  ! shift/reduce conflict for ENTRY resolved as shift
  ! shift/reduce conflict for IF resolved as shift
  ! shift/reduce conflict for WHILE resolved as shift
  ! shift/reduce conflict for FUNCTION resolved as shift
  ! shift/reduce conflict for FOR resolved as shift
  ! shift/reduce conflict for CONT resolved as shift
  ! shift/reduce conflict for BREAK resolved as shift
  ! shift/reduce conflict for RETURN resolved as shift
  ! shift/reduce conflict for TRY resolved as shift
  ! shift/reduce conflict for THROW resolved as shift
  ! shift/reduce conflict for ASSERT resolved as shift
  ! shift/reduce conflict for ASSERT_EQ resolved as shift
  ! shift/reduce conflict for ATTEMPT resolved as shift
  ! shift/reduce conflict for LPAREN resolved as shift
  ! shift/reduce conflict for NOT resolved as shift
  ! shift/reduce conflict for SUB resolved as shift
  ! shift/reduce conflict for LBRACKET resolved as shift
  ! shift/reduce conflict for LBRACE resolved as shift
  ! shift/reduce conflict for LAMBDA resolved as shift
  ! shift/reduce conflict for LET resolved as shift
  ! shift/reduce conflict for ID resolved as shift
  ! shift/reduce conflict for DISP resolved as shift
  ! shift/reduce conflict for ENTRY resolved as shift
  ! shift/reduce conflict for IF resolved as shift
  ! shift/reduce conflict for WHILE resolved as shift
  ! shift/reduce conflict for FUNCTION resolved as shift
  ! shift/reduce conflict for FOR resolved as shift
  ! shift/reduce conflict for CONT resolved as shift
  ! shift/reduce conflict for BREAK resolved as shift
  ! shift/reduce conflict for RETURN resolved as shift
  ! shift/reduce conflict for TRY resolved as shift
  ! shift/reduce conflict for THROW resolved as shift
  ! shift/reduce conflict for ASSERT resolved as shift
  ! shift/reduce conflict for ASSERT_EQ resolved as shift
  ! shift/reduce conflict for ATTEMPT resolved as shift
  ! reduce/reduce conflict for INT resolved using rule 113 (attempt_stmt -> ATTEMPT LPAREN expression RPAREN COLON statements FALLBACK COLON statements .)
  ! reduce/reduce conflict for STR resolved using rule 113 (attempt_stmt -> ATTEMPT LPAREN expression RPAREN COLON statements FALLBACK COLON statements .)
  ! reduce/reduce conflict for BOOL resolved using rule 113 (attempt_stmt -> ATTEMPT LPAREN expression RPAREN COLON statements FALLBACK COLON statements .)
  ! reduce/reduce conflict for FLOAT resolved using rule 113 (attempt_stmt -> ATTEMPT LPAREN expression RPAREN COLON statements FALLBACK COLON statements .)
  ! reduce/reduce conflict for $end resolved using rule 113 (attempt_stmt -> ATTEMPT LPAREN expression RPAREN COLON statements FALLBACK COLON statements .)
  ! reduce/reduce conflict for RBRACE resolved using rule 113 (attempt_stmt -> ATTEMPT LPAREN expression RPAREN COLON statements FALLBACK COLON statements .)
  ! reduce/reduce conflict for OK_CHECK resolved using rule 113 (attempt_stmt -> ATTEMPT LPAREN expression RPAREN COLON statements FALLBACK COLON statements .)
  ! reduce/reduce conflict for RPAREN resolved using rule 113 (attempt_stmt -> ATTEMPT LPAREN expression RPAREN COLON statements FALLBACK COLON statements .)
  ! reduce/reduce conflict for FALLBACK resolved using rule 113 (attempt_stmt -> ATTEMPT LPAREN expression RPAREN COLON statements FALLBACK COLON statements .)
  ! shift/reduce conflict for INT resolved as shift
  ! shift/reduce conflict for STR resolved as shift
  ! shift/reduce conflict for BOOL resolved as shift
  ! shift/reduce conflict for FLOAT resolved as shift
    $end            reduce using rule 113 (attempt_stmt -> ATTEMPT LPAREN expression RPAREN COLON statements FALLBACK COLON statements .)
    RBRACE          reduce using rule 113 (attempt_stmt -> ATTEMPT LPAREN expression RPAREN COLON statements FALLBACK COLON statements .)
    OK_CHECK        reduce using rule 113 (attempt_stmt -> ATTEMPT LPAREN expression RPAREN COLON statements FALLBACK COLON statements .)
    RPAREN          reduce using rule 113 (attempt_stmt -> ATTEMPT LPAREN expression RPAREN COLON statements FALLBACK COLON statements .)
    FALLBACK        reduce using rule 113 (attempt_stmt -> ATTEMPT LPAREN expression RPAREN COLON statements FALLBACK COLON statements .)
    LPAREN          shift and go to state 26
    NOT             shift and go to state 27
    SUB             shift and go to state 28
    LBRACKET        shift and go to state 29
    LBRACE          shift and go to state 31
    LAMBDA          shift and go to state 32
    LET             shift and go to state 33
    ID              shift and go to state 30
    DISP            shift and go to state 34
    ENTRY           shift and go to state 35
    IF              shift and go to state 36
    WHILE           shift and go to state 37
    FUNCTION        shift and go to state 38
    FOR             shift and go to state 39
    CONT            shift and go to state 40
    BREAK           shift and go to state 41
    RETURN          shift and go to state 42
    TRY             shift and go to state 43
    THROW           shift and go to state 44
    ASSERT          shift and go to state 45
    ASSERT_EQ       shift and go to state 46
    ATTEMPT         shift and go to state 47
    INT             shift and go to state 48
    STR             shift and go to state 49
    BOOL            shift and go to state 50
    FLOAT           shift and go to state 51

  ! LPAREN          [ reduce using rule 113 (attempt_stmt -> ATTEMPT LPAREN expression RPAREN COLON statements FALLBACK COLON statements .) ]
  ! NOT             [ reduce using rule 113 (attempt_stmt -> ATTEMPT LPAREN expression RPAREN COLON statements FALLBACK COLON statements .) ]
  ! SUB             [ reduce using rule 113 (attempt_stmt -> ATTEMPT LPAREN expression RPAREN COLON statements FALLBACK COLON statements .) ]
  ! LBRACKET        [ reduce using rule 113 (attempt_stmt -> ATTEMPT LPAREN expression RPAREN COLON statements FALLBACK COLON statements .) ]
  ! LBRACE          [ reduce using rule 113 (attempt_stmt -> ATTEMPT LPAREN expression RPAREN COLON statements FALLBACK COLON statements .) ]
  ! LAMBDA          [ reduce using rule 113 (attempt_stmt -> ATTEMPT LPAREN expression RPAREN COLON statements FALLBACK COLON statements .) ]
  ! LET             [ reduce using rule 113 (attempt_stmt -> ATTEMPT LPAREN expression RPAREN COLON statements FALLBACK COLON statements .) ]
  ! ID              [ reduce using rule 113 (attempt_stmt -> ATTEMPT LPAREN expression RPAREN COLON statements FALLBACK COLON statements .) ]
  ! DISP            [ reduce using rule 113 (attempt_stmt -> ATTEMPT LPAREN expression RPAREN COLON statements FALLBACK COLON statements .) ]
  ! ENTRY           [ reduce using rule 113 (attempt_stmt -> ATTEMPT LPAREN expression RPAREN COLON statements FALLBACK COLON statements .) ]
  ! IF              [ reduce using rule 113 (attempt_stmt -> ATTEMPT LPAREN expression RPAREN COLON statements FALLBACK COLON statements .) ]
  ! WHILE           [ reduce using rule 113 (attempt_stmt -> ATTEMPT LPAREN expression RPAREN COLON statements FALLBACK COLON statements .) ]
  ! FUNCTION        [ reduce using rule 113 (attempt_stmt -> ATTEMPT LPAREN expression RPAREN COLON statements FALLBACK COLON statements .) ]
  ! FOR             [ reduce using rule 113 (attempt_stmt -> ATTEMPT LPAREN expression RPAREN COLON statements FALLBACK COLON statements .) ]
  ! CONT            [ reduce using rule 113 (attempt_stmt -> ATTEMPT LPAREN expression RPAREN COLON statements FALLBACK COLON statements .) ]
  ! BREAK           [ reduce using rule 113 (attempt_stmt -> ATTEMPT LPAREN expression RPAREN COLON statements FALLBACK COLON statements .) ]
  ! RETURN          [ reduce using rule 113 (attempt_stmt -> ATTEMPT LPAREN expression RPAREN COLON statements FALLBACK COLON statements .) ]
  ! TRY             [ reduce using rule 113 (attempt_stmt -> ATTEMPT LPAREN expression RPAREN COLON statements FALLBACK COLON statements .) ]
  ! THROW           [ reduce using rule 113 (attempt_stmt -> ATTEMPT LPAREN expression RPAREN COLON statements FALLBACK COLON statements .) ]
  ! ASSERT          [ reduce using rule 113 (attempt_stmt -> ATTEMPT LPAREN expression RPAREN COLON statements FALLBACK COLON statements .) ]
  ! ASSERT_EQ       [ reduce using rule 113 (attempt_stmt -> ATTEMPT LPAREN expression RPAREN COLON statements FALLBACK COLON statements .) ]
  ! ATTEMPT         [ reduce using rule 113 (attempt_stmt -> ATTEMPT LPAREN expression RPAREN COLON statements FALLBACK COLON statements .) ]
  ! INT             [ reduce using rule 113 (attempt_stmt -> ATTEMPT LPAREN expression RPAREN COLON statements FALLBACK COLON statements .) ]
  ! STR             [ reduce using rule 113 (attempt_stmt -> ATTEMPT LPAREN expression RPAREN COLON statements FALLBACK COLON statements .) ]
  ! BOOL            [ reduce using rule 113 (attempt_stmt -> ATTEMPT LPAREN expression RPAREN COLON statements FALLBACK COLON statements .) ]
  ! FLOAT           [ reduce using rule 113 (attempt_stmt -> ATTEMPT LPAREN expression RPAREN COLON statements FALLBACK COLON statements .) ]
  ! LPAREN          [ reduce using rule 118 (empty -> .) ]
  ! NOT             [ reduce using rule 118 (empty -> .) ]
  ! SUB             [ reduce using rule 118 (empty -> .) ]
  ! LBRACKET        [ reduce using rule 118 (empty -> .) ]
  ! LBRACE          [ reduce using rule 118 (empty -> .) ]
  ! LAMBDA          [ reduce using rule 118 (empty -> .) ]
  ! LET             [ reduce using rule 118 (empty -> .) ]
  ! ID              [ reduce using rule 118 (empty -> .) ]
  ! DISP            [ reduce using rule 118 (empty -> .) ]
  ! ENTRY           [ reduce using rule 118 (empty -> .) ]
  ! IF              [ reduce using rule 118 (empty -> .) ]
  ! WHILE           [ reduce using rule 118 (empty -> .) ]
  ! FUNCTION        [ reduce using rule 118 (empty -> .) ]
  ! FOR             [ reduce using rule 118 (empty -> .) ]
  ! CONT            [ reduce using rule 118 (empty -> .) ]
  ! BREAK           [ reduce using rule 118 (empty -> .) ]
  ! RETURN          [ reduce using rule 118 (empty -> .) ]
  ! TRY             [ reduce using rule 118 (empty -> .) ]
  ! THROW           [ reduce using rule 118 (empty -> .) ]
  ! ASSERT          [ reduce using rule 118 (empty -> .) ]
  ! ASSERT_EQ       [ reduce using rule 118 (empty -> .) ]
  ! ATTEMPT         [ reduce using rule 118 (empty -> .) ]
  ! INT             [ reduce using rule 118 (empty -> .) ]
  ! STR             [ reduce using rule 118 (empty -> .) ]
  ! BOOL            [ reduce using rule 118 (empty -> .) ]
  ! FLOAT           [ reduce using rule 118 (empty -> .) ]
  ! $end            [ reduce using rule 118 (empty -> .) ]
  ! RBRACE          [ reduce using rule 118 (empty -> .) ]
  ! OK_CHECK        [ reduce using rule 118 (empty -> .) ]
  ! RPAREN          [ reduce using rule 118 (empty -> .) ]
  ! FALLBACK        [ reduce using rule 118 (empty -> .) ]

    expression                     shift and go to state 4
    statement                      shift and go to state 52
    assign_stmt                    shift and go to state 5
    statement_index_assign         shift and go to state 6
    disp_stmt                      shift and go to state 7
    entry_stmt                     shift and go to state 8
    If_Else_stmt                   shift and go to state 9
    while_stmt                     shift and go to state 10
    block                          shift and go to state 11
    function_stmt                  shift and go to state 12
    for_stmt                       shift and go to state 13
    continue_stmt                  shift and go to state 14
    break_stmt                     shift and go to state 15
    return_stmt                    shift and go to state 16
    call_stmt                      shift and go to state 17
    try_ok_stmt                    shift and go to state 18
    throw_stmt                     shift and go to state 19
    assert_stmt                    shift and go to state 20
    assert_eq_stmt                 shift and go to state 21
    attempt_stmt                   shift and go to state 22
    empty                          shift and go to state 23
    variable                       shift and go to state 24
    bin_ops                        shift and go to state 25

state 277

    (102) try_ok_stmt -> TRY COLON block OK_CHECK LBRACKET ID COMMA ID RBRACKET COLON . block
    (35) block -> . LBRACE statements RBRACE

    LBRACE          shift and go to state 148

    block                          shift and go to state 279

state 278

    (105) try_ok_stmt -> TRY COLON statements OK_CHECK LBRACKET ID COMMA ID RBRACKET COLON . statements
    (21) statements -> . statement
    (22) statements -> . statements statement
    (2) statement -> . expression optional_semicolon
    (3) statement -> . assign_stmt
    (4) statement -> . statement_index_assign
    (5) statement -> . disp_stmt
    (6) statement -> . entry_stmt
    (7) statement -> . If_Else_stmt
    (8) statement -> . while_stmt
    (9) statement -> . block
    (10) statement -> . function_stmt
    (11) statement -> . for_stmt
    (12) statement -> . continue_stmt
    (13) statement -> . break_stmt
    (14) statement -> . return_stmt
    (15) statement -> . call_stmt
    (16) statement -> . try_ok_stmt
    (17) statement -> . throw_stmt
    (18) statement -> . assert_stmt
    (19) statement -> . assert_eq_stmt
    (20) statement -> . attempt_stmt
    (23) statement -> . empty
    (27) expression -> . variable
    (28) expression -> . bin_ops
    (29) expression -> . LPAREN expression RPAREN
    (45) expression -> . NOT expression
    (46) expression -> . SUB expression
    (62) expression -> . call_stmt
    (91) expression -> . LBRACKET args RBRACKET
    (92) expression -> . LBRACKET empty RBRACKET
    (93) expression -> . expression LBRACKET expression RBRACKET
    (95) expression -> . expression DOT ID LPAREN arg_list RPAREN
    (96) expression -> . LBRACE hash_elements RBRACE
    (97) expression -> . LBRACE empty RBRACE
    (115) expression -> . LAMBDA LPAREN params RPAREN COLON type ARROW expression
    (116) expression -> . LAMBDA LPAREN params RPAREN ARROW expression
    (117) expression -> . LAMBDA LPAREN RPAREN ARROW expression
    (88) assign_stmt -> . LET ID COLON type ASSIGN expression optional_semicolon
    (89) assign_stmt -> . LET ID ASSIGN expression optional_semicolon
    (90) assign_stmt -> . ID ASSIGN expression optional_semicolon
    (94) statement_index_assign -> . expression LBRACKET expression RBRACKET ASSIGN expression optional_semicolon
    (24) disp_stmt -> . DISP LPAREN expression RPAREN optional_semicolon
    (25) entry_stmt -> . ENTRY LPAREN expression RPAREN optional_semicolon
    (26) entry_stmt -> . ENTRY optional_semicolon
    (36) If_Else_stmt -> . IF expression block
    (37) If_Else_stmt -> . IF expression block ELSE block
    (38) while_stmt -> . WHILE expression block
    (35) block -> . LBRACE statements RBRACE
    (55) function_stmt -> . FUNCTION ID COLON type param_list COLON block
    (56) function_stmt -> . FUNCTION ID param_list COLON block
    (39) for_stmt -> . FOR LPAREN statement expression SEMICOLON statement RPAREN block
    (40) for_stmt -> . FOR expression block
    (41) continue_stmt -> . CONT optional_semicolon
    (42) break_stmt -> . BREAK optional_semicolon
    (43) return_stmt -> . RETURN expression optional_semicolon
    (44) return_stmt -> . RETURN optional_semicolon
    (61) call_stmt -> . ID LPAREN arg_list RPAREN
    (102) try_ok_stmt -> . TRY COLON block OK_CHECK LBRACKET ID COMMA ID RBRACKET COLON block
    (103) try_ok_stmt -> . TRY COLON block OK_CHECK LBRACKET ID RBRACKET COLON block
    (104) try_ok_stmt -> . TRY COLON block OK_CHECK COLON block
    (105) try_ok_stmt -> . TRY COLON statements OK_CHECK LBRACKET ID COMMA ID RBRACKET COLON statements
    (106) try_ok_stmt -> . TRY COLON statements OK_CHECK LBRACKET ID RBRACKET COLON statements
    (107) try_ok_stmt -> . TRY COLON statements OK_CHECK COLON statements
    (101) throw_stmt -> . THROW expression optional_semicolon
    (108) assert_stmt -> . ASSERT expression COMMA expression optional_semicolon
    (109) assert_stmt -> . ASSERT expression optional_semicolon
    (110) assert_eq_stmt -> . ASSERT_EQ expression COMMA expression optional_semicolon
    (111) attempt_stmt -> . ATTEMPT LPAREN expression RPAREN COLON block FALLBACK COLON block
    (112) attempt_stmt -> . ATTEMPT LPAREN expression RPAREN COLON block
    (113) attempt_stmt -> . ATTEMPT LPAREN expression RPAREN COLON statements FALLBACK COLON statements
    (114) attempt_stmt -> . ATTEMPT LPAREN expression RPAREN COLON statements
    (118) empty -> .
    (30) variable -> . INT
    (31) variable -> . STR
    (32) variable -> . BOOL
    (33) variable -> . ID
    (34) variable -> . FLOAT
    (63) bin_ops -> . expression ADD expression
    (64) bin_ops -> . expression SUB expression
    (65) bin_ops -> . expression MUL expression
    (66) bin_ops -> . expression DIV expression
    (67) bin_ops -> . expression MOD expression
    (68) bin_ops -> . expression POW expression
    (69) bin_ops -> . expression GT expression
    (70) bin_ops -> . expression LT expression
    (71) bin_ops -> . expression GE expression
    (72) bin_ops -> . expression LE expression
    (73) bin_ops -> . expression EQ expression
    (74) bin_ops -> . expression NE expression
    (75) bin_ops -> . expression AND expression
    (76) bin_ops -> . expression OR expression

  ! shift/reduce conflict for LPAREN resolved as shift
  ! shift/reduce conflict for NOT resolved as shift
  ! shift/reduce conflict for SUB resolved as shift
  ! shift/reduce conflict for LBRACKET resolved as shift
  ! shift/reduce conflict for LBRACE resolved as shift
  ! shift/reduce conflict for LAMBDA resolved as shift
  ! shift/reduce conflict for LET resolved as shift
  ! shift/reduce conflict for ID resolved as shift
  ! shift/reduce conflict for DISP resolved as shift
  ! shift/reduce conflict for ENTRY resolved as shift
  ! shift/reduce conflict for IF resolved as shift
  ! shift/reduce conflict for WHILE resolved as shift
  ! shift/reduce conflict for FUNCTION resolved as shift
  ! shift/reduce conflict for FOR resolved as shift
  ! shift/reduce conflict for CONT resolved as shift
  ! shift/reduce conflict for BREAK resolved as shift
  ! shift/reduce conflict for RETURN resolved as shift
  ! shift/reduce conflict for TRY resolved as shift
  ! shift/reduce conflict for THROW resolved as shift
  ! shift/reduce conflict for ASSERT resolved as shift
  ! shift/reduce conflict for ASSERT_EQ resolved as shift
  ! shift/reduce conflict for ATTEMPT resolved as shift
  ! shift/reduce conflict for INT resolved as shift
  ! shift/reduce conflict for STR resolved as shift
  ! shift/reduce conflict for BOOL resolved as shift
  ! shift/reduce conflict for FLOAT resolved as shift
    LPAREN          shift and go to state 26
    NOT             shift and go to state 27
    SUB             shift and go to state 28
    LBRACKET        shift and go to state 29
    LBRACE          shift and go to state 31
    LAMBDA          shift and go to state 32
    LET             shift and go to state 33
    ID              shift and go to state 30
    DISP            shift and go to state 34
    ENTRY           shift and go to state 35
    IF              shift and go to state 36
    WHILE           shift and go to state 37
    FUNCTION        shift and go to state 38
    FOR             shift and go to state 39
    CONT            shift and go to state 40
    BREAK           shift and go to state 41
    RETURN          shift and go to state 42
    TRY             shift and go to state 43
    THROW           shift and go to state 44
    ASSERT          shift and go to state 45
    ASSERT_EQ       shift and go to state 46
    ATTEMPT         shift and go to state 47
    $end            reduce using rule 118 (empty -> .)
    RBRACE          reduce using rule 118 (empty -> .)
    OK_CHECK        reduce using rule 118 (empty -> .)
    RPAREN          reduce using rule 118 (empty -> .)
    FALLBACK        reduce using rule 118 (empty -> .)
    INT             shift and go to state 48
    STR             shift and go to state 49
    BOOL            shift and go to state 50
    FLOAT           shift and go to state 51

  ! LPAREN          [ reduce using rule 118 (empty -> .) ]
  ! NOT             [ reduce using rule 118 (empty -> .) ]
  ! SUB             [ reduce using rule 118 (empty -> .) ]
  ! LBRACKET        [ reduce using rule 118 (empty -> .) ]
  ! LBRACE          [ reduce using rule 118 (empty -> .) ]
  ! LAMBDA          [ reduce using rule 118 (empty -> .) ]
  ! LET             [ reduce using rule 118 (empty -> .) ]
  ! ID              [ reduce using rule 118 (empty -> .) ]
  ! DISP            [ reduce using rule 118 (empty -> .) ]
  ! ENTRY           [ reduce using rule 118 (empty -> .) ]
  ! IF              [ reduce using rule 118 (empty -> .) ]
  ! WHILE           [ reduce using rule 118 (empty -> .) ]
  ! FUNCTION        [ reduce using rule 118 (empty -> .) ]
  ! FOR             [ reduce using rule 118 (empty -> .) ]
  ! CONT            [ reduce using rule 118 (empty -> .) ]
  ! BREAK           [ reduce using rule 118 (empty -> .) ]
  ! RETURN          [ reduce using rule 118 (empty -> .) ]
  ! TRY             [ reduce using rule 118 (empty -> .) ]
  ! THROW           [ reduce using rule 118 (empty -> .) ]
  ! ASSERT          [ reduce using rule 118 (empty -> .) ]
  ! ASSERT_EQ       [ reduce using rule 118 (empty -> .) ]
  ! ATTEMPT         [ reduce using rule 118 (empty -> .) ]
  ! INT             [ reduce using rule 118 (empty -> .) ]
  ! STR             [ reduce using rule 118 (empty -> .) ]
  ! BOOL            [ reduce using rule 118 (empty -> .) ]
  ! FLOAT           [ reduce using rule 118 (empty -> .) ]

    statements                     shift and go to state 280
    statement                      shift and go to state 3
    expression                     shift and go to state 4
    assign_stmt                    shift and go to state 5
    statement_index_assign         shift and go to state 6
    disp_stmt                      shift and go to state 7
    entry_stmt                     shift and go to state 8
    If_Else_stmt                   shift and go to state 9
    while_stmt                     shift and go to state 10
    block                          shift and go to state 11
    function_stmt                  shift and go to state 12
    for_stmt                       shift and go to state 13
    continue_stmt                  shift and go to state 14
    break_stmt                     shift and go to state 15
    return_stmt                    shift and go to state 16
    call_stmt                      shift and go to state 17
    try_ok_stmt                    shift and go to state 18
    throw_stmt                     shift and go to state 19
    assert_stmt                    shift and go to state 20
    assert_eq_stmt                 shift and go to state 21
    attempt_stmt                   shift and go to state 22
    empty                          shift and go to state 23
    variable                       shift and go to state 24
    bin_ops                        shift and go to state 25

state 279

    (102) try_ok_stmt -> TRY COLON block OK_CHECK LBRACKET ID COMMA ID RBRACKET COLON block .

    LPAREN          reduce using rule 102 (try_ok_stmt -> TRY COLON block OK_CHECK LBRACKET ID COMMA ID RBRACKET COLON block .)
    NOT             reduce using rule 102 (try_ok_stmt -> TRY COLON block OK_CHECK LBRACKET ID COMMA ID RBRACKET COLON block .)
    SUB             reduce using rule 102 (try_ok_stmt -> TRY COLON block OK_CHECK LBRACKET ID COMMA ID RBRACKET COLON block .)
    LBRACKET        reduce using rule 102 (try_ok_stmt -> TRY COLON block OK_CHECK LBRACKET ID COMMA ID RBRACKET COLON block .)
    LBRACE          reduce using rule 102 (try_ok_stmt -> TRY COLON block OK_CHECK LBRACKET ID COMMA ID RBRACKET COLON block .)
    LAMBDA          reduce using rule 102 (try_ok_stmt -> TRY COLON block OK_CHECK LBRACKET ID COMMA ID RBRACKET COLON block .)
    LET             reduce using rule 102 (try_ok_stmt -> TRY COLON block OK_CHECK LBRACKET ID COMMA ID RBRACKET COLON block .)
    ID              reduce using rule 102 (try_ok_stmt -> TRY COLON block OK_CHECK LBRACKET ID COMMA ID RBRACKET COLON block .)
    DISP            reduce using rule 102 (try_ok_stmt -> TRY COLON block OK_CHECK LBRACKET ID COMMA ID RBRACKET COLON block .)
    ENTRY           reduce using rule 102 (try_ok_stmt -> TRY COLON block OK_CHECK LBRACKET ID COMMA ID RBRACKET COLON block .)
    IF              reduce using rule 102 (try_ok_stmt -> TRY COLON block OK_CHECK LBRACKET ID COMMA ID RBRACKET COLON block .)
    WHILE           reduce using rule 102 (try_ok_stmt -> TRY COLON block OK_CHECK LBRACKET ID COMMA ID RBRACKET COLON block .)
    FUNCTION        reduce using rule 102 (try_ok_stmt -> TRY COLON block OK_CHECK LBRACKET ID COMMA ID RBRACKET COLON block .)
    FOR             reduce using rule 102 (try_ok_stmt -> TRY COLON block OK_CHECK LBRACKET ID COMMA ID RBRACKET COLON block .)
    CONT            reduce using rule 102 (try_ok_stmt -> TRY COLON block OK_CHECK LBRACKET ID COMMA ID RBRACKET COLON block .)
    BREAK           reduce using rule 102 (try_ok_stmt -> TRY COLON block OK_CHECK LBRACKET ID COMMA ID RBRACKET COLON block .)
    RETURN          reduce using rule 102 (try_ok_stmt -> TRY COLON block OK_CHECK LBRACKET ID COMMA ID RBRACKET COLON block .)
    TRY             reduce using rule 102 (try_ok_stmt -> TRY COLON block OK_CHECK LBRACKET ID COMMA ID RBRACKET COLON block .)
    THROW           reduce using rule 102 (try_ok_stmt -> TRY COLON block OK_CHECK LBRACKET ID COMMA ID RBRACKET COLON block .)
    ASSERT          reduce using rule 102 (try_ok_stmt -> TRY COLON block OK_CHECK LBRACKET ID COMMA ID RBRACKET COLON block .)
    ASSERT_EQ       reduce using rule 102 (try_ok_stmt -> TRY COLON block OK_CHECK LBRACKET ID COMMA ID RBRACKET COLON block .)
    ATTEMPT         reduce using rule 102 (try_ok_stmt -> TRY COLON block OK_CHECK LBRACKET ID COMMA ID RBRACKET COLON block .)
    INT             reduce using rule 102 (try_ok_stmt -> TRY COLON block OK_CHECK LBRACKET ID COMMA ID RBRACKET COLON block .)
    STR             reduce using rule 102 (try_ok_stmt -> TRY COLON block OK_CHECK LBRACKET ID COMMA ID RBRACKET COLON block .)
    BOOL            reduce using rule 102 (try_ok_stmt -> TRY COLON block OK_CHECK LBRACKET ID COMMA ID RBRACKET COLON block .)
    FLOAT           reduce using rule 102 (try_ok_stmt -> TRY COLON block OK_CHECK LBRACKET ID COMMA ID RBRACKET COLON block .)
    $end            reduce using rule 102 (try_ok_stmt -> TRY COLON block OK_CHECK LBRACKET ID COMMA ID RBRACKET COLON block .)
    RBRACE          reduce using rule 102 (try_ok_stmt -> TRY COLON block OK_CHECK LBRACKET ID COMMA ID RBRACKET COLON block .)
    OK_CHECK        reduce using rule 102 (try_ok_stmt -> TRY COLON block OK_CHECK LBRACKET ID COMMA ID RBRACKET COLON block .)
    RPAREN          reduce using rule 102 (try_ok_stmt -> TRY COLON block OK_CHECK LBRACKET ID COMMA ID RBRACKET COLON block .)
    FALLBACK        reduce using rule 102 (try_ok_stmt -> TRY COLON block OK_CHECK LBRACKET ID COMMA ID RBRACKET COLON block .)


state 280

    (105) try_ok_stmt -> TRY COLON statements OK_CHECK LBRACKET ID COMMA ID RBRACKET COLON statements .
    (22) statements -> statements . statement
    (2) statement -> . expression optional_semicolon
    (3) statement -> . assign_stmt
    (4) statement -> . statement_index_assign
    (5) statement -> . disp_stmt
    (6) statement -> . entry_stmt
    (7) statement -> . If_Else_stmt
    (8) statement -> . while_stmt
    (9) statement -> . block
    (10) statement -> . function_stmt
    (11) statement -> . for_stmt
    (12) statement -> . continue_stmt
    (13) statement -> . break_stmt
    (14) statement -> . return_stmt
    (15) statement -> . call_stmt
    (16) statement -> . try_ok_stmt
    (17) statement -> . throw_stmt
    (18) statement -> . assert_stmt
    (19) statement -> . assert_eq_stmt
    (20) statement -> . attempt_stmt
    (23) statement -> . empty
    (27) expression -> . variable
    (28) expression -> . bin_ops
    (29) expression -> . LPAREN expression RPAREN
    (45) expression -> . NOT expression
    (46) expression -> . SUB expression
    (62) expression -> . call_stmt
    (91) expression -> . LBRACKET args RBRACKET
    (92) expression -> . LBRACKET empty RBRACKET
    (93) expression -> . expression LBRACKET expression RBRACKET
    (95) expression -> . expression DOT ID LPAREN arg_list RPAREN
    (96) expression -> . LBRACE hash_elements RBRACE
    (97) expression -> . LBRACE empty RBRACE
    (115) expression -> . LAMBDA LPAREN params RPAREN COLON type ARROW expression
    (116) expression -> . LAMBDA LPAREN params RPAREN ARROW expression
    (117) expression -> . LAMBDA LPAREN RPAREN ARROW expression
    (88) assign_stmt -> . LET ID COLON type ASSIGN expression optional_semicolon
    (89) assign_stmt -> . LET ID ASSIGN expression optional_semicolon
    (90) assign_stmt -> . ID ASSIGN expression optional_semicolon
    (94) statement_index_assign -> . expression LBRACKET expression RBRACKET ASSIGN expression optional_semicolon
    (24) disp_stmt -> . DISP LPAREN expression RPAREN optional_semicolon
    (25) entry_stmt -> . ENTRY LPAREN expression RPAREN optional_semicolon
    (26) entry_stmt -> . ENTRY optional_semicolon
    (36) If_Else_stmt -> . IF expression block
    (37) If_Else_stmt -> . IF expression block ELSE block
    (38) while_stmt -> . WHILE expression block
    (35) block -> . LBRACE statements RBRACE
    (55) function_stmt -> . FUNCTION ID COLON type param_list COLON block
    (56) function_stmt -> . FUNCTION ID param_list COLON block
    (39) for_stmt -> . FOR LPAREN statement expression SEMICOLON statement RPAREN block
    (40) for_stmt -> . FOR expression block
    (41) continue_stmt -> . CONT optional_semicolon
    (42) break_stmt -> . BREAK optional_semicolon
    (43) return_stmt -> . RETURN expression optional_semicolon
    (44) return_stmt -> . RETURN optional_semicolon
    (61) call_stmt -> . ID LPAREN arg_list RPAREN
    (102) try_ok_stmt -> . TRY COLON block OK_CHECK LBRACKET ID COMMA ID RBRACKET COLON block
    (103) try_ok_stmt -> . TRY COLON block OK_CHECK LBRACKET ID RBRACKET COLON block
    (104) try_ok_stmt -> . TRY COLON block OK_CHECK COLON block
    (105) try_ok_stmt -> . TRY COLON statements OK_CHECK LBRACKET ID COMMA ID RBRACKET COLON statements
    (106) try_ok_stmt -> . TRY COLON statements OK_CHECK LBRACKET ID RBRACKET COLON statements
    (107) try_ok_stmt -> . TRY COLON statements OK_CHECK COLON statements
    (101) throw_stmt -> . THROW expression optional_semicolon
    (108) assert_stmt -> . ASSERT expression COMMA expression optional_semicolon
    (109) assert_stmt -> . ASSERT expression optional_semicolon
    (110) assert_eq_stmt -> . ASSERT_EQ expression COMMA expression optional_semicolon
    (111) attempt_stmt -> . ATTEMPT LPAREN expression RPAREN COLON block FALLBACK COLON block
    (112) attempt_stmt -> . ATTEMPT LPAREN expression RPAREN COLON block
    (113) attempt_stmt -> . ATTEMPT LPAREN expression RPAREN COLON statements FALLBACK COLON statements
    (114) attempt_stmt -> . ATTEMPT LPAREN expression RPAREN COLON statements
    (118) empty -> .
    (30) variable -> . INT
    (31) variable -> . STR
    (32) variable -> . BOOL
    (33) variable -> . ID
    (34) variable -> . FLOAT
    (63) bin_ops -> . expression ADD expression
    (64) bin_ops -> . expression SUB expression
    (65) bin_ops -> . expression MUL expression
    (66) bin_ops -> . expression DIV expression
    (67) bin_ops -> . expression MOD expression
    (68) bin_ops -> . expression POW expression
    (69) bin_ops -> . expression GT expression
    (70) bin_ops -> . expression LT expression
    (71) bin_ops -> . expression GE expression
    (72) bin_ops -> . expression LE expression
    (73) bin_ops -> . expression EQ expression
    (74) bin_ops -> . expression NE expression
    (75) bin_ops -> . expression AND expression
    (76) bin_ops -> . expression OR expression

  ! shift/reduce conflict for LPAREN resolved as shift
  ! shift/reduce conflict for NOT resolved as shift
  ! shift/reduce conflict for SUB resolved as shift
  ! shift/reduce conflict for LBRACKET resolved as shift
  ! shift/reduce conflict for LBRACE resolved as shift
  ! shift/reduce conflict for LAMBDA resolved as shift
  ! shift/reduce conflict for LET resolved as shift
  ! shift/reduce conflict for ID resolved as shift
  ! shift/reduce conflict for DISP resolved as shift
  ! shift/reduce conflict for ENTRY resolved as shift
  ! shift/reduce conflict for IF resolved as shift
  ! shift/reduce conflict for WHILE resolved as shift
  ! shift/reduce conflict for FUNCTION resolved as shift
  ! shift/reduce conflict for FOR resolved as shift
  ! shift/reduce conflict for CONT resolved as shift
  ! shift/reduce conflict for BREAK resolved as shift
  ! shift/reduce conflict for RETURN resolved as shift
  ! shift/reduce conflict for TRY resolved as shift
  ! shift/reduce conflict for THROW resolved as shift
  ! shift/reduce conflict for ASSERT resolved as shift
  ! shift/reduce conflict for ASSERT_EQ resolved as shift
  ! shift/reduce conflict for ATTEMPT resolved as shift
  ! shift/reduce conflict for LPAREN resolved as shift
  ! shift/reduce conflict for NOT resolved as shift
  ! shift/reduce conflict for SUB resolved as shift
  ! shift/reduce conflict for LBRACKET resolved as shift
  ! shift/reduce conflict for LBRACE resolved as shift
  ! shift/reduce conflict for LAMBDA resolved as shift
  ! shift/reduce conflict for LET resolved as shift
  ! shift/reduce conflict for ID resolved as shift
  ! shift/reduce conflict for DISP resolved as shift
  ! shift/reduce conflict for ENTRY resolved as shift
  ! shift/reduce conflict for IF resolved as shift
  ! shift/reduce conflict for WHILE resolved as shift
  ! shift/reduce conflict for FUNCTION resolved as shift
  ! shift/reduce conflict for FOR resolved as shift
  ! shift/reduce conflict for CONT resolved as shift
  ! shift/reduce conflict for BREAK resolved as shift
  ! shift/reduce conflict for RETURN resolved as shift
  ! shift/reduce conflict for TRY resolved as shift
  ! shift/reduce conflict for THROW resolved as shift
  ! shift/reduce conflict for ASSERT resolved as shift
  ! shift/reduce conflict for ASSERT_EQ resolved as shift
  ! shift/reduce conflict for ATTEMPT resolved as shift
  ! reduce/reduce conflict for INT resolved using rule 105 (try_ok_stmt -> TRY COLON statements OK_CHECK LBRACKET ID COMMA ID RBRACKET COLON statements .)
  ! reduce/reduce conflict for STR resolved using rule 105 (try_ok_stmt -> TRY COLON statements OK_CHECK LBRACKET ID COMMA ID RBRACKET COLON statements .)
  ! reduce/reduce conflict for BOOL resolved using rule 105 (try_ok_stmt -> TRY COLON statements OK_CHECK LBRACKET ID COMMA ID RBRACKET COLON statements .)
  ! reduce/reduce conflict for FLOAT resolved using rule 105 (try_ok_stmt -> TRY COLON statements OK_CHECK LBRACKET ID COMMA ID RBRACKET COLON statements .)
  ! reduce/reduce conflict for $end resolved using rule 105 (try_ok_stmt -> TRY COLON statements OK_CHECK LBRACKET ID COMMA ID RBRACKET COLON statements .)
  ! reduce/reduce conflict for RBRACE resolved using rule 105 (try_ok_stmt -> TRY COLON statements OK_CHECK LBRACKET ID COMMA ID RBRACKET COLON statements .)
  ! reduce/reduce conflict for OK_CHECK resolved using rule 105 (try_ok_stmt -> TRY COLON statements OK_CHECK LBRACKET ID COMMA ID RBRACKET COLON statements .)
  ! reduce/reduce conflict for RPAREN resolved using rule 105 (try_ok_stmt -> TRY COLON statements OK_CHECK LBRACKET ID COMMA ID RBRACKET COLON statements .)
  ! reduce/reduce conflict for FALLBACK resolved using rule 105 (try_ok_stmt -> TRY COLON statements OK_CHECK LBRACKET ID COMMA ID RBRACKET COLON statements .)
  ! shift/reduce conflict for INT resolved as shift
  ! shift/reduce conflict for STR resolved as shift
  ! shift/reduce conflict for BOOL resolved as shift
  ! shift/reduce conflict for FLOAT resolved as shift
    $end            reduce using rule 105 (try_ok_stmt -> TRY COLON statements OK_CHECK LBRACKET ID COMMA ID RBRACKET COLON statements .)
    RBRACE          reduce using rule 105 (try_ok_stmt -> TRY COLON statements OK_CHECK LBRACKET ID COMMA ID RBRACKET COLON statements .)
    OK_CHECK        reduce using rule 105 (try_ok_stmt -> TRY COLON statements OK_CHECK LBRACKET ID COMMA ID RBRACKET COLON statements .)
    RPAREN          reduce using rule 105 (try_ok_stmt -> TRY COLON statements OK_CHECK LBRACKET ID COMMA ID RBRACKET COLON statements .)
    FALLBACK        reduce using rule 105 (try_ok_stmt -> TRY COLON statements OK_CHECK LBRACKET ID COMMA ID RBRACKET COLON statements .)
    LPAREN          shift and go to state 26
    NOT             shift and go to state 27
    SUB             shift and go to state 28
    LBRACKET        shift and go to state 29
    LBRACE          shift and go to state 31
    LAMBDA          shift and go to state 32
    LET             shift and go to state 33
    ID              shift and go to state 30
    DISP            shift and go to state 34
    ENTRY           shift and go to state 35
    IF              shift and go to state 36
    WHILE           shift and go to state 37
    FUNCTION        shift and go to state 38
    FOR             shift and go to state 39
    CONT            shift and go to state 40
    BREAK           shift and go to state 41
    RETURN          shift and go to state 42
    TRY             shift and go to state 43
    THROW           shift and go to state 44
    ASSERT          shift and go to state 45
    ASSERT_EQ       shift and go to state 46
    ATTEMPT         shift and go to state 47
    INT             shift and go to state 48
    STR             shift and go to state 49
    BOOL            shift and go to state 50
    FLOAT           shift and go to state 51

  ! LPAREN          [ reduce using rule 105 (try_ok_stmt -> TRY COLON statements OK_CHECK LBRACKET ID COMMA ID RBRACKET COLON statements .) ]
  ! NOT             [ reduce using rule 105 (try_ok_stmt -> TRY COLON statements OK_CHECK LBRACKET ID COMMA ID RBRACKET COLON statements .) ]
  ! SUB             [ reduce using rule 105 (try_ok_stmt -> TRY COLON statements OK_CHECK LBRACKET ID COMMA ID RBRACKET COLON statements .) ]
  ! LBRACKET        [ reduce using rule 105 (try_ok_stmt -> TRY COLON statements OK_CHECK LBRACKET ID COMMA ID RBRACKET COLON statements .) ]
  ! LBRACE          [ reduce using rule 105 (try_ok_stmt -> TRY COLON statements OK_CHECK LBRACKET ID COMMA ID RBRACKET COLON statements .) ]
  ! LAMBDA          [ reduce using rule 105 (try_ok_stmt -> TRY COLON statements OK_CHECK LBRACKET ID COMMA ID RBRACKET COLON statements .) ]
  ! LET             [ reduce using rule 105 (try_ok_stmt -> TRY COLON statements OK_CHECK LBRACKET ID COMMA ID RBRACKET COLON statements .) ]
  ! ID              [ reduce using rule 105 (try_ok_stmt -> TRY COLON statements OK_CHECK LBRACKET ID COMMA ID RBRACKET COLON statements .) ]
  ! DISP            [ reduce using rule 105 (try_ok_stmt -> TRY COLON statements OK_CHECK LBRACKET ID COMMA ID RBRACKET COLON statements .) ]
  ! ENTRY           [ reduce using rule 105 (try_ok_stmt -> TRY COLON statements OK_CHECK LBRACKET ID COMMA ID RBRACKET COLON statements .) ]
  ! IF              [ reduce using rule 105 (try_ok_stmt -> TRY COLON statements OK_CHECK LBRACKET ID COMMA ID RBRACKET COLON statements .) ]
  ! WHILE           [ reduce using rule 105 (try_ok_stmt -> TRY COLON statements OK_CHECK LBRACKET ID COMMA ID RBRACKET COLON statements .) ]
  ! FUNCTION        [ reduce using rule 105 (try_ok_stmt -> TRY COLON statements OK_CHECK LBRACKET ID COMMA ID RBRACKET COLON statements .) ]
  ! FOR             [ reduce using rule 105 (try_ok_stmt -> TRY COLON statements OK_CHECK LBRACKET ID COMMA ID RBRACKET COLON statements .) ]
  ! CONT            [ reduce using rule 105 (try_ok_stmt -> TRY COLON statements OK_CHECK LBRACKET ID COMMA ID RBRACKET COLON statements .) ]
  ! BREAK           [ reduce using rule 105 (try_ok_stmt -> TRY COLON statements OK_CHECK LBRACKET ID COMMA ID RBRACKET COLON statements .) ]
  ! RETURN          [ reduce using rule 105 (try_ok_stmt -> TRY COLON statements OK_CHECK LBRACKET ID COMMA ID RBRACKET COLON statements .) ]
  ! TRY             [ reduce using rule 105 (try_ok_stmt -> TRY COLON statements OK_CHECK LBRACKET ID COMMA ID RBRACKET COLON statements .) ]
  ! THROW           [ reduce using rule 105 (try_ok_stmt -> TRY COLON statements OK_CHECK LBRACKET ID COMMA ID RBRACKET COLON statements .) ]
  ! ASSERT          [ reduce using rule 105 (try_ok_stmt -> TRY COLON statements OK_CHECK LBRACKET ID COMMA ID RBRACKET COLON statements .) ]
  ! ASSERT_EQ       [ reduce using rule 105 (try_ok_stmt -> TRY COLON statements OK_CHECK LBRACKET ID COMMA ID RBRACKET COLON statements .) ]
  ! ATTEMPT         [ reduce using rule 105 (try_ok_stmt -> TRY COLON statements OK_CHECK LBRACKET ID COMMA ID RBRACKET COLON statements .) ]
  ! INT             [ reduce using rule 105 (try_ok_stmt -> TRY COLON statements OK_CHECK LBRACKET ID COMMA ID RBRACKET COLON statements .) ]
  ! STR             [ reduce using rule 105 (try_ok_stmt -> TRY COLON statements OK_CHECK LBRACKET ID COMMA ID RBRACKET COLON statements .) ]
  ! BOOL            [ reduce using rule 105 (try_ok_stmt -> TRY COLON statements OK_CHECK LBRACKET ID COMMA ID RBRACKET COLON statements .) ]
  ! FLOAT           [ reduce using rule 105 (try_ok_stmt -> TRY COLON statements OK_CHECK LBRACKET ID COMMA ID RBRACKET COLON statements .) ]
  ! LPAREN          [ reduce using rule 118 (empty -> .) ]
  ! NOT             [ reduce using rule 118 (empty -> .) ]
  ! SUB             [ reduce using rule 118 (empty -> .) ]
  ! LBRACKET        [ reduce using rule 118 (empty -> .) ]
  ! LBRACE          [ reduce using rule 118 (empty -> .) ]
  ! LAMBDA          [ reduce using rule 118 (empty -> .) ]
  ! LET             [ reduce using rule 118 (empty -> .) ]
  ! ID              [ reduce using rule 118 (empty -> .) ]
  ! DISP            [ reduce using rule 118 (empty -> .) ]
  ! ENTRY           [ reduce using rule 118 (empty -> .) ]
  ! IF              [ reduce using rule 118 (empty -> .) ]
  ! WHILE           [ reduce using rule 118 (empty -> .) ]
  ! FUNCTION        [ reduce using rule 118 (empty -> .) ]
  ! FOR             [ reduce using rule 118 (empty -> .) ]
  ! CONT            [ reduce using rule 118 (empty -> .) ]
  ! BREAK           [ reduce using rule 118 (empty -> .) ]
  ! RETURN          [ reduce using rule 118 (empty -> .) ]
  ! TRY             [ reduce using rule 118 (empty -> .) ]
  ! THROW           [ reduce using rule 118 (empty -> .) ]
  ! ASSERT          [ reduce using rule 118 (empty -> .) ]
  ! ASSERT_EQ       [ reduce using rule 118 (empty -> .) ]
  ! ATTEMPT         [ reduce using rule 118 (empty -> .) ]
  ! INT             [ reduce using rule 118 (empty -> .) ]
  ! STR             [ reduce using rule 118 (empty -> .) ]
  ! BOOL            [ reduce using rule 118 (empty -> .) ]
  ! FLOAT           [ reduce using rule 118 (empty -> .) ]
  ! $end            [ reduce using rule 118 (empty -> .) ]
  ! RBRACE          [ reduce using rule 118 (empty -> .) ]
  ! OK_CHECK        [ reduce using rule 118 (empty -> .) ]
  ! RPAREN          [ reduce using rule 118 (empty -> .) ]
  ! FALLBACK        [ reduce using rule 118 (empty -> .) ]

    statement                      shift and go to state 52
    expression                     shift and go to state 4
    assign_stmt                    shift and go to state 5
    statement_index_assign         shift and go to state 6
    disp_stmt                      shift and go to state 7
    entry_stmt                     shift and go to state 8
    If_Else_stmt                   shift and go to state 9
    while_stmt                     shift and go to state 10
    block                          shift and go to state 11
    function_stmt                  shift and go to state 12
    for_stmt                       shift and go to state 13
    continue_stmt                  shift and go to state 14
    break_stmt                     shift and go to state 15
    return_stmt                    shift and go to state 16
    call_stmt                      shift and go to state 17
    try_ok_stmt                    shift and go to state 18
    throw_stmt                     shift and go to state 19
    assert_stmt                    shift and go to state 20
    assert_eq_stmt                 shift and go to state 21
    attempt_stmt                   shift and go to state 22
    empty                          shift and go to state 23
    variable                       shift and go to state 24
    bin_ops                        shift and go to state 25
WARNING: 
WARNING: Conflicts:
WARNING: 
WARNING: shift/reduce conflict for LPAREN in state 0 resolved as shift
WARNING: shift/reduce conflict for NOT in state 0 resolved as shift
WARNING: shift/reduce conflict for SUB in state 0 resolved as shift
WARNING: shift/reduce conflict for LBRACKET in state 0 resolved as shift
WARNING: shift/reduce conflict for LBRACE in state 0 resolved as shift
WARNING: shift/reduce conflict for LAMBDA in state 0 resolved as shift
WARNING: shift/reduce conflict for LET in state 0 resolved as shift
WARNING: shift/reduce conflict for ID in state 0 resolved as shift
WARNING: shift/reduce conflict for DISP in state 0 resolved as shift
WARNING: shift/reduce conflict for ENTRY in state 0 resolved as shift
WARNING: shift/reduce conflict for IF in state 0 resolved as shift
WARNING: shift/reduce conflict for WHILE in state 0 resolved as shift
WARNING: shift/reduce conflict for FUNCTION in state 0 resolved as shift
WARNING: shift/reduce conflict for FOR in state 0 resolved as shift
WARNING: shift/reduce conflict for CONT in state 0 resolved as shift
WARNING: shift/reduce conflict for BREAK in state 0 resolved as shift
WARNING: shift/reduce conflict for RETURN in state 0 resolved as shift
WARNING: shift/reduce conflict for TRY in state 0 resolved as shift
WARNING: shift/reduce conflict for THROW in state 0 resolved as shift
WARNING: shift/reduce conflict for ASSERT in state 0 resolved as shift
WARNING: shift/reduce conflict for ASSERT_EQ in state 0 resolved as shift
WARNING: shift/reduce conflict for ATTEMPT in state 0 resolved as shift
WARNING: shift/reduce conflict for INT in state 0 resolved as shift
WARNING: shift/reduce conflict for STR in state 0 resolved as shift
WARNING: shift/reduce conflict for BOOL in state 0 resolved as shift
WARNING: shift/reduce conflict for FLOAT in state 0 resolved as shift
WARNING: shift/reduce conflict for LPAREN in state 2 resolved as shift
WARNING: shift/reduce conflict for NOT in state 2 resolved as shift
WARNING: shift/reduce conflict for SUB in state 2 resolved as shift
WARNING: shift/reduce conflict for LBRACKET in state 2 resolved as shift
WARNING: shift/reduce conflict for LBRACE in state 2 resolved as shift
WARNING: shift/reduce conflict for LAMBDA in state 2 resolved as shift
WARNING: shift/reduce conflict for LET in state 2 resolved as shift
WARNING: shift/reduce conflict for ID in state 2 resolved as shift
WARNING: shift/reduce conflict for DISP in state 2 resolved as shift
WARNING: shift/reduce conflict for ENTRY in state 2 resolved as shift
WARNING: shift/reduce conflict for IF in state 2 resolved as shift
WARNING: shift/reduce conflict for WHILE in state 2 resolved as shift
WARNING: shift/reduce conflict for FUNCTION in state 2 resolved as shift
WARNING: shift/reduce conflict for FOR in state 2 resolved as shift
WARNING: shift/reduce conflict for CONT in state 2 resolved as shift
WARNING: shift/reduce conflict for BREAK in state 2 resolved as shift
WARNING: shift/reduce conflict for RETURN in state 2 resolved as shift
WARNING: shift/reduce conflict for TRY in state 2 resolved as shift
WARNING: shift/reduce conflict for THROW in state 2 resolved as shift
WARNING: shift/reduce conflict for ASSERT in state 2 resolved as shift
WARNING: shift/reduce conflict for ASSERT_EQ in state 2 resolved as shift
WARNING: shift/reduce conflict for ATTEMPT in state 2 resolved as shift
WARNING: shift/reduce conflict for INT in state 2 resolved as shift
WARNING: shift/reduce conflict for STR in state 2 resolved as shift
WARNING: shift/reduce conflict for BOOL in state 2 resolved as shift
WARNING: shift/reduce conflict for FLOAT in state 2 resolved as shift
WARNING: shift/reduce conflict for SUB in state 4 resolved as shift
WARNING: shift/reduce conflict for LBRACKET in state 4 resolved as shift
WARNING: shift/reduce conflict for LPAREN in state 30 resolved as shift
WARNING: shift/reduce conflict for LPAREN in state 31 resolved as shift
WARNING: shift/reduce conflict for NOT in state 31 resolved as shift
WARNING: shift/reduce conflict for SUB in state 31 resolved as shift
WARNING: shift/reduce conflict for LBRACKET in state 31 resolved as shift
WARNING: shift/reduce conflict for LBRACE in state 31 resolved as shift
WARNING: shift/reduce conflict for LAMBDA in state 31 resolved as shift
WARNING: shift/reduce conflict for LET in state 31 resolved as shift
WARNING: shift/reduce conflict for ID in state 31 resolved as shift
WARNING: shift/reduce conflict for DISP in state 31 resolved as shift
WARNING: shift/reduce conflict for ENTRY in state 31 resolved as shift
WARNING: shift/reduce conflict for IF in state 31 resolved as shift
WARNING: shift/reduce conflict for WHILE in state 31 resolved as shift
WARNING: shift/reduce conflict for FUNCTION in state 31 resolved as shift
WARNING: shift/reduce conflict for FOR in state 31 resolved as shift
WARNING: shift/reduce conflict for CONT in state 31 resolved as shift
WARNING: shift/reduce conflict for BREAK in state 31 resolved as shift
WARNING: shift/reduce conflict for RETURN in state 31 resolved as shift
WARNING: shift/reduce conflict for TRY in state 31 resolved as shift
WARNING: shift/reduce conflict for THROW in state 31 resolved as shift
WARNING: shift/reduce conflict for ASSERT in state 31 resolved as shift
WARNING: shift/reduce conflict for ASSERT_EQ in state 31 resolved as shift
WARNING: shift/reduce conflict for ATTEMPT in state 31 resolved as shift
WARNING: shift/reduce conflict for INT in state 31 resolved as shift
WARNING: shift/reduce conflict for STR in state 31 resolved as shift
WARNING: shift/reduce conflict for BOOL in state 31 resolved as shift
WARNING: shift/reduce conflict for FLOAT in state 31 resolved as shift
WARNING: shift/reduce conflict for LPAREN in state 35 resolved as shift
WARNING: shift/reduce conflict for LPAREN in state 42 resolved as shift
WARNING: shift/reduce conflict for NOT in state 42 resolved as shift
WARNING: shift/reduce conflict for SUB in state 42 resolved as shift
WARNING: shift/reduce conflict for LBRACKET in state 42 resolved as shift
WARNING: shift/reduce conflict for LBRACE in state 42 resolved as shift
WARNING: shift/reduce conflict for LAMBDA in state 42 resolved as shift
WARNING: shift/reduce conflict for ID in state 42 resolved as shift
WARNING: shift/reduce conflict for INT in state 42 resolved as shift
WARNING: shift/reduce conflict for STR in state 42 resolved as shift
WARNING: shift/reduce conflict for BOOL in state 42 resolved as shift
WARNING: shift/reduce conflict for FLOAT in state 42 resolved as shift
WARNING: shift/reduce conflict for LPAREN in state 74 resolved as shift
WARNING: shift/reduce conflict for RBRACE in state 84 resolved as shift
WARNING: shift/reduce conflict for RBRACE in state 85 resolved as shift
WARNING: shift/reduce conflict for LPAREN in state 85 resolved as shift
WARNING: shift/reduce conflict for NOT in state 85 resolved as shift
WARNING: shift/reduce conflict for SUB in state 85 resolved as shift
WARNING: shift/reduce conflict for LBRACKET in state 85 resolved as shift
WARNING: shift/reduce conflict for LBRACE in state 85 resolved as shift
WARNING: shift/reduce conflict for LAMBDA in state 85 resolved as shift
WARNING: shift/reduce conflict for LET in state 85 resolved as shift
WARNING: shift/reduce conflict for ID in state 85 resolved as shift
WARNING: shift/reduce conflict for DISP in state 85 resolved as shift
WARNING: shift/reduce conflict for ENTRY in state 85 resolved as shift
WARNING: shift/reduce conflict for IF in state 85 resolved as shift
WARNING: shift/reduce conflict for WHILE in state 85 resolved as shift
WARNING: shift/reduce conflict for FUNCTION in state 85 resolved as shift
WARNING: shift/reduce conflict for FOR in state 85 resolved as shift
WARNING: shift/reduce conflict for CONT in state 85 resolved as shift
WARNING: shift/reduce conflict for BREAK in state 85 resolved as shift
WARNING: shift/reduce conflict for RETURN in state 85 resolved as shift
WARNING: shift/reduce conflict for TRY in state 85 resolved as shift
WARNING: shift/reduce conflict for THROW in state 85 resolved as shift
WARNING: shift/reduce conflict for ASSERT in state 85 resolved as shift
WARNING: shift/reduce conflict for ASSERT_EQ in state 85 resolved as shift
WARNING: shift/reduce conflict for ATTEMPT in state 85 resolved as shift
WARNING: shift/reduce conflict for INT in state 85 resolved as shift
WARNING: shift/reduce conflict for STR in state 85 resolved as shift
WARNING: shift/reduce conflict for BOOL in state 85 resolved as shift
WARNING: shift/reduce conflict for FLOAT in state 85 resolved as shift
WARNING: shift/reduce conflict for SUB in state 87 resolved as shift
WARNING: shift/reduce conflict for LBRACKET in state 87 resolved as shift
WARNING: shift/reduce conflict for LPAREN in state 96 resolved as shift
WARNING: shift/reduce conflict for NOT in state 96 resolved as shift
WARNING: shift/reduce conflict for SUB in state 96 resolved as shift
WARNING: shift/reduce conflict for LBRACKET in state 96 resolved as shift
WARNING: shift/reduce conflict for LBRACE in state 96 resolved as shift
WARNING: shift/reduce conflict for LAMBDA in state 96 resolved as shift
WARNING: shift/reduce conflict for ID in state 96 resolved as shift
WARNING: shift/reduce conflict for INT in state 96 resolved as shift
WARNING: shift/reduce conflict for STR in state 96 resolved as shift
WARNING: shift/reduce conflict for BOOL in state 96 resolved as shift
WARNING: shift/reduce conflict for FLOAT in state 96 resolved as shift
WARNING: shift/reduce conflict for SUB in state 100 resolved as shift
WARNING: shift/reduce conflict for LBRACKET in state 100 resolved as shift
WARNING: shift/reduce conflict for LPAREN in state 102 resolved as shift
WARNING: shift/reduce conflict for NOT in state 102 resolved as shift
WARNING: shift/reduce conflict for SUB in state 102 resolved as shift
WARNING: shift/reduce conflict for LBRACKET in state 102 resolved as shift
WARNING: shift/reduce conflict for LBRACE in state 102 resolved as shift
WARNING: shift/reduce conflict for LAMBDA in state 102 resolved as shift
WARNING: shift/reduce conflict for LET in state 102 resolved as shift
WARNING: shift/reduce conflict for ID in state 102 resolved as shift
WARNING: shift/reduce conflict for DISP in state 102 resolved as shift
WARNING: shift/reduce conflict for ENTRY in state 102 resolved as shift
WARNING: shift/reduce conflict for IF in state 102 resolved as shift
WARNING: shift/reduce conflict for WHILE in state 102 resolved as shift
WARNING: shift/reduce conflict for FUNCTION in state 102 resolved as shift
WARNING: shift/reduce conflict for FOR in state 102 resolved as shift
WARNING: shift/reduce conflict for CONT in state 102 resolved as shift
WARNING: shift/reduce conflict for BREAK in state 102 resolved as shift
WARNING: shift/reduce conflict for RETURN in state 102 resolved as shift
WARNING: shift/reduce conflict for TRY in state 102 resolved as shift
WARNING: shift/reduce conflict for THROW in state 102 resolved as shift
WARNING: shift/reduce conflict for ASSERT in state 102 resolved as shift
WARNING: shift/reduce conflict for ASSERT_EQ in state 102 resolved as shift
WARNING: shift/reduce conflict for ATTEMPT in state 102 resolved as shift
WARNING: shift/reduce conflict for INT in state 102 resolved as shift
WARNING: shift/reduce conflict for STR in state 102 resolved as shift
WARNING: shift/reduce conflict for BOOL in state 102 resolved as shift
WARNING: shift/reduce conflict for FLOAT in state 102 resolved as shift
WARNING: shift/reduce conflict for SUB in state 103 resolved as shift
WARNING: shift/reduce conflict for LBRACKET in state 103 resolved as shift
WARNING: shift/reduce conflict for SUB in state 104 resolved as shift
WARNING: shift/reduce conflict for LBRACKET in state 104 resolved as shift
WARNING: shift/reduce conflict for LBRACKET in state 121 resolved as shift
WARNING: shift/reduce conflict for DOT in state 121 resolved as shift
WARNING: shift/reduce conflict for ADD in state 121 resolved as shift
WARNING: shift/reduce conflict for SUB in state 121 resolved as shift
WARNING: shift/reduce conflict for MUL in state 121 resolved as shift
WARNING: shift/reduce conflict for DIV in state 121 resolved as shift
WARNING: shift/reduce conflict for MOD in state 121 resolved as shift
WARNING: shift/reduce conflict for POW in state 121 resolved as shift
WARNING: shift/reduce conflict for GT in state 121 resolved as shift
WARNING: shift/reduce conflict for LT in state 121 resolved as shift
WARNING: shift/reduce conflict for GE in state 121 resolved as shift
WARNING: shift/reduce conflict for LE in state 121 resolved as shift
WARNING: shift/reduce conflict for EQ in state 121 resolved as shift
WARNING: shift/reduce conflict for NE in state 121 resolved as shift
WARNING: shift/reduce conflict for AND in state 121 resolved as shift
WARNING: shift/reduce conflict for OR in state 121 resolved as shift
WARNING: shift/reduce conflict for LBRACKET in state 122 resolved as shift
WARNING: shift/reduce conflict for DOT in state 122 resolved as shift
WARNING: shift/reduce conflict for ADD in state 122 resolved as shift
WARNING: shift/reduce conflict for SUB in state 122 resolved as shift
WARNING: shift/reduce conflict for MUL in state 122 resolved as shift
WARNING: shift/reduce conflict for DIV in state 122 resolved as shift
WARNING: shift/reduce conflict for MOD in state 122 resolved as shift
WARNING: shift/reduce conflict for POW in state 122 resolved as shift
WARNING: shift/reduce conflict for GT in state 122 resolved as shift
WARNING: shift/reduce conflict for LT in state 122 resolved as shift
WARNING: shift/reduce conflict for GE in state 122 resolved as shift
WARNING: shift/reduce conflict for LE in state 122 resolved as shift
WARNING: shift/reduce conflict for EQ in state 122 resolved as shift
WARNING: shift/reduce conflict for NE in state 122 resolved as shift
WARNING: shift/reduce conflict for AND in state 122 resolved as shift
WARNING: shift/reduce conflict for OR in state 122 resolved as shift
WARNING: shift/reduce conflict for SUB in state 130 resolved as shift
WARNING: shift/reduce conflict for LBRACKET in state 130 resolved as shift
WARNING: shift/reduce conflict for LPAREN in state 148 resolved as shift
WARNING: shift/reduce conflict for NOT in state 148 resolved as shift
WARNING: shift/reduce conflict for SUB in state 148 resolved as shift
WARNING: shift/reduce conflict for LBRACKET in state 148 resolved as shift
WARNING: shift/reduce conflict for LBRACE in state 148 resolved as shift
WARNING: shift/reduce conflict for LAMBDA in state 148 resolved as shift
WARNING: shift/reduce conflict for LET in state 148 resolved as shift
WARNING: shift/reduce conflict for ID in state 148 resolved as shift
WARNING: shift/reduce conflict for DISP in state 148 resolved as shift
WARNING: shift/reduce conflict for ENTRY in state 148 resolved as shift
WARNING: shift/reduce conflict for IF in state 148 resolved as shift
WARNING: shift/reduce conflict for WHILE in state 148 resolved as shift
WARNING: shift/reduce conflict for FUNCTION in state 148 resolved as shift
WARNING: shift/reduce conflict for FOR in state 148 resolved as shift
WARNING: shift/reduce conflict for CONT in state 148 resolved as shift
WARNING: shift/reduce conflict for BREAK in state 148 resolved as shift
WARNING: shift/reduce conflict for RETURN in state 148 resolved as shift
WARNING: shift/reduce conflict for TRY in state 148 resolved as shift
WARNING: shift/reduce conflict for THROW in state 148 resolved as shift
WARNING: shift/reduce conflict for ASSERT in state 148 resolved as shift
WARNING: shift/reduce conflict for ASSERT_EQ in state 148 resolved as shift
WARNING: shift/reduce conflict for ATTEMPT in state 148 resolved as shift
WARNING: shift/reduce conflict for INT in state 148 resolved as shift
WARNING: shift/reduce conflict for STR in state 148 resolved as shift
WARNING: shift/reduce conflict for BOOL in state 148 resolved as shift
WARNING: shift/reduce conflict for FLOAT in state 148 resolved as shift
WARNING: shift/reduce conflict for SUB in state 154 resolved as shift
WARNING: shift/reduce conflict for LBRACKET in state 154 resolved as shift
WARNING: shift/reduce conflict for OK_CHECK in state 157 resolved as shift
WARNING: shift/reduce conflict for OK_CHECK in state 158 resolved as shift
WARNING: shift/reduce conflict for LPAREN in state 158 resolved as shift
WARNING: shift/reduce conflict for NOT in state 158 resolved as shift
WARNING: shift/reduce conflict for SUB in state 158 resolved as shift
WARNING: shift/reduce conflict for LBRACKET in state 158 resolved as shift
WARNING: shift/reduce conflict for LBRACE in state 158 resolved as shift
WARNING: shift/reduce conflict for LAMBDA in state 158 resolved as shift
WARNING: shift/reduce conflict for LET in state 158 resolved as shift
WARNING: shift/reduce conflict for ID in state 158 resolved as shift
WARNING: shift/reduce conflict for DISP in state 158 resolved as shift
WARNING: shift/reduce conflict for ENTRY in state 158 resolved as shift
WARNING: shift/reduce conflict for IF in state 158 resolved as shift
WARNING: shift/reduce conflict for WHILE in state 158 resolved as shift
WARNING: shift/reduce conflict for FUNCTION in state 158 resolved as shift
WARNING: shift/reduce conflict for FOR in state 158 resolved as shift
WARNING: shift/reduce conflict for CONT in state 158 resolved as shift
WARNING: shift/reduce conflict for BREAK in state 158 resolved as shift
WARNING: shift/reduce conflict for RETURN in state 158 resolved as shift
WARNING: shift/reduce conflict for TRY in state 158 resolved as shift
WARNING: shift/reduce conflict for THROW in state 158 resolved as shift
WARNING: shift/reduce conflict for ASSERT in state 158 resolved as shift
WARNING: shift/reduce conflict for ASSERT_EQ in state 158 resolved as shift
WARNING: shift/reduce conflict for ATTEMPT in state 158 resolved as shift
WARNING: shift/reduce conflict for INT in state 158 resolved as shift
WARNING: shift/reduce conflict for STR in state 158 resolved as shift
WARNING: shift/reduce conflict for BOOL in state 158 resolved as shift
WARNING: shift/reduce conflict for FLOAT in state 158 resolved as shift
WARNING: shift/reduce conflict for LPAREN in state 159 resolved as shift
WARNING: shift/reduce conflict for NOT in state 159 resolved as shift
WARNING: shift/reduce conflict for SUB in state 159 resolved as shift
WARNING: shift/reduce conflict for LBRACKET in state 159 resolved as shift
WARNING: shift/reduce conflict for LBRACE in state 159 resolved as shift
WARNING: shift/reduce conflict for LAMBDA in state 159 resolved as shift
WARNING: shift/reduce conflict for LET in state 159 resolved as shift
WARNING: shift/reduce conflict for ID in state 159 resolved as shift
WARNING: shift/reduce conflict for DISP in state 159 resolved as shift
WARNING: shift/reduce conflict for ENTRY in state 159 resolved as shift
WARNING: shift/reduce conflict for IF in state 159 resolved as shift
WARNING: shift/reduce conflict for WHILE in state 159 resolved as shift
WARNING: shift/reduce conflict for FUNCTION in state 159 resolved as shift
WARNING: shift/reduce conflict for FOR in state 159 resolved as shift
WARNING: shift/reduce conflict for CONT in state 159 resolved as shift
WARNING: shift/reduce conflict for BREAK in state 159 resolved as shift
WARNING: shift/reduce conflict for RETURN in state 159 resolved as shift
WARNING: shift/reduce conflict for TRY in state 159 resolved as shift
WARNING: shift/reduce conflict for THROW in state 159 resolved as shift
WARNING: shift/reduce conflict for ASSERT in state 159 resolved as shift
WARNING: shift/reduce conflict for ASSERT_EQ in state 159 resolved as shift
WARNING: shift/reduce conflict for ATTEMPT in state 159 resolved as shift
WARNING: shift/reduce conflict for INT in state 159 resolved as shift
WARNING: shift/reduce conflict for STR in state 159 resolved as shift
WARNING: shift/reduce conflict for BOOL in state 159 resolved as shift
WARNING: shift/reduce conflict for FLOAT in state 159 resolved as shift
WARNING: shift/reduce conflict for LBRACKET in state 186 resolved as shift
WARNING: shift/reduce conflict for SUB in state 187 resolved as shift
WARNING: shift/reduce conflict for LBRACKET in state 187 resolved as shift
WARNING: shift/reduce conflict for SUB in state 198 resolved as shift
WARNING: shift/reduce conflict for LBRACKET in state 198 resolved as shift
WARNING: shift/reduce conflict for SUB in state 199 resolved as shift
WARNING: shift/reduce conflict for LBRACKET in state 199 resolved as shift
WARNING: shift/reduce conflict for SUB in state 200 resolved as shift
WARNING: shift/reduce conflict for LBRACKET in state 200 resolved as shift
WARNING: shift/reduce conflict for LBRACKET in state 208 resolved as shift
WARNING: shift/reduce conflict for DOT in state 208 resolved as shift
WARNING: shift/reduce conflict for ADD in state 208 resolved as shift
WARNING: shift/reduce conflict for SUB in state 208 resolved as shift
WARNING: shift/reduce conflict for MUL in state 208 resolved as shift
WARNING: shift/reduce conflict for DIV in state 208 resolved as shift
WARNING: shift/reduce conflict for MOD in state 208 resolved as shift
WARNING: shift/reduce conflict for POW in state 208 resolved as shift
WARNING: shift/reduce conflict for GT in state 208 resolved as shift
WARNING: shift/reduce conflict for LT in state 208 resolved as shift
WARNING: shift/reduce conflict for GE in state 208 resolved as shift
WARNING: shift/reduce conflict for LE in state 208 resolved as shift
WARNING: shift/reduce conflict for EQ in state 208 resolved as shift
WARNING: shift/reduce conflict for NE in state 208 resolved as shift
WARNING: shift/reduce conflict for AND in state 208 resolved as shift
WARNING: shift/reduce conflict for OR in state 208 resolved as shift
WARNING: shift/reduce conflict for LBRACKET in state 212 resolved as shift
WARNING: shift/reduce conflict for LPAREN in state 225 resolved as shift
WARNING: shift/reduce conflict for NOT in state 225 resolved as shift
WARNING: shift/reduce conflict for SUB in state 225 resolved as shift
WARNING: shift/reduce conflict for LBRACKET in state 225 resolved as shift
WARNING: shift/reduce conflict for LBRACE in state 225 resolved as shift
WARNING: shift/reduce conflict for LAMBDA in state 225 resolved as shift
WARNING: shift/reduce conflict for LET in state 225 resolved as shift
WARNING: shift/reduce conflict for ID in state 225 resolved as shift
WARNING: shift/reduce conflict for DISP in state 225 resolved as shift
WARNING: shift/reduce conflict for ENTRY in state 225 resolved as shift
WARNING: shift/reduce conflict for IF in state 225 resolved as shift
WARNING: shift/reduce conflict for WHILE in state 225 resolved as shift
WARNING: shift/reduce conflict for FUNCTION in state 225 resolved as shift
WARNING: shift/reduce conflict for FOR in state 225 resolved as shift
WARNING: shift/reduce conflict for CONT in state 225 resolved as shift
WARNING: shift/reduce conflict for BREAK in state 225 resolved as shift
WARNING: shift/reduce conflict for RETURN in state 225 resolved as shift
WARNING: shift/reduce conflict for TRY in state 225 resolved as shift
WARNING: shift/reduce conflict for THROW in state 225 resolved as shift
WARNING: shift/reduce conflict for ASSERT in state 225 resolved as shift
WARNING: shift/reduce conflict for ASSERT_EQ in state 225 resolved as shift
WARNING: shift/reduce conflict for ATTEMPT in state 225 resolved as shift
WARNING: shift/reduce conflict for INT in state 225 resolved as shift
WARNING: shift/reduce conflict for STR in state 225 resolved as shift
WARNING: shift/reduce conflict for BOOL in state 225 resolved as shift
WARNING: shift/reduce conflict for FLOAT in state 225 resolved as shift
WARNING: shift/reduce conflict for LPAREN in state 229 resolved as shift
WARNING: shift/reduce conflict for NOT in state 229 resolved as shift
WARNING: shift/reduce conflict for SUB in state 229 resolved as shift
WARNING: shift/reduce conflict for LBRACKET in state 229 resolved as shift
WARNING: shift/reduce conflict for LBRACE in state 229 resolved as shift
WARNING: shift/reduce conflict for LAMBDA in state 229 resolved as shift
WARNING: shift/reduce conflict for LET in state 229 resolved as shift
WARNING: shift/reduce conflict for ID in state 229 resolved as shift
WARNING: shift/reduce conflict for DISP in state 229 resolved as shift
WARNING: shift/reduce conflict for ENTRY in state 229 resolved as shift
WARNING: shift/reduce conflict for IF in state 229 resolved as shift
WARNING: shift/reduce conflict for WHILE in state 229 resolved as shift
WARNING: shift/reduce conflict for FUNCTION in state 229 resolved as shift
WARNING: shift/reduce conflict for FOR in state 229 resolved as shift
WARNING: shift/reduce conflict for CONT in state 229 resolved as shift
WARNING: shift/reduce conflict for BREAK in state 229 resolved as shift
WARNING: shift/reduce conflict for RETURN in state 229 resolved as shift
WARNING: shift/reduce conflict for TRY in state 229 resolved as shift
WARNING: shift/reduce conflict for THROW in state 229 resolved as shift
WARNING: shift/reduce conflict for ASSERT in state 229 resolved as shift
WARNING: shift/reduce conflict for ASSERT_EQ in state 229 resolved as shift
WARNING: shift/reduce conflict for ATTEMPT in state 229 resolved as shift
WARNING: shift/reduce conflict for INT in state 229 resolved as shift
WARNING: shift/reduce conflict for STR in state 229 resolved as shift
WARNING: shift/reduce conflict for BOOL in state 229 resolved as shift
WARNING: shift/reduce conflict for FLOAT in state 229 resolved as shift
WARNING: shift/reduce conflict for SUB in state 230 resolved as shift
WARNING: shift/reduce conflict for LBRACKET in state 230 resolved as shift
WARNING: shift/reduce conflict for LBRACKET in state 233 resolved as shift
WARNING: shift/reduce conflict for DOT in state 233 resolved as shift
WARNING: shift/reduce conflict for ADD in state 233 resolved as shift
WARNING: shift/reduce conflict for SUB in state 233 resolved as shift
WARNING: shift/reduce conflict for MUL in state 233 resolved as shift
WARNING: shift/reduce conflict for DIV in state 233 resolved as shift
WARNING: shift/reduce conflict for MOD in state 233 resolved as shift
WARNING: shift/reduce conflict for POW in state 233 resolved as shift
WARNING: shift/reduce conflict for GT in state 233 resolved as shift
WARNING: shift/reduce conflict for LT in state 233 resolved as shift
WARNING: shift/reduce conflict for GE in state 233 resolved as shift
WARNING: shift/reduce conflict for LE in state 233 resolved as shift
WARNING: shift/reduce conflict for EQ in state 233 resolved as shift
WARNING: shift/reduce conflict for NE in state 233 resolved as shift
WARNING: shift/reduce conflict for AND in state 233 resolved as shift
WARNING: shift/reduce conflict for OR in state 233 resolved as shift
WARNING: shift/reduce conflict for SUB in state 235 resolved as shift
WARNING: shift/reduce conflict for LBRACKET in state 235 resolved as shift
WARNING: shift/reduce conflict for LPAREN in state 242 resolved as shift
WARNING: shift/reduce conflict for NOT in state 242 resolved as shift
WARNING: shift/reduce conflict for SUB in state 242 resolved as shift
WARNING: shift/reduce conflict for LBRACKET in state 242 resolved as shift
WARNING: shift/reduce conflict for LBRACE in state 242 resolved as shift
WARNING: shift/reduce conflict for LAMBDA in state 242 resolved as shift
WARNING: shift/reduce conflict for LET in state 242 resolved as shift
WARNING: shift/reduce conflict for ID in state 242 resolved as shift
WARNING: shift/reduce conflict for DISP in state 242 resolved as shift
WARNING: shift/reduce conflict for ENTRY in state 242 resolved as shift
WARNING: shift/reduce conflict for IF in state 242 resolved as shift
WARNING: shift/reduce conflict for WHILE in state 242 resolved as shift
WARNING: shift/reduce conflict for FUNCTION in state 242 resolved as shift
WARNING: shift/reduce conflict for FOR in state 242 resolved as shift
WARNING: shift/reduce conflict for CONT in state 242 resolved as shift
WARNING: shift/reduce conflict for BREAK in state 242 resolved as shift
WARNING: shift/reduce conflict for RETURN in state 242 resolved as shift
WARNING: shift/reduce conflict for TRY in state 242 resolved as shift
WARNING: shift/reduce conflict for THROW in state 242 resolved as shift
WARNING: shift/reduce conflict for ASSERT in state 242 resolved as shift
WARNING: shift/reduce conflict for ASSERT_EQ in state 242 resolved as shift
WARNING: shift/reduce conflict for ATTEMPT in state 242 resolved as shift
WARNING: shift/reduce conflict for LPAREN in state 242 resolved as shift
WARNING: shift/reduce conflict for NOT in state 242 resolved as shift
WARNING: shift/reduce conflict for SUB in state 242 resolved as shift
WARNING: shift/reduce conflict for LBRACKET in state 242 resolved as shift
WARNING: shift/reduce conflict for LBRACE in state 242 resolved as shift
WARNING: shift/reduce conflict for LAMBDA in state 242 resolved as shift
WARNING: shift/reduce conflict for LET in state 242 resolved as shift
WARNING: shift/reduce conflict for ID in state 242 resolved as shift
WARNING: shift/reduce conflict for DISP in state 242 resolved as shift
WARNING: shift/reduce conflict for ENTRY in state 242 resolved as shift
WARNING: shift/reduce conflict for IF in state 242 resolved as shift
WARNING: shift/reduce conflict for WHILE in state 242 resolved as shift
WARNING: shift/reduce conflict for FUNCTION in state 242 resolved as shift
WARNING: shift/reduce conflict for FOR in state 242 resolved as shift
WARNING: shift/reduce conflict for CONT in state 242 resolved as shift
WARNING: shift/reduce conflict for BREAK in state 242 resolved as shift
WARNING: shift/reduce conflict for RETURN in state 242 resolved as shift
WARNING: shift/reduce conflict for TRY in state 242 resolved as shift
WARNING: shift/reduce conflict for THROW in state 242 resolved as shift
WARNING: shift/reduce conflict for ASSERT in state 242 resolved as shift
WARNING: shift/reduce conflict for ASSERT_EQ in state 242 resolved as shift
WARNING: shift/reduce conflict for ATTEMPT in state 242 resolved as shift
WARNING: shift/reduce conflict for INT in state 242 resolved as shift
WARNING: shift/reduce conflict for STR in state 242 resolved as shift
WARNING: shift/reduce conflict for BOOL in state 242 resolved as shift
WARNING: shift/reduce conflict for FLOAT in state 242 resolved as shift
WARNING: shift/reduce conflict for FALLBACK in state 244 resolved as shift
WARNING: shift/reduce conflict for FALLBACK in state 244 resolved as shift
WARNING: shift/reduce conflict for FALLBACK in state 245 resolved as shift
WARNING: shift/reduce conflict for LPAREN in state 245 resolved as shift
WARNING: shift/reduce conflict for NOT in state 245 resolved as shift
WARNING: shift/reduce conflict for SUB in state 245 resolved as shift
WARNING: shift/reduce conflict for LBRACKET in state 245 resolved as shift
WARNING: shift/reduce conflict for LBRACE in state 245 resolved as shift
WARNING: shift/reduce conflict for LAMBDA in state 245 resolved as shift
WARNING: shift/reduce conflict for LET in state 245 resolved as shift
WARNING: shift/reduce conflict for ID in state 245 resolved as shift
WARNING: shift/reduce conflict for DISP in state 245 resolved as shift
WARNING: shift/reduce conflict for ENTRY in state 245 resolved as shift
WARNING: shift/reduce conflict for IF in state 245 resolved as shift
WARNING: shift/reduce conflict for WHILE in state 245 resolved as shift
WARNING: shift/reduce conflict for FUNCTION in state 245 resolved as shift
WARNING: shift/reduce conflict for FOR in state 245 resolved as shift
WARNING: shift/reduce conflict for CONT in state 245 resolved as shift
WARNING: shift/reduce conflict for BREAK in state 245 resolved as shift
WARNING: shift/reduce conflict for RETURN in state 245 resolved as shift
WARNING: shift/reduce conflict for TRY in state 245 resolved as shift
WARNING: shift/reduce conflict for THROW in state 245 resolved as shift
WARNING: shift/reduce conflict for ASSERT in state 245 resolved as shift
WARNING: shift/reduce conflict for ASSERT_EQ in state 245 resolved as shift
WARNING: shift/reduce conflict for ATTEMPT in state 245 resolved as shift
WARNING: shift/reduce conflict for LPAREN in state 245 resolved as shift
WARNING: shift/reduce conflict for NOT in state 245 resolved as shift
WARNING: shift/reduce conflict for SUB in state 245 resolved as shift
WARNING: shift/reduce conflict for LBRACKET in state 245 resolved as shift
WARNING: shift/reduce conflict for LBRACE in state 245 resolved as shift
WARNING: shift/reduce conflict for LAMBDA in state 245 resolved as shift
WARNING: shift/reduce conflict for LET in state 245 resolved as shift
WARNING: shift/reduce conflict for ID in state 245 resolved as shift
WARNING: shift/reduce conflict for DISP in state 245 resolved as shift
WARNING: shift/reduce conflict for ENTRY in state 245 resolved as shift
WARNING: shift/reduce conflict for IF in state 245 resolved as shift
WARNING: shift/reduce conflict for WHILE in state 245 resolved as shift
WARNING: shift/reduce conflict for FUNCTION in state 245 resolved as shift
WARNING: shift/reduce conflict for FOR in state 245 resolved as shift
WARNING: shift/reduce conflict for CONT in state 245 resolved as shift
WARNING: shift/reduce conflict for BREAK in state 245 resolved as shift
WARNING: shift/reduce conflict for RETURN in state 245 resolved as shift
WARNING: shift/reduce conflict for TRY in state 245 resolved as shift
WARNING: shift/reduce conflict for THROW in state 245 resolved as shift
WARNING: shift/reduce conflict for ASSERT in state 245 resolved as shift
WARNING: shift/reduce conflict for ASSERT_EQ in state 245 resolved as shift
WARNING: shift/reduce conflict for ATTEMPT in state 245 resolved as shift
WARNING: shift/reduce conflict for FALLBACK in state 245 resolved as shift
WARNING: shift/reduce conflict for INT in state 245 resolved as shift
WARNING: shift/reduce conflict for STR in state 245 resolved as shift
WARNING: shift/reduce conflict for BOOL in state 245 resolved as shift
WARNING: shift/reduce conflict for FLOAT in state 245 resolved as shift
WARNING: shift/reduce conflict for LBRACKET in state 260 resolved as shift
WARNING: shift/reduce conflict for DOT in state 260 resolved as shift
WARNING: shift/reduce conflict for ADD in state 260 resolved as shift
WARNING: shift/reduce conflict for SUB in state 260 resolved as shift
WARNING: shift/reduce conflict for MUL in state 260 resolved as shift
WARNING: shift/reduce conflict for DIV in state 260 resolved as shift
WARNING: shift/reduce conflict for MOD in state 260 resolved as shift
WARNING: shift/reduce conflict for POW in state 260 resolved as shift
WARNING: shift/reduce conflict for GT in state 260 resolved as shift
WARNING: shift/reduce conflict for LT in state 260 resolved as shift
WARNING: shift/reduce conflict for GE in state 260 resolved as shift
WARNING: shift/reduce conflict for LE in state 260 resolved as shift
WARNING: shift/reduce conflict for EQ in state 260 resolved as shift
WARNING: shift/reduce conflict for NE in state 260 resolved as shift
WARNING: shift/reduce conflict for AND in state 260 resolved as shift
WARNING: shift/reduce conflict for OR in state 260 resolved as shift
WARNING: shift/reduce conflict for LPAREN in state 267 resolved as shift
WARNING: shift/reduce conflict for NOT in state 267 resolved as shift
WARNING: shift/reduce conflict for SUB in state 267 resolved as shift
WARNING: shift/reduce conflict for LBRACKET in state 267 resolved as shift
WARNING: shift/reduce conflict for LBRACE in state 267 resolved as shift
WARNING: shift/reduce conflict for LAMBDA in state 267 resolved as shift
WARNING: shift/reduce conflict for LET in state 267 resolved as shift
WARNING: shift/reduce conflict for ID in state 267 resolved as shift
WARNING: shift/reduce conflict for DISP in state 267 resolved as shift
WARNING: shift/reduce conflict for ENTRY in state 267 resolved as shift
WARNING: shift/reduce conflict for IF in state 267 resolved as shift
WARNING: shift/reduce conflict for WHILE in state 267 resolved as shift
WARNING: shift/reduce conflict for FUNCTION in state 267 resolved as shift
WARNING: shift/reduce conflict for FOR in state 267 resolved as shift
WARNING: shift/reduce conflict for CONT in state 267 resolved as shift
WARNING: shift/reduce conflict for BREAK in state 267 resolved as shift
WARNING: shift/reduce conflict for RETURN in state 267 resolved as shift
WARNING: shift/reduce conflict for TRY in state 267 resolved as shift
WARNING: shift/reduce conflict for THROW in state 267 resolved as shift
WARNING: shift/reduce conflict for ASSERT in state 267 resolved as shift
WARNING: shift/reduce conflict for ASSERT_EQ in state 267 resolved as shift
WARNING: shift/reduce conflict for ATTEMPT in state 267 resolved as shift
WARNING: shift/reduce conflict for INT in state 267 resolved as shift
WARNING: shift/reduce conflict for STR in state 267 resolved as shift
WARNING: shift/reduce conflict for BOOL in state 267 resolved as shift
WARNING: shift/reduce conflict for FLOAT in state 267 resolved as shift
WARNING: shift/reduce conflict for LPAREN in state 269 resolved as shift
WARNING: shift/reduce conflict for NOT in state 269 resolved as shift
WARNING: shift/reduce conflict for SUB in state 269 resolved as shift
WARNING: shift/reduce conflict for LBRACKET in state 269 resolved as shift
WARNING: shift/reduce conflict for LBRACE in state 269 resolved as shift
WARNING: shift/reduce conflict for LAMBDA in state 269 resolved as shift
WARNING: shift/reduce conflict for LET in state 269 resolved as shift
WARNING: shift/reduce conflict for ID in state 269 resolved as shift
WARNING: shift/reduce conflict for DISP in state 269 resolved as shift
WARNING: shift/reduce conflict for ENTRY in state 269 resolved as shift
WARNING: shift/reduce conflict for IF in state 269 resolved as shift
WARNING: shift/reduce conflict for WHILE in state 269 resolved as shift
WARNING: shift/reduce conflict for FUNCTION in state 269 resolved as shift
WARNING: shift/reduce conflict for FOR in state 269 resolved as shift
WARNING: shift/reduce conflict for CONT in state 269 resolved as shift
WARNING: shift/reduce conflict for BREAK in state 269 resolved as shift
WARNING: shift/reduce conflict for RETURN in state 269 resolved as shift
WARNING: shift/reduce conflict for TRY in state 269 resolved as shift
WARNING: shift/reduce conflict for THROW in state 269 resolved as shift
WARNING: shift/reduce conflict for ASSERT in state 269 resolved as shift
WARNING: shift/reduce conflict for ASSERT_EQ in state 269 resolved as shift
WARNING: shift/reduce conflict for ATTEMPT in state 269 resolved as shift
WARNING: shift/reduce conflict for INT in state 269 resolved as shift
WARNING: shift/reduce conflict for STR in state 269 resolved as shift
WARNING: shift/reduce conflict for BOOL in state 269 resolved as shift
WARNING: shift/reduce conflict for FLOAT in state 269 resolved as shift
WARNING: shift/reduce conflict for LPAREN in state 274 resolved as shift
WARNING: shift/reduce conflict for NOT in state 274 resolved as shift
WARNING: shift/reduce conflict for SUB in state 274 resolved as shift
WARNING: shift/reduce conflict for LBRACKET in state 274 resolved as shift
WARNING: shift/reduce conflict for LBRACE in state 274 resolved as shift
WARNING: shift/reduce conflict for LAMBDA in state 274 resolved as shift
WARNING: shift/reduce conflict for LET in state 274 resolved as shift
WARNING: shift/reduce conflict for ID in state 274 resolved as shift
WARNING: shift/reduce conflict for DISP in state 274 resolved as shift
WARNING: shift/reduce conflict for ENTRY in state 274 resolved as shift
WARNING: shift/reduce conflict for IF in state 274 resolved as shift
WARNING: shift/reduce conflict for WHILE in state 274 resolved as shift
WARNING: shift/reduce conflict for FUNCTION in state 274 resolved as shift
WARNING: shift/reduce conflict for FOR in state 274 resolved as shift
WARNING: shift/reduce conflict for CONT in state 274 resolved as shift
WARNING: shift/reduce conflict for BREAK in state 274 resolved as shift
WARNING: shift/reduce conflict for RETURN in state 274 resolved as shift
WARNING: shift/reduce conflict for TRY in state 274 resolved as shift
WARNING: shift/reduce conflict for THROW in state 274 resolved as shift
WARNING: shift/reduce conflict for ASSERT in state 274 resolved as shift
WARNING: shift/reduce conflict for ASSERT_EQ in state 274 resolved as shift
WARNING: shift/reduce conflict for ATTEMPT in state 274 resolved as shift
WARNING: shift/reduce conflict for LPAREN in state 274 resolved as shift
WARNING: shift/reduce conflict for NOT in state 274 resolved as shift
WARNING: shift/reduce conflict for SUB in state 274 resolved as shift
WARNING: shift/reduce conflict for LBRACKET in state 274 resolved as shift
WARNING: shift/reduce conflict for LBRACE in state 274 resolved as shift
WARNING: shift/reduce conflict for LAMBDA in state 274 resolved as shift
WARNING: shift/reduce conflict for LET in state 274 resolved as shift
WARNING: shift/reduce conflict for ID in state 274 resolved as shift
WARNING: shift/reduce conflict for DISP in state 274 resolved as shift
WARNING: shift/reduce conflict for ENTRY in state 274 resolved as shift
WARNING: shift/reduce conflict for IF in state 274 resolved as shift
WARNING: shift/reduce conflict for WHILE in state 274 resolved as shift
WARNING: shift/reduce conflict for FUNCTION in state 274 resolved as shift
WARNING: shift/reduce conflict for FOR in state 274 resolved as shift
WARNING: shift/reduce conflict for CONT in state 274 resolved as shift
WARNING: shift/reduce conflict for BREAK in state 274 resolved as shift
WARNING: shift/reduce conflict for RETURN in state 274 resolved as shift
WARNING: shift/reduce conflict for TRY in state 274 resolved as shift
WARNING: shift/reduce conflict for THROW in state 274 resolved as shift
WARNING: shift/reduce conflict for ASSERT in state 274 resolved as shift
WARNING: shift/reduce conflict for ASSERT_EQ in state 274 resolved as shift
WARNING: shift/reduce conflict for ATTEMPT in state 274 resolved as shift
WARNING: shift/reduce conflict for INT in state 274 resolved as shift
WARNING: shift/reduce conflict for STR in state 274 resolved as shift
WARNING: shift/reduce conflict for BOOL in state 274 resolved as shift
WARNING: shift/reduce conflict for FLOAT in state 274 resolved as shift
WARNING: shift/reduce conflict for LPAREN in state 276 resolved as shift
WARNING: shift/reduce conflict for NOT in state 276 resolved as shift
WARNING: shift/reduce conflict for SUB in state 276 resolved as shift
WARNING: shift/reduce conflict for LBRACKET in state 276 resolved as shift
WARNING: shift/reduce conflict for LBRACE in state 276 resolved as shift
WARNING: shift/reduce conflict for LAMBDA in state 276 resolved as shift
WARNING: shift/reduce conflict for LET in state 276 resolved as shift
WARNING: shift/reduce conflict for ID in state 276 resolved as shift
WARNING: shift/reduce conflict for DISP in state 276 resolved as shift
WARNING: shift/reduce conflict for ENTRY in state 276 resolved as shift
WARNING: shift/reduce conflict for IF in state 276 resolved as shift
WARNING: shift/reduce conflict for WHILE in state 276 resolved as shift
WARNING: shift/reduce conflict for FUNCTION in state 276 resolved as shift
WARNING: shift/reduce conflict for FOR in state 276 resolved as shift
WARNING: shift/reduce conflict for CONT in state 276 resolved as shift
WARNING: shift/reduce conflict for BREAK in state 276 resolved as shift
WARNING: shift/reduce conflict for RETURN in state 276 resolved as shift
WARNING: shift/reduce conflict for TRY in state 276 resolved as shift
WARNING: shift/reduce conflict for THROW in state 276 resolved as shift
WARNING: shift/reduce conflict for ASSERT in state 276 resolved as shift
WARNING: shift/reduce conflict for ASSERT_EQ in state 276 resolved as shift
WARNING: shift/reduce conflict for ATTEMPT in state 276 resolved as shift
WARNING: shift/reduce conflict for LPAREN in state 276 resolved as shift
WARNING: shift/reduce conflict for NOT in state 276 resolved as shift
WARNING: shift/reduce conflict for SUB in state 276 resolved as shift
WARNING: shift/reduce conflict for LBRACKET in state 276 resolved as shift
WARNING: shift/reduce conflict for LBRACE in state 276 resolved as shift
WARNING: shift/reduce conflict for LAMBDA in state 276 resolved as shift
WARNING: shift/reduce conflict for LET in state 276 resolved as shift
WARNING: shift/reduce conflict for ID in state 276 resolved as shift
WARNING: shift/reduce conflict for DISP in state 276 resolved as shift
WARNING: shift/reduce conflict for ENTRY in state 276 resolved as shift
WARNING: shift/reduce conflict for IF in state 276 resolved as shift
WARNING: shift/reduce conflict for WHILE in state 276 resolved as shift
WARNING: shift/reduce conflict for FUNCTION in state 276 resolved as shift
WARNING: shift/reduce conflict for FOR in state 276 resolved as shift
WARNING: shift/reduce conflict for CONT in state 276 resolved as shift
WARNING: shift/reduce conflict for BREAK in state 276 resolved as shift
WARNING: shift/reduce conflict for RETURN in state 276 resolved as shift
WARNING: shift/reduce conflict for TRY in state 276 resolved as shift
WARNING: shift/reduce conflict for THROW in state 276 resolved as shift
WARNING: shift/reduce conflict for ASSERT in state 276 resolved as shift
WARNING: shift/reduce conflict for ASSERT_EQ in state 276 resolved as shift
WARNING: shift/reduce conflict for ATTEMPT in state 276 resolved as shift
WARNING: shift/reduce conflict for INT in state 276 resolved as shift
WARNING: shift/reduce conflict for STR in state 276 resolved as shift
WARNING: shift/reduce conflict for BOOL in state 276 resolved as shift
WARNING: shift/reduce conflict for FLOAT in state 276 resolved as shift
WARNING: shift/reduce conflict for LPAREN in state 278 resolved as shift
WARNING: shift/reduce conflict for NOT in state 278 resolved as shift
WARNING: shift/reduce conflict for SUB in state 278 resolved as shift
WARNING: shift/reduce conflict for LBRACKET in state 278 resolved as shift
WARNING: shift/reduce conflict for LBRACE in state 278 resolved as shift
WARNING: shift/reduce conflict for LAMBDA in state 278 resolved as shift
WARNING: shift/reduce conflict for LET in state 278 resolved as shift
WARNING: shift/reduce conflict for ID in state 278 resolved as shift
WARNING: shift/reduce conflict for DISP in state 278 resolved as shift
WARNING: shift/reduce conflict for ENTRY in state 278 resolved as shift
WARNING: shift/reduce conflict for IF in state 278 resolved as shift
WARNING: shift/reduce conflict for WHILE in state 278 resolved as shift
WARNING: shift/reduce conflict for FUNCTION in state 278 resolved as shift
WARNING: shift/reduce conflict for FOR in state 278 resolved as shift
WARNING: shift/reduce conflict for CONT in state 278 resolved as shift
WARNING: shift/reduce conflict for BREAK in state 278 resolved as shift
WARNING: shift/reduce conflict for RETURN in state 278 resolved as shift
WARNING: shift/reduce conflict for TRY in state 278 resolved as shift
WARNING: shift/reduce conflict for THROW in state 278 resolved as shift
WARNING: shift/reduce conflict for ASSERT in state 278 resolved as shift
WARNING: shift/reduce conflict for ASSERT_EQ in state 278 resolved as shift
WARNING: shift/reduce conflict for ATTEMPT in state 278 resolved as shift
WARNING: shift/reduce conflict for INT in state 278 resolved as shift
WARNING: shift/reduce conflict for STR in state 278 resolved as shift
WARNING: shift/reduce conflict for BOOL in state 278 resolved as shift
WARNING: shift/reduce conflict for FLOAT in state 278 resolved as shift
WARNING: shift/reduce conflict for LPAREN in state 280 resolved as shift
WARNING: shift/reduce conflict for NOT in state 280 resolved as shift
WARNING: shift/reduce conflict for SUB in state 280 resolved as shift
WARNING: shift/reduce conflict for LBRACKET in state 280 resolved as shift
WARNING: shift/reduce conflict for LBRACE in state 280 resolved as shift
WARNING: shift/reduce conflict for LAMBDA in state 280 resolved as shift
WARNING: shift/reduce conflict for LET in state 280 resolved as shift
WARNING: shift/reduce conflict for ID in state 280 resolved as shift
WARNING: shift/reduce conflict for DISP in state 280 resolved as shift
WARNING: shift/reduce conflict for ENTRY in state 280 resolved as shift
WARNING: shift/reduce conflict for IF in state 280 resolved as shift
WARNING: shift/reduce conflict for WHILE in state 280 resolved as shift
WARNING: shift/reduce conflict for FUNCTION in state 280 resolved as shift
WARNING: shift/reduce conflict for FOR in state 280 resolved as shift
WARNING: shift/reduce conflict for CONT in state 280 resolved as shift
WARNING: shift/reduce conflict for BREAK in state 280 resolved as shift
WARNING: shift/reduce conflict for RETURN in state 280 resolved as shift
WARNING: shift/reduce conflict for TRY in state 280 resolved as shift
WARNING: shift/reduce conflict for THROW in state 280 resolved as shift
WARNING: shift/reduce conflict for ASSERT in state 280 resolved as shift
WARNING: shift/reduce conflict for ASSERT_EQ in state 280 resolved as shift
WARNING: shift/reduce conflict for ATTEMPT in state 280 resolved as shift
WARNING: shift/reduce conflict for LPAREN in state 280 resolved as shift
WARNING: shift/reduce conflict for NOT in state 280 resolved as shift
WARNING: shift/reduce conflict for SUB in state 280 resolved as shift
WARNING: shift/reduce conflict for LBRACKET in state 280 resolved as shift
WARNING: shift/reduce conflict for LBRACE in state 280 resolved as shift
WARNING: shift/reduce conflict for LAMBDA in state 280 resolved as shift
WARNING: shift/reduce conflict for LET in state 280 resolved as shift
WARNING: shift/reduce conflict for ID in state 280 resolved as shift
WARNING: shift/reduce conflict for DISP in state 280 resolved as shift
WARNING: shift/reduce conflict for ENTRY in state 280 resolved as shift
WARNING: shift/reduce conflict for IF in state 280 resolved as shift
WARNING: shift/reduce conflict for WHILE in state 280 resolved as shift
WARNING: shift/reduce conflict for FUNCTION in state 280 resolved as shift
WARNING: shift/reduce conflict for FOR in state 280 resolved as shift
WARNING: shift/reduce conflict for CONT in state 280 resolved as shift
WARNING: shift/reduce conflict for BREAK in state 280 resolved as shift
WARNING: shift/reduce conflict for RETURN in state 280 resolved as shift
WARNING: shift/reduce conflict for TRY in state 280 resolved as shift
WARNING: shift/reduce conflict for THROW in state 280 resolved as shift
WARNING: shift/reduce conflict for ASSERT in state 280 resolved as shift
WARNING: shift/reduce conflict for ASSERT_EQ in state 280 resolved as shift
WARNING: shift/reduce conflict for ATTEMPT in state 280 resolved as shift
WARNING: shift/reduce conflict for INT in state 280 resolved as shift
WARNING: shift/reduce conflict for STR in state 280 resolved as shift
WARNING: shift/reduce conflict for BOOL in state 280 resolved as shift
WARNING: shift/reduce conflict for FLOAT in state 280 resolved as shift
WARNING: reduce/reduce conflict in state 2 resolved using rule (program -> statements)
WARNING: rejected rule (empty -> <empty>) in state 2
WARNING: reduce/reduce conflict in state 17 resolved using rule (statement -> call_stmt)
WARNING: rejected rule (expression -> call_stmt) in state 17
WARNING: reduce/reduce conflict in state 242 resolved using rule (try_ok_stmt -> TRY COLON statements OK_CHECK COLON statements)
WARNING: rejected rule (empty -> <empty>) in state 242
WARNING: reduce/reduce conflict in state 244 resolved using rule (statement -> block)
WARNING: rejected rule (attempt_stmt -> ATTEMPT LPAREN expression RPAREN COLON block) in state 244
WARNING: reduce/reduce conflict in state 245 resolved using rule (attempt_stmt -> ATTEMPT LPAREN expression RPAREN COLON statements)
WARNING: rejected rule (empty -> <empty>) in state 245
WARNING: reduce/reduce conflict in state 274 resolved using rule (try_ok_stmt -> TRY COLON statements OK_CHECK LBRACKET ID RBRACKET COLON statements)
WARNING: rejected rule (empty -> <empty>) in state 274
WARNING: reduce/reduce conflict in state 276 resolved using rule (attempt_stmt -> ATTEMPT LPAREN expression RPAREN COLON statements FALLBACK COLON statements)
WARNING: rejected rule (empty -> <empty>) in state 276
WARNING: reduce/reduce conflict in state 280 resolved using rule (try_ok_stmt -> TRY COLON statements OK_CHECK LBRACKET ID COMMA ID RBRACKET COLON statements)
WARNING: rejected rule (empty -> <empty>) in state 280
WARNING: Rule (attempt_stmt -> ATTEMPT LPAREN expression RPAREN COLON block) is never reduced
